0 info it worked if it ends with ok
1 verbose cli [
1 verbose cli   '/opt/homebrew/Cellar/node/25.2.1/bin/node',
1 verbose cli   '/Users/Duffis/node_modules/.bin/npm',
1 verbose cli   'install'
1 verbose cli ]
2 info using npm@2.15.12
3 info using node@v25.2.1
4 verbose readDependencies loading dependencies from /Users/Duffis/Desktop/software.nosync/jams-journal-app/package.json
5 verbose install where, deps [
5 verbose install   '/Users/Duffis/Desktop/software.nosync/jams-journal-app',
5 verbose install   [
5 verbose install     '@apollo/client',
5 verbose install     '@expo/vector-icons',
5 verbose install     '@react-native-async-storage/async-storage',
5 verbose install     '@react-navigation/bottom-tabs',
5 verbose install     '@react-navigation/material-top-tabs',
5 verbose install     '@react-navigation/native',
5 verbose install     '@react-navigation/native-stack',
5 verbose install     '@rneui/base',
5 verbose install     '@rneui/themed',
5 verbose install     '@supabase/supabase-js',
5 verbose install     'expo',
5 verbose install     'expo-blur',
5 verbose install     'expo-constants',
5 verbose install     'expo-device',
5 verbose install     'expo-font',
5 verbose install     'expo-notifications',
5 verbose install     'expo-splash-screen',
5 verbose install     'expo-status-bar',
5 verbose install     'graphql',
5 verbose install     'react',
5 verbose install     'react-dom',
5 verbose install     'react-native',
5 verbose install     'react-native-dotenv',
5 verbose install     'react-native-markdown-display',
5 verbose install     'react-native-pager-view',
5 verbose install     'react-native-render-html',
5 verbose install     'react-native-safe-area-context',
5 verbose install     'react-native-screens',
5 verbose install     'react-native-tab-view',
5 verbose install     'react-native-url-polyfill',
5 verbose install     'react-native-web',
5 verbose install     'react-native-webview',
5 verbose install     'react-native-youtube-iframe',
5 verbose install     'rxjs',
5 verbose install     '@babel/core',
5 verbose install     '@react-native-community/cli',
5 verbose install     '@react-native-community/cli-platform-ios'
5 verbose install   ]
5 verbose install ]
6 verbose install where, peers [ '/Users/Duffis/Desktop/software.nosync/jams-journal-app', [] ]
7 verbose installManyTop reading for lifecycle /Users/Duffis/Desktop/software.nosync/jams-journal-app/package.json
8 info preinstall jams-journal-app@1.0.0
9 verbose installManyTop reading scoped package data from /Users/Duffis/Desktop/software.nosync/jams-journal-app/node_modules/abort-controller/package.json
10 verbose installManyTop reading scoped package data from /Users/Duffis/Desktop/software.nosync/jams-journal-app/node_modules/accepts/package.json
11 verbose installManyTop reading scoped package data from /Users/Duffis/Desktop/software.nosync/jams-journal-app/node_modules/acorn/package.json
12 verbose installManyTop reading scoped package data from /Users/Duffis/Desktop/software.nosync/jams-journal-app/node_modules/agent-base/package.json
13 verbose installManyTop reading scoped package data from /Users/Duffis/Desktop/software.nosync/jams-journal-app/node_modules/anser/package.json
14 verbose installManyTop reading scoped package data from /Users/Duffis/Desktop/software.nosync/jams-journal-app/node_modules/ansi-escapes/package.json
15 verbose installManyTop reading scoped package data from /Users/Duffis/Desktop/software.nosync/jams-journal-app/node_modules/ansi-fragments/package.json
16 verbose installManyTop reading scoped package data from /Users/Duffis/Desktop/software.nosync/jams-journal-app/node_modules/ansi-regex/package.json
17 verbose installManyTop reading scoped package data from /Users/Duffis/Desktop/software.nosync/jams-journal-app/node_modules/ansi-styles/package.json
18 verbose installManyTop reading scoped package data from /Users/Duffis/Desktop/software.nosync/jams-journal-app/node_modules/any-promise/package.json
19 verbose installManyTop reading scoped package data from /Users/Duffis/Desktop/software.nosync/jams-journal-app/node_modules/anymatch/package.json
20 verbose installManyTop reading scoped package data from /Users/Duffis/Desktop/software.nosync/jams-journal-app/node_modules/appdirsjs/package.json
21 verbose installManyTop reading scoped package data from /Users/Duffis/Desktop/software.nosync/jams-journal-app/node_modules/arg/package.json
22 verbose installManyTop reading scoped package data from /Users/Duffis/Desktop/software.nosync/jams-journal-app/node_modules/argparse/package.json
23 verbose installManyTop reading scoped package data from /Users/Duffis/Desktop/software.nosync/jams-journal-app/node_modules/asap/package.json
24 verbose installManyTop reading scoped package data from /Users/Duffis/Desktop/software.nosync/jams-journal-app/node_modules/astral-regex/package.json
25 verbose installManyTop reading scoped package data from /Users/Duffis/Desktop/software.nosync/jams-journal-app/node_modules/async-limiter/package.json
26 verbose installManyTop reading scoped package data from /Users/Duffis/Desktop/software.nosync/jams-journal-app/node_modules/babel-jest/package.json
27 verbose installManyTop reading scoped package data from /Users/Duffis/Desktop/software.nosync/jams-journal-app/node_modules/babel-plugin-istanbul/package.json
28 verbose installManyTop reading scoped package data from /Users/Duffis/Desktop/software.nosync/jams-journal-app/node_modules/babel-plugin-jest-hoist/package.json
29 verbose installManyTop reading scoped package data from /Users/Duffis/Desktop/software.nosync/jams-journal-app/node_modules/babel-plugin-polyfill-corejs2/package.json
30 verbose installManyTop reading scoped package data from /Users/Duffis/Desktop/software.nosync/jams-journal-app/node_modules/babel-plugin-polyfill-corejs3/package.json
31 verbose installManyTop reading scoped package data from /Users/Duffis/Desktop/software.nosync/jams-journal-app/node_modules/babel-plugin-polyfill-regenerator/package.json
32 verbose installManyTop reading scoped package data from /Users/Duffis/Desktop/software.nosync/jams-journal-app/node_modules/babel-plugin-react-compiler/package.json
33 verbose installManyTop reading scoped package data from /Users/Duffis/Desktop/software.nosync/jams-journal-app/node_modules/babel-plugin-react-native-web/package.json
34 verbose installManyTop reading scoped package data from /Users/Duffis/Desktop/software.nosync/jams-journal-app/node_modules/babel-plugin-syntax-hermes-parser/package.json
35 verbose installManyTop reading scoped package data from /Users/Duffis/Desktop/software.nosync/jams-journal-app/node_modules/babel-plugin-transform-flow-enums/package.json
36 verbose installManyTop reading scoped package data from /Users/Duffis/Desktop/software.nosync/jams-journal-app/node_modules/babel-preset-current-node-syntax/package.json
37 verbose installManyTop reading scoped package data from /Users/Duffis/Desktop/software.nosync/jams-journal-app/node_modules/babel-preset-expo/package.json
38 verbose installManyTop reading scoped package data from /Users/Duffis/Desktop/software.nosync/jams-journal-app/node_modules/babel-preset-jest/package.json
39 verbose installManyTop reading scoped package data from /Users/Duffis/Desktop/software.nosync/jams-journal-app/node_modules/balanced-match/package.json
40 verbose installManyTop reading scoped package data from /Users/Duffis/Desktop/software.nosync/jams-journal-app/node_modules/base64-js/package.json
41 verbose installManyTop reading scoped package data from /Users/Duffis/Desktop/software.nosync/jams-journal-app/node_modules/baseline-browser-mapping/package.json
42 verbose installManyTop reading scoped package data from /Users/Duffis/Desktop/software.nosync/jams-journal-app/node_modules/better-opn/package.json
43 verbose installManyTop reading scoped package data from /Users/Duffis/Desktop/software.nosync/jams-journal-app/node_modules/big-integer/package.json
44 verbose installManyTop reading scoped package data from /Users/Duffis/Desktop/software.nosync/jams-journal-app/node_modules/bl/package.json
45 verbose installManyTop reading scoped package data from /Users/Duffis/Desktop/software.nosync/jams-journal-app/node_modules/body-parser/package.json
46 verbose installManyTop reading scoped package data from /Users/Duffis/Desktop/software.nosync/jams-journal-app/node_modules/bplist-creator/package.json
47 verbose installManyTop reading scoped package data from /Users/Duffis/Desktop/software.nosync/jams-journal-app/node_modules/bplist-parser/package.json
48 verbose installManyTop reading scoped package data from /Users/Duffis/Desktop/software.nosync/jams-journal-app/node_modules/brace-expansion/package.json
49 verbose installManyTop reading scoped package data from /Users/Duffis/Desktop/software.nosync/jams-journal-app/node_modules/braces/package.json
50 verbose installManyTop reading scoped package data from /Users/Duffis/Desktop/software.nosync/jams-journal-app/node_modules/browserslist/package.json
51 verbose installManyTop reading scoped package data from /Users/Duffis/Desktop/software.nosync/jams-journal-app/node_modules/bser/package.json
52 verbose installManyTop reading scoped package data from /Users/Duffis/Desktop/software.nosync/jams-journal-app/node_modules/buffer/package.json
53 verbose installManyTop reading scoped package data from /Users/Duffis/Desktop/software.nosync/jams-journal-app/node_modules/buffer-from/package.json
54 verbose installManyTop reading scoped package data from /Users/Duffis/Desktop/software.nosync/jams-journal-app/node_modules/bytes/package.json
55 verbose installManyTop reading scoped package data from /Users/Duffis/Desktop/software.nosync/jams-journal-app/node_modules/call-bind-apply-helpers/package.json
56 verbose installManyTop reading scoped package data from /Users/Duffis/Desktop/software.nosync/jams-journal-app/node_modules/call-bound/package.json
57 verbose installManyTop reading scoped package data from /Users/Duffis/Desktop/software.nosync/jams-journal-app/node_modules/callsites/package.json
58 verbose installManyTop reading scoped package data from /Users/Duffis/Desktop/software.nosync/jams-journal-app/node_modules/camelcase/package.json
59 verbose installManyTop reading scoped package data from /Users/Duffis/Desktop/software.nosync/jams-journal-app/node_modules/camelize/package.json
60 verbose installManyTop reading scoped package data from /Users/Duffis/Desktop/software.nosync/jams-journal-app/node_modules/caniuse-lite/package.json
61 verbose installManyTop reading scoped package data from /Users/Duffis/Desktop/software.nosync/jams-journal-app/node_modules/chalk/package.json
62 verbose installManyTop reading scoped package data from /Users/Duffis/Desktop/software.nosync/jams-journal-app/node_modules/character-entities-html4/package.json
63 verbose installManyTop reading scoped package data from /Users/Duffis/Desktop/software.nosync/jams-journal-app/node_modules/character-entities-legacy/package.json
64 verbose installManyTop reading scoped package data from /Users/Duffis/Desktop/software.nosync/jams-journal-app/node_modules/chownr/package.json
65 verbose installManyTop reading scoped package data from /Users/Duffis/Desktop/software.nosync/jams-journal-app/node_modules/chrome-launcher/package.json
66 verbose installManyTop reading scoped package data from /Users/Duffis/Desktop/software.nosync/jams-journal-app/node_modules/chromium-edge-launcher/package.json
67 verbose installManyTop reading scoped package data from /Users/Duffis/Desktop/software.nosync/jams-journal-app/node_modules/ci-info/package.json
68 verbose installManyTop reading scoped package data from /Users/Duffis/Desktop/software.nosync/jams-journal-app/node_modules/cli-cursor/package.json
69 verbose installManyTop reading scoped package data from /Users/Duffis/Desktop/software.nosync/jams-journal-app/node_modules/cli-spinners/package.json
70 verbose installManyTop reading scoped package data from /Users/Duffis/Desktop/software.nosync/jams-journal-app/node_modules/cliui/package.json
71 verbose installManyTop reading scoped package data from /Users/Duffis/Desktop/software.nosync/jams-journal-app/node_modules/clone/package.json
72 verbose installManyTop reading scoped package data from /Users/Duffis/Desktop/software.nosync/jams-journal-app/node_modules/color/package.json
73 verbose installManyTop reading scoped package data from /Users/Duffis/Desktop/software.nosync/jams-journal-app/node_modules/color-convert/package.json
74 verbose installManyTop reading scoped package data from /Users/Duffis/Desktop/software.nosync/jams-journal-app/node_modules/color-name/package.json
75 verbose installManyTop reading scoped package data from /Users/Duffis/Desktop/software.nosync/jams-journal-app/node_modules/color-string/package.json
76 verbose installManyTop reading scoped package data from /Users/Duffis/Desktop/software.nosync/jams-journal-app/node_modules/colorette/package.json
77 verbose installManyTop reading scoped package data from /Users/Duffis/Desktop/software.nosync/jams-journal-app/node_modules/command-exists/package.json
78 verbose installManyTop reading scoped package data from /Users/Duffis/Desktop/software.nosync/jams-journal-app/node_modules/commander/package.json
79 verbose installManyTop reading scoped package data from /Users/Duffis/Desktop/software.nosync/jams-journal-app/node_modules/compressible/package.json
80 verbose installManyTop reading scoped package data from /Users/Duffis/Desktop/software.nosync/jams-journal-app/node_modules/compression/package.json
81 verbose installManyTop reading scoped package data from /Users/Duffis/Desktop/software.nosync/jams-journal-app/node_modules/concat-map/package.json
82 verbose installManyTop reading scoped package data from /Users/Duffis/Desktop/software.nosync/jams-journal-app/node_modules/connect/package.json
83 verbose installManyTop reading scoped package data from /Users/Duffis/Desktop/software.nosync/jams-journal-app/node_modules/content-type/package.json
84 verbose installManyTop reading scoped package data from /Users/Duffis/Desktop/software.nosync/jams-journal-app/node_modules/convert-source-map/package.json
85 verbose installManyTop reading scoped package data from /Users/Duffis/Desktop/software.nosync/jams-journal-app/node_modules/core-js-compat/package.json
86 verbose installManyTop reading scoped package data from /Users/Duffis/Desktop/software.nosync/jams-journal-app/node_modules/cosmiconfig/package.json
87 verbose installManyTop reading scoped package data from /Users/Duffis/Desktop/software.nosync/jams-journal-app/node_modules/cross-fetch/package.json
88 verbose installManyTop reading scoped package data from /Users/Duffis/Desktop/software.nosync/jams-journal-app/node_modules/cross-spawn/package.json
89 verbose installManyTop reading scoped package data from /Users/Duffis/Desktop/software.nosync/jams-journal-app/node_modules/crypto-random-string/package.json
90 verbose installManyTop reading scoped package data from /Users/Duffis/Desktop/software.nosync/jams-journal-app/node_modules/css-color-keywords/package.json
91 verbose installManyTop reading scoped package data from /Users/Duffis/Desktop/software.nosync/jams-journal-app/node_modules/css-in-js-utils/package.json
92 verbose installManyTop reading scoped package data from /Users/Duffis/Desktop/software.nosync/jams-journal-app/node_modules/css-to-react-native/package.json
93 verbose installManyTop reading scoped package data from /Users/Duffis/Desktop/software.nosync/jams-journal-app/node_modules/csstype/package.json
94 verbose installManyTop reading scoped package data from /Users/Duffis/Desktop/software.nosync/jams-journal-app/node_modules/dayjs/package.json
95 verbose installManyTop reading scoped package data from /Users/Duffis/Desktop/software.nosync/jams-journal-app/node_modules/debug/package.json
96 verbose installManyTop reading scoped package data from /Users/Duffis/Desktop/software.nosync/jams-journal-app/node_modules/decamelize/package.json
97 verbose installManyTop reading scoped package data from /Users/Duffis/Desktop/software.nosync/jams-journal-app/node_modules/decode-uri-component/package.json
98 verbose installManyTop reading scoped package data from /Users/Duffis/Desktop/software.nosync/jams-journal-app/node_modules/deep-extend/package.json
99 verbose installManyTop reading scoped package data from /Users/Duffis/Desktop/software.nosync/jams-journal-app/node_modules/deepmerge/package.json
100 verbose installManyTop reading scoped package data from /Users/Duffis/Desktop/software.nosync/jams-journal-app/node_modules/defaults/package.json
101 verbose installManyTop reading scoped package data from /Users/Duffis/Desktop/software.nosync/jams-journal-app/node_modules/define-lazy-prop/package.json
102 verbose installManyTop reading scoped package data from /Users/Duffis/Desktop/software.nosync/jams-journal-app/node_modules/depd/package.json
103 verbose installManyTop reading scoped package data from /Users/Duffis/Desktop/software.nosync/jams-journal-app/node_modules/destroy/package.json
104 verbose installManyTop reading scoped package data from /Users/Duffis/Desktop/software.nosync/jams-journal-app/node_modules/detect-libc/package.json
105 verbose installManyTop reading scoped package data from /Users/Duffis/Desktop/software.nosync/jams-journal-app/node_modules/dom-serializer/package.json
106 verbose installManyTop reading scoped package data from /Users/Duffis/Desktop/software.nosync/jams-journal-app/node_modules/domelementtype/package.json
107 verbose installManyTop reading scoped package data from /Users/Duffis/Desktop/software.nosync/jams-journal-app/node_modules/domhandler/package.json
108 verbose installManyTop reading scoped package data from /Users/Duffis/Desktop/software.nosync/jams-journal-app/node_modules/domutils/package.json
109 verbose installManyTop reading scoped package data from /Users/Duffis/Desktop/software.nosync/jams-journal-app/node_modules/dotenv/package.json
110 verbose installManyTop reading scoped package data from /Users/Duffis/Desktop/software.nosync/jams-journal-app/node_modules/dotenv-expand/package.json
111 verbose installManyTop reading scoped package data from /Users/Duffis/Desktop/software.nosync/jams-journal-app/node_modules/dunder-proto/package.json
112 verbose installManyTop reading scoped package data from /Users/Duffis/Desktop/software.nosync/jams-journal-app/node_modules/ee-first/package.json
113 verbose installManyTop reading scoped package data from /Users/Duffis/Desktop/software.nosync/jams-journal-app/node_modules/electron-to-chromium/package.json
114 verbose installManyTop reading scoped package data from /Users/Duffis/Desktop/software.nosync/jams-journal-app/node_modules/encodeurl/package.json
115 verbose installManyTop reading scoped package data from /Users/Duffis/Desktop/software.nosync/jams-journal-app/node_modules/entities/package.json
116 verbose installManyTop reading scoped package data from /Users/Duffis/Desktop/software.nosync/jams-journal-app/node_modules/env-editor/package.json
117 verbose installManyTop reading scoped package data from /Users/Duffis/Desktop/software.nosync/jams-journal-app/node_modules/env-paths/package.json
118 verbose installManyTop reading scoped package data from /Users/Duffis/Desktop/software.nosync/jams-journal-app/node_modules/envinfo/package.json
119 verbose installManyTop reading scoped package data from /Users/Duffis/Desktop/software.nosync/jams-journal-app/node_modules/error-ex/package.json
120 verbose installManyTop reading scoped package data from /Users/Duffis/Desktop/software.nosync/jams-journal-app/node_modules/error-stack-parser/package.json
121 verbose installManyTop reading scoped package data from /Users/Duffis/Desktop/software.nosync/jams-journal-app/node_modules/errorhandler/package.json
122 verbose installManyTop reading scoped package data from /Users/Duffis/Desktop/software.nosync/jams-journal-app/node_modules/es-define-property/package.json
123 verbose installManyTop reading scoped package data from /Users/Duffis/Desktop/software.nosync/jams-journal-app/node_modules/es-errors/package.json
124 verbose installManyTop reading scoped package data from /Users/Duffis/Desktop/software.nosync/jams-journal-app/node_modules/es-object-atoms/package.json
125 verbose installManyTop reading scoped package data from /Users/Duffis/Desktop/software.nosync/jams-journal-app/node_modules/escalade/package.json
126 verbose installManyTop reading scoped package data from /Users/Duffis/Desktop/software.nosync/jams-journal-app/node_modules/escape-html/package.json
127 verbose installManyTop reading scoped package data from /Users/Duffis/Desktop/software.nosync/jams-journal-app/node_modules/escape-string-regexp/package.json
128 verbose installManyTop reading scoped package data from /Users/Duffis/Desktop/software.nosync/jams-journal-app/node_modules/esprima/package.json
129 verbose installManyTop reading scoped package data from /Users/Duffis/Desktop/software.nosync/jams-journal-app/node_modules/etag/package.json
130 verbose installManyTop reading scoped package data from /Users/Duffis/Desktop/software.nosync/jams-journal-app/node_modules/event-target-shim/package.json
131 verbose installManyTop reading scoped package data from /Users/Duffis/Desktop/software.nosync/jams-journal-app/node_modules/events/package.json
132 verbose installManyTop reading scoped package data from /Users/Duffis/Desktop/software.nosync/jams-journal-app/node_modules/exec-async/package.json
133 verbose installManyTop reading scoped package data from /Users/Duffis/Desktop/software.nosync/jams-journal-app/node_modules/execa/package.json
134 verbose installManyTop reading scoped package data from /Users/Duffis/Desktop/software.nosync/jams-journal-app/node_modules/expo/package.json
135 verbose installManyTop reading scoped package data from /Users/Duffis/Desktop/software.nosync/jams-journal-app/node_modules/expo-asset/package.json
136 verbose installManyTop reading scoped package data from /Users/Duffis/Desktop/software.nosync/jams-journal-app/node_modules/expo-constants/package.json
137 verbose installManyTop reading scoped package data from /Users/Duffis/Desktop/software.nosync/jams-journal-app/node_modules/expo-device/package.json
138 verbose installManyTop reading scoped package data from /Users/Duffis/Desktop/software.nosync/jams-journal-app/node_modules/expo-file-system/package.json
139 verbose installManyTop reading scoped package data from /Users/Duffis/Desktop/software.nosync/jams-journal-app/node_modules/expo-font/package.json
140 verbose installManyTop reading scoped package data from /Users/Duffis/Desktop/software.nosync/jams-journal-app/node_modules/expo-keep-awake/package.json
141 verbose installManyTop reading scoped package data from /Users/Duffis/Desktop/software.nosync/jams-journal-app/node_modules/expo-modules-autolinking/package.json
142 verbose installManyTop reading scoped package data from /Users/Duffis/Desktop/software.nosync/jams-journal-app/node_modules/expo-modules-core/package.json
143 verbose installManyTop reading scoped package data from /Users/Duffis/Desktop/software.nosync/jams-journal-app/node_modules/expo-notifications/package.json
144 verbose installManyTop reading scoped package data from /Users/Duffis/Desktop/software.nosync/jams-journal-app/node_modules/expo-server/package.json
145 verbose installManyTop reading scoped package data from /Users/Duffis/Desktop/software.nosync/jams-journal-app/node_modules/expo-splash-screen/package.json
146 verbose installManyTop reading scoped package data from /Users/Duffis/Desktop/software.nosync/jams-journal-app/node_modules/expo-status-bar/package.json
147 verbose installManyTop reading scoped package data from /Users/Duffis/Desktop/software.nosync/jams-journal-app/node_modules/exponential-backoff/package.json
148 verbose installManyTop reading scoped package data from /Users/Duffis/Desktop/software.nosync/jams-journal-app/node_modules/fast-deep-equal/package.json
149 verbose installManyTop reading scoped package data from /Users/Duffis/Desktop/software.nosync/jams-journal-app/node_modules/fast-glob/package.json
150 verbose installManyTop reading scoped package data from /Users/Duffis/Desktop/software.nosync/jams-journal-app/node_modules/fast-json-stable-stringify/package.json
151 verbose installManyTop reading scoped package data from /Users/Duffis/Desktop/software.nosync/jams-journal-app/node_modules/fast-xml-parser/package.json
152 verbose installManyTop reading scoped package data from /Users/Duffis/Desktop/software.nosync/jams-journal-app/node_modules/fastq/package.json
153 verbose installManyTop reading scoped package data from /Users/Duffis/Desktop/software.nosync/jams-journal-app/node_modules/fb-watchman/package.json
154 verbose installManyTop reading scoped package data from /Users/Duffis/Desktop/software.nosync/jams-journal-app/node_modules/fbjs/package.json
155 verbose installManyTop reading scoped package data from /Users/Duffis/Desktop/software.nosync/jams-journal-app/node_modules/fbjs-css-vars/package.json
156 verbose installManyTop reading scoped package data from /Users/Duffis/Desktop/software.nosync/jams-journal-app/node_modules/fdir/package.json
157 verbose installManyTop reading scoped package data from /Users/Duffis/Desktop/software.nosync/jams-journal-app/node_modules/fill-range/package.json
158 verbose installManyTop reading scoped package data from /Users/Duffis/Desktop/software.nosync/jams-journal-app/node_modules/filter-obj/package.json
159 verbose installManyTop reading scoped package data from /Users/Duffis/Desktop/software.nosync/jams-journal-app/node_modules/finalhandler/package.json
160 verbose installManyTop reading scoped package data from /Users/Duffis/Desktop/software.nosync/jams-journal-app/node_modules/find-up/package.json
161 verbose installManyTop reading scoped package data from /Users/Duffis/Desktop/software.nosync/jams-journal-app/node_modules/flow-enums-runtime/package.json
162 verbose installManyTop reading scoped package data from /Users/Duffis/Desktop/software.nosync/jams-journal-app/node_modules/fontfaceobserver/package.json
163 verbose installManyTop reading scoped package data from /Users/Duffis/Desktop/software.nosync/jams-journal-app/node_modules/freeport-async/package.json
164 verbose installManyTop reading scoped package data from /Users/Duffis/Desktop/software.nosync/jams-journal-app/node_modules/fresh/package.json
165 verbose installManyTop reading scoped package data from /Users/Duffis/Desktop/software.nosync/jams-journal-app/node_modules/fs-extra/package.json
166 verbose installManyTop reading scoped package data from /Users/Duffis/Desktop/software.nosync/jams-journal-app/node_modules/fs.realpath/package.json
167 verbose installManyTop reading scoped package data from /Users/Duffis/Desktop/software.nosync/jams-journal-app/node_modules/fsevents/package.json
168 verbose installManyTop reading scoped package data from /Users/Duffis/Desktop/software.nosync/jams-journal-app/node_modules/function-bind/package.json
169 verbose installManyTop reading scoped package data from /Users/Duffis/Desktop/software.nosync/jams-journal-app/node_modules/gensync/package.json
170 verbose installManyTop reading scoped package data from /Users/Duffis/Desktop/software.nosync/jams-journal-app/node_modules/get-caller-file/package.json
171 verbose installManyTop reading scoped package data from /Users/Duffis/Desktop/software.nosync/jams-journal-app/node_modules/get-intrinsic/package.json
172 verbose installManyTop reading scoped package data from /Users/Duffis/Desktop/software.nosync/jams-journal-app/node_modules/get-package-type/package.json
173 verbose installManyTop reading scoped package data from /Users/Duffis/Desktop/software.nosync/jams-journal-app/node_modules/get-proto/package.json
174 verbose installManyTop reading scoped package data from /Users/Duffis/Desktop/software.nosync/jams-journal-app/node_modules/get-stream/package.json
175 verbose installManyTop reading scoped package data from /Users/Duffis/Desktop/software.nosync/jams-journal-app/node_modules/getenv/package.json
176 verbose installManyTop reading scoped package data from /Users/Duffis/Desktop/software.nosync/jams-journal-app/node_modules/glob/package.json
177 verbose installManyTop reading scoped package data from /Users/Duffis/Desktop/software.nosync/jams-journal-app/node_modules/glob-parent/package.json
178 verbose installManyTop reading scoped package data from /Users/Duffis/Desktop/software.nosync/jams-journal-app/node_modules/global-dirs/package.json
179 verbose installManyTop reading scoped package data from /Users/Duffis/Desktop/software.nosync/jams-journal-app/node_modules/gopd/package.json
180 verbose installManyTop reading scoped package data from /Users/Duffis/Desktop/software.nosync/jams-journal-app/node_modules/graceful-fs/package.json
181 verbose installManyTop reading scoped package data from /Users/Duffis/Desktop/software.nosync/jams-journal-app/node_modules/graphql/package.json
182 verbose installManyTop reading scoped package data from /Users/Duffis/Desktop/software.nosync/jams-journal-app/node_modules/graphql-tag/package.json
183 verbose installManyTop reading scoped package data from /Users/Duffis/Desktop/software.nosync/jams-journal-app/node_modules/has-flag/package.json
184 verbose installManyTop reading scoped package data from /Users/Duffis/Desktop/software.nosync/jams-journal-app/node_modules/has-symbols/package.json
185 verbose installManyTop reading scoped package data from /Users/Duffis/Desktop/software.nosync/jams-journal-app/node_modules/hasown/package.json
186 verbose installManyTop reading scoped package data from /Users/Duffis/Desktop/software.nosync/jams-journal-app/node_modules/hermes-estree/package.json
187 verbose installManyTop reading scoped package data from /Users/Duffis/Desktop/software.nosync/jams-journal-app/node_modules/hermes-parser/package.json
188 verbose installManyTop reading scoped package data from /Users/Duffis/Desktop/software.nosync/jams-journal-app/node_modules/hoist-non-react-statics/package.json
189 verbose installManyTop reading scoped package data from /Users/Duffis/Desktop/software.nosync/jams-journal-app/node_modules/hosted-git-info/package.json
190 verbose installManyTop reading scoped package data from /Users/Duffis/Desktop/software.nosync/jams-journal-app/node_modules/htmlparser2/package.json
191 verbose installManyTop reading scoped package data from /Users/Duffis/Desktop/software.nosync/jams-journal-app/node_modules/http-errors/package.json
192 verbose installManyTop reading scoped package data from /Users/Duffis/Desktop/software.nosync/jams-journal-app/node_modules/https-proxy-agent/package.json
193 verbose installManyTop reading scoped package data from /Users/Duffis/Desktop/software.nosync/jams-journal-app/node_modules/human-signals/package.json
194 verbose installManyTop reading scoped package data from /Users/Duffis/Desktop/software.nosync/jams-journal-app/node_modules/hyphenate-style-name/package.json
195 verbose installManyTop reading scoped package data from /Users/Duffis/Desktop/software.nosync/jams-journal-app/node_modules/iceberg-js/package.json
196 verbose installManyTop reading scoped package data from /Users/Duffis/Desktop/software.nosync/jams-journal-app/node_modules/iconv-lite/package.json
197 verbose installManyTop reading scoped package data from /Users/Duffis/Desktop/software.nosync/jams-journal-app/node_modules/ieee754/package.json
198 verbose installManyTop reading scoped package data from /Users/Duffis/Desktop/software.nosync/jams-journal-app/node_modules/ignore/package.json
199 verbose installManyTop reading scoped package data from /Users/Duffis/Desktop/software.nosync/jams-journal-app/node_modules/image-size/package.json
200 verbose installManyTop reading scoped package data from /Users/Duffis/Desktop/software.nosync/jams-journal-app/node_modules/import-fresh/package.json
201 verbose installManyTop reading scoped package data from /Users/Duffis/Desktop/software.nosync/jams-journal-app/node_modules/imurmurhash/package.json
202 verbose installManyTop reading scoped package data from /Users/Duffis/Desktop/software.nosync/jams-journal-app/node_modules/inflight/package.json
203 verbose installManyTop reading scoped package data from /Users/Duffis/Desktop/software.nosync/jams-journal-app/node_modules/inherits/package.json
204 verbose installManyTop reading scoped package data from /Users/Duffis/Desktop/software.nosync/jams-journal-app/node_modules/ini/package.json
205 verbose installManyTop reading scoped package data from /Users/Duffis/Desktop/software.nosync/jams-journal-app/node_modules/inline-style-prefixer/package.json
206 verbose installManyTop reading scoped package data from /Users/Duffis/Desktop/software.nosync/jams-journal-app/node_modules/invariant/package.json
207 verbose installManyTop reading scoped package data from /Users/Duffis/Desktop/software.nosync/jams-journal-app/node_modules/is-arrayish/package.json
208 verbose installManyTop reading scoped package data from /Users/Duffis/Desktop/software.nosync/jams-journal-app/node_modules/is-core-module/package.json
209 verbose installManyTop reading scoped package data from /Users/Duffis/Desktop/software.nosync/jams-journal-app/node_modules/is-docker/package.json
210 verbose installManyTop reading scoped package data from /Users/Duffis/Desktop/software.nosync/jams-journal-app/node_modules/is-extglob/package.json
211 verbose installManyTop reading scoped package data from /Users/Duffis/Desktop/software.nosync/jams-journal-app/node_modules/is-fullwidth-code-point/package.json
212 verbose installManyTop reading scoped package data from /Users/Duffis/Desktop/software.nosync/jams-journal-app/node_modules/is-glob/package.json
213 verbose installManyTop reading scoped package data from /Users/Duffis/Desktop/software.nosync/jams-journal-app/node_modules/is-interactive/package.json
214 verbose installManyTop reading scoped package data from /Users/Duffis/Desktop/software.nosync/jams-journal-app/node_modules/is-number/package.json
215 verbose installManyTop reading scoped package data from /Users/Duffis/Desktop/software.nosync/jams-journal-app/node_modules/is-plain-obj/package.json
216 verbose installManyTop reading scoped package data from /Users/Duffis/Desktop/software.nosync/jams-journal-app/node_modules/is-stream/package.json
217 verbose installManyTop reading scoped package data from /Users/Duffis/Desktop/software.nosync/jams-journal-app/node_modules/is-unicode-supported/package.json
218 verbose installManyTop reading scoped package data from /Users/Duffis/Desktop/software.nosync/jams-journal-app/node_modules/is-wsl/package.json
219 verbose installManyTop reading scoped package data from /Users/Duffis/Desktop/software.nosync/jams-journal-app/node_modules/isexe/package.json
220 verbose installManyTop reading scoped package data from /Users/Duffis/Desktop/software.nosync/jams-journal-app/node_modules/istanbul-lib-coverage/package.json
221 verbose installManyTop reading scoped package data from /Users/Duffis/Desktop/software.nosync/jams-journal-app/node_modules/istanbul-lib-instrument/package.json
222 verbose installManyTop reading scoped package data from /Users/Duffis/Desktop/software.nosync/jams-journal-app/node_modules/jest-environment-node/package.json
223 verbose installManyTop reading scoped package data from /Users/Duffis/Desktop/software.nosync/jams-journal-app/node_modules/jest-get-type/package.json
224 verbose installManyTop reading scoped package data from /Users/Duffis/Desktop/software.nosync/jams-journal-app/node_modules/jest-haste-map/package.json
225 verbose installManyTop reading scoped package data from /Users/Duffis/Desktop/software.nosync/jams-journal-app/node_modules/jest-message-util/package.json
226 verbose installManyTop reading scoped package data from /Users/Duffis/Desktop/software.nosync/jams-journal-app/node_modules/jest-mock/package.json
227 verbose installManyTop reading scoped package data from /Users/Duffis/Desktop/software.nosync/jams-journal-app/node_modules/jest-regex-util/package.json
228 verbose installManyTop reading scoped package data from /Users/Duffis/Desktop/software.nosync/jams-journal-app/node_modules/jest-util/package.json
229 verbose installManyTop reading scoped package data from /Users/Duffis/Desktop/software.nosync/jams-journal-app/node_modules/jest-validate/package.json
230 verbose installManyTop reading scoped package data from /Users/Duffis/Desktop/software.nosync/jams-journal-app/node_modules/jest-worker/package.json
231 verbose installManyTop reading scoped package data from /Users/Duffis/Desktop/software.nosync/jams-journal-app/node_modules/jimp-compact/package.json
232 verbose installManyTop reading scoped package data from /Users/Duffis/Desktop/software.nosync/jams-journal-app/node_modules/joi/package.json
233 verbose installManyTop reading scoped package data from /Users/Duffis/Desktop/software.nosync/jams-journal-app/node_modules/js-tokens/package.json
234 verbose installManyTop reading scoped package data from /Users/Duffis/Desktop/software.nosync/jams-journal-app/node_modules/js-yaml/package.json
235 verbose installManyTop reading scoped package data from /Users/Duffis/Desktop/software.nosync/jams-journal-app/node_modules/jsc-safe-url/package.json
236 verbose installManyTop reading scoped package data from /Users/Duffis/Desktop/software.nosync/jams-journal-app/node_modules/jsesc/package.json
237 verbose installManyTop reading scoped package data from /Users/Duffis/Desktop/software.nosync/jams-journal-app/node_modules/json-parse-even-better-errors/package.json
238 verbose installManyTop reading scoped package data from /Users/Duffis/Desktop/software.nosync/jams-journal-app/node_modules/json5/package.json
239 verbose installManyTop reading scoped package data from /Users/Duffis/Desktop/software.nosync/jams-journal-app/node_modules/jsonfile/package.json
240 verbose installManyTop reading scoped package data from /Users/Duffis/Desktop/software.nosync/jams-journal-app/node_modules/kleur/package.json
241 verbose installManyTop reading scoped package data from /Users/Duffis/Desktop/software.nosync/jams-journal-app/node_modules/lan-network/package.json
242 verbose installManyTop reading scoped package data from /Users/Duffis/Desktop/software.nosync/jams-journal-app/node_modules/launch-editor/package.json
243 verbose installManyTop reading scoped package data from /Users/Duffis/Desktop/software.nosync/jams-journal-app/node_modules/leven/package.json
244 verbose installManyTop reading scoped package data from /Users/Duffis/Desktop/software.nosync/jams-journal-app/node_modules/lighthouse-logger/package.json
245 verbose installManyTop reading scoped package data from /Users/Duffis/Desktop/software.nosync/jams-journal-app/node_modules/lightningcss/package.json
246 verbose installManyTop reading scoped package data from /Users/Duffis/Desktop/software.nosync/jams-journal-app/node_modules/lightningcss-darwin-arm64/package.json
247 verbose installManyTop reading scoped package data from /Users/Duffis/Desktop/software.nosync/jams-journal-app/node_modules/lines-and-columns/package.json
248 verbose installManyTop reading scoped package data from /Users/Duffis/Desktop/software.nosync/jams-journal-app/node_modules/linkify-it/package.json
249 verbose installManyTop reading scoped package data from /Users/Duffis/Desktop/software.nosync/jams-journal-app/node_modules/locate-path/package.json
250 verbose installManyTop reading scoped package data from /Users/Duffis/Desktop/software.nosync/jams-journal-app/node_modules/lodash/package.json
251 verbose installManyTop reading scoped package data from /Users/Duffis/Desktop/software.nosync/jams-journal-app/node_modules/lodash.debounce/package.json
252 verbose installManyTop reading scoped package data from /Users/Duffis/Desktop/software.nosync/jams-journal-app/node_modules/lodash.throttle/package.json
253 verbose installManyTop reading scoped package data from /Users/Duffis/Desktop/software.nosync/jams-journal-app/node_modules/log-symbols/package.json
254 verbose installManyTop reading scoped package data from /Users/Duffis/Desktop/software.nosync/jams-journal-app/node_modules/logkitty/package.json
255 verbose installManyTop reading scoped package data from /Users/Duffis/Desktop/software.nosync/jams-journal-app/node_modules/loose-envify/package.json
256 verbose installManyTop reading scoped package data from /Users/Duffis/Desktop/software.nosync/jams-journal-app/node_modules/lru-cache/package.json
257 verbose installManyTop reading scoped package data from /Users/Duffis/Desktop/software.nosync/jams-journal-app/node_modules/makeerror/package.json
258 verbose installManyTop reading scoped package data from /Users/Duffis/Desktop/software.nosync/jams-journal-app/node_modules/markdown-it/package.json
259 verbose installManyTop reading scoped package data from /Users/Duffis/Desktop/software.nosync/jams-journal-app/node_modules/marky/package.json
260 verbose installManyTop reading scoped package data from /Users/Duffis/Desktop/software.nosync/jams-journal-app/node_modules/math-intrinsics/package.json
261 verbose installManyTop reading scoped package data from /Users/Duffis/Desktop/software.nosync/jams-journal-app/node_modules/mdurl/package.json
262 verbose installManyTop reading scoped package data from /Users/Duffis/Desktop/software.nosync/jams-journal-app/node_modules/media-typer/package.json
263 verbose installManyTop reading scoped package data from /Users/Duffis/Desktop/software.nosync/jams-journal-app/node_modules/memoize-one/package.json
264 verbose installManyTop reading scoped package data from /Users/Duffis/Desktop/software.nosync/jams-journal-app/node_modules/merge-options/package.json
265 verbose installManyTop reading scoped package data from /Users/Duffis/Desktop/software.nosync/jams-journal-app/node_modules/merge-stream/package.json
266 verbose installManyTop reading scoped package data from /Users/Duffis/Desktop/software.nosync/jams-journal-app/node_modules/merge2/package.json
267 verbose installManyTop reading scoped package data from /Users/Duffis/Desktop/software.nosync/jams-journal-app/node_modules/metro/package.json
268 verbose installManyTop reading scoped package data from /Users/Duffis/Desktop/software.nosync/jams-journal-app/node_modules/metro-babel-transformer/package.json
269 verbose installManyTop reading scoped package data from /Users/Duffis/Desktop/software.nosync/jams-journal-app/node_modules/metro-cache/package.json
270 verbose installManyTop reading scoped package data from /Users/Duffis/Desktop/software.nosync/jams-journal-app/node_modules/metro-cache-key/package.json
271 verbose installManyTop reading scoped package data from /Users/Duffis/Desktop/software.nosync/jams-journal-app/node_modules/metro-config/package.json
272 verbose installManyTop reading scoped package data from /Users/Duffis/Desktop/software.nosync/jams-journal-app/node_modules/metro-core/package.json
273 verbose installManyTop reading scoped package data from /Users/Duffis/Desktop/software.nosync/jams-journal-app/node_modules/metro-file-map/package.json
274 verbose installManyTop reading scoped package data from /Users/Duffis/Desktop/software.nosync/jams-journal-app/node_modules/metro-minify-terser/package.json
275 verbose installManyTop reading scoped package data from /Users/Duffis/Desktop/software.nosync/jams-journal-app/node_modules/metro-resolver/package.json
276 verbose installManyTop reading scoped package data from /Users/Duffis/Desktop/software.nosync/jams-journal-app/node_modules/metro-runtime/package.json
277 verbose installManyTop reading scoped package data from /Users/Duffis/Desktop/software.nosync/jams-journal-app/node_modules/metro-source-map/package.json
278 verbose installManyTop reading scoped package data from /Users/Duffis/Desktop/software.nosync/jams-journal-app/node_modules/metro-symbolicate/package.json
279 verbose installManyTop reading scoped package data from /Users/Duffis/Desktop/software.nosync/jams-journal-app/node_modules/metro-transform-plugins/package.json
280 verbose installManyTop reading scoped package data from /Users/Duffis/Desktop/software.nosync/jams-journal-app/node_modules/metro-transform-worker/package.json
281 verbose installManyTop reading scoped package data from /Users/Duffis/Desktop/software.nosync/jams-journal-app/node_modules/micromatch/package.json
282 verbose installManyTop reading scoped package data from /Users/Duffis/Desktop/software.nosync/jams-journal-app/node_modules/mime/package.json
283 verbose installManyTop reading scoped package data from /Users/Duffis/Desktop/software.nosync/jams-journal-app/node_modules/mime-db/package.json
284 verbose installManyTop reading scoped package data from /Users/Duffis/Desktop/software.nosync/jams-journal-app/node_modules/mime-types/package.json
285 verbose installManyTop reading scoped package data from /Users/Duffis/Desktop/software.nosync/jams-journal-app/node_modules/mimic-fn/package.json
286 verbose installManyTop reading scoped package data from /Users/Duffis/Desktop/software.nosync/jams-journal-app/node_modules/minimatch/package.json
287 verbose installManyTop reading scoped package data from /Users/Duffis/Desktop/software.nosync/jams-journal-app/node_modules/minimist/package.json
288 verbose installManyTop reading scoped package data from /Users/Duffis/Desktop/software.nosync/jams-journal-app/node_modules/minipass/package.json
289 verbose installManyTop reading scoped package data from /Users/Duffis/Desktop/software.nosync/jams-journal-app/node_modules/minizlib/package.json
290 verbose installManyTop reading scoped package data from /Users/Duffis/Desktop/software.nosync/jams-journal-app/node_modules/mkdirp/package.json
291 verbose installManyTop reading scoped package data from /Users/Duffis/Desktop/software.nosync/jams-journal-app/node_modules/ms/package.json
292 verbose installManyTop reading scoped package data from /Users/Duffis/Desktop/software.nosync/jams-journal-app/node_modules/mz/package.json
293 verbose installManyTop reading scoped package data from /Users/Duffis/Desktop/software.nosync/jams-journal-app/node_modules/nanoid/package.json
294 verbose installManyTop reading scoped package data from /Users/Duffis/Desktop/software.nosync/jams-journal-app/node_modules/negotiator/package.json
295 verbose installManyTop reading scoped package data from /Users/Duffis/Desktop/software.nosync/jams-journal-app/node_modules/nested-error-stacks/package.json
296 verbose installManyTop reading scoped package data from /Users/Duffis/Desktop/software.nosync/jams-journal-app/node_modules/nocache/package.json
297 verbose installManyTop reading scoped package data from /Users/Duffis/Desktop/software.nosync/jams-journal-app/node_modules/node-fetch/package.json
298 verbose installManyTop reading scoped package data from /Users/Duffis/Desktop/software.nosync/jams-journal-app/node_modules/node-forge/package.json
299 verbose installManyTop reading scoped package data from /Users/Duffis/Desktop/software.nosync/jams-journal-app/node_modules/node-int64/package.json
300 verbose installManyTop reading scoped package data from /Users/Duffis/Desktop/software.nosync/jams-journal-app/node_modules/node-releases/package.json
301 verbose installManyTop reading scoped package data from /Users/Duffis/Desktop/software.nosync/jams-journal-app/node_modules/node-stream-zip/package.json
302 verbose installManyTop reading scoped package data from /Users/Duffis/Desktop/software.nosync/jams-journal-app/node_modules/normalize-path/package.json
303 verbose installManyTop reading scoped package data from /Users/Duffis/Desktop/software.nosync/jams-journal-app/node_modules/npm-package-arg/package.json
304 verbose installManyTop reading scoped package data from /Users/Duffis/Desktop/software.nosync/jams-journal-app/node_modules/npm-run-path/package.json
305 verbose installManyTop reading scoped package data from /Users/Duffis/Desktop/software.nosync/jams-journal-app/node_modules/nullthrows/package.json
306 verbose installManyTop reading scoped package data from /Users/Duffis/Desktop/software.nosync/jams-journal-app/node_modules/ob1/package.json
307 verbose installManyTop reading scoped package data from /Users/Duffis/Desktop/software.nosync/jams-journal-app/node_modules/object-assign/package.json
308 verbose installManyTop reading scoped package data from /Users/Duffis/Desktop/software.nosync/jams-journal-app/node_modules/object-inspect/package.json
309 verbose installManyTop reading scoped package data from /Users/Duffis/Desktop/software.nosync/jams-journal-app/node_modules/on-finished/package.json
310 verbose installManyTop reading scoped package data from /Users/Duffis/Desktop/software.nosync/jams-journal-app/node_modules/on-headers/package.json
311 verbose installManyTop reading scoped package data from /Users/Duffis/Desktop/software.nosync/jams-journal-app/node_modules/once/package.json
312 verbose installManyTop reading scoped package data from /Users/Duffis/Desktop/software.nosync/jams-journal-app/node_modules/onetime/package.json
313 verbose installManyTop reading scoped package data from /Users/Duffis/Desktop/software.nosync/jams-journal-app/node_modules/open/package.json
314 verbose installManyTop reading scoped package data from /Users/Duffis/Desktop/software.nosync/jams-journal-app/node_modules/optimism/package.json
315 verbose installManyTop reading scoped package data from /Users/Duffis/Desktop/software.nosync/jams-journal-app/node_modules/ora/package.json
316 verbose installManyTop reading scoped package data from /Users/Duffis/Desktop/software.nosync/jams-journal-app/node_modules/p-limit/package.json
317 verbose installManyTop reading scoped package data from /Users/Duffis/Desktop/software.nosync/jams-journal-app/node_modules/p-locate/package.json
318 verbose installManyTop reading scoped package data from /Users/Duffis/Desktop/software.nosync/jams-journal-app/node_modules/p-try/package.json
319 verbose installManyTop reading scoped package data from /Users/Duffis/Desktop/software.nosync/jams-journal-app/node_modules/parent-module/package.json
320 verbose installManyTop reading scoped package data from /Users/Duffis/Desktop/software.nosync/jams-journal-app/node_modules/parse-json/package.json
321 verbose installManyTop reading scoped package data from /Users/Duffis/Desktop/software.nosync/jams-journal-app/node_modules/parse-png/package.json
322 verbose installManyTop reading scoped package data from /Users/Duffis/Desktop/software.nosync/jams-journal-app/node_modules/parseurl/package.json
323 verbose installManyTop reading scoped package data from /Users/Duffis/Desktop/software.nosync/jams-journal-app/node_modules/path-exists/package.json
324 verbose installManyTop reading scoped package data from /Users/Duffis/Desktop/software.nosync/jams-journal-app/node_modules/path-is-absolute/package.json
325 verbose installManyTop reading scoped package data from /Users/Duffis/Desktop/software.nosync/jams-journal-app/node_modules/path-key/package.json
326 verbose installManyTop reading scoped package data from /Users/Duffis/Desktop/software.nosync/jams-journal-app/node_modules/path-parse/package.json
327 verbose installManyTop reading scoped package data from /Users/Duffis/Desktop/software.nosync/jams-journal-app/node_modules/path-scurry/package.json
328 verbose installManyTop reading scoped package data from /Users/Duffis/Desktop/software.nosync/jams-journal-app/node_modules/picocolors/package.json
329 verbose installManyTop reading scoped package data from /Users/Duffis/Desktop/software.nosync/jams-journal-app/node_modules/picomatch/package.json
330 verbose installManyTop reading scoped package data from /Users/Duffis/Desktop/software.nosync/jams-journal-app/node_modules/pirates/package.json
331 verbose installManyTop reading scoped package data from /Users/Duffis/Desktop/software.nosync/jams-journal-app/node_modules/plist/package.json
332 verbose installManyTop reading scoped package data from /Users/Duffis/Desktop/software.nosync/jams-journal-app/node_modules/pngjs/package.json
333 verbose installManyTop reading scoped package data from /Users/Duffis/Desktop/software.nosync/jams-journal-app/node_modules/postcss/package.json
334 verbose installManyTop reading scoped package data from /Users/Duffis/Desktop/software.nosync/jams-journal-app/node_modules/postcss-value-parser/package.json
335 verbose installManyTop reading scoped package data from /Users/Duffis/Desktop/software.nosync/jams-journal-app/node_modules/pretty-bytes/package.json
336 verbose installManyTop reading scoped package data from /Users/Duffis/Desktop/software.nosync/jams-journal-app/node_modules/pretty-format/package.json
337 verbose installManyTop reading scoped package data from /Users/Duffis/Desktop/software.nosync/jams-journal-app/node_modules/proc-log/package.json
338 verbose installManyTop reading scoped package data from /Users/Duffis/Desktop/software.nosync/jams-journal-app/node_modules/progress/package.json
339 verbose installManyTop reading scoped package data from /Users/Duffis/Desktop/software.nosync/jams-journal-app/node_modules/promise/package.json
340 verbose installManyTop reading scoped package data from /Users/Duffis/Desktop/software.nosync/jams-journal-app/node_modules/prompts/package.json
341 verbose installManyTop reading scoped package data from /Users/Duffis/Desktop/software.nosync/jams-journal-app/node_modules/prop-types/package.json
342 verbose installManyTop reading scoped package data from /Users/Duffis/Desktop/software.nosync/jams-journal-app/node_modules/punycode/package.json
343 verbose installManyTop reading scoped package data from /Users/Duffis/Desktop/software.nosync/jams-journal-app/node_modules/qrcode-terminal/package.json
344 verbose installManyTop reading scoped package data from /Users/Duffis/Desktop/software.nosync/jams-journal-app/node_modules/qs/package.json
345 verbose installManyTop reading scoped package data from /Users/Duffis/Desktop/software.nosync/jams-journal-app/node_modules/query-string/package.json
346 verbose installManyTop reading scoped package data from /Users/Duffis/Desktop/software.nosync/jams-journal-app/node_modules/queue/package.json
347 verbose installManyTop reading scoped package data from /Users/Duffis/Desktop/software.nosync/jams-journal-app/node_modules/queue-microtask/package.json
348 verbose installManyTop reading scoped package data from /Users/Duffis/Desktop/software.nosync/jams-journal-app/node_modules/ramda/package.json
349 verbose installManyTop reading scoped package data from /Users/Duffis/Desktop/software.nosync/jams-journal-app/node_modules/range-parser/package.json
350 verbose installManyTop reading scoped package data from /Users/Duffis/Desktop/software.nosync/jams-journal-app/node_modules/raw-body/package.json
351 verbose installManyTop reading scoped package data from /Users/Duffis/Desktop/software.nosync/jams-journal-app/node_modules/rc/package.json
352 verbose installManyTop reading scoped package data from /Users/Duffis/Desktop/software.nosync/jams-journal-app/node_modules/react/package.json
353 verbose installManyTop reading scoped package data from /Users/Duffis/Desktop/software.nosync/jams-journal-app/node_modules/react-devtools-core/package.json
354 verbose installManyTop reading scoped package data from /Users/Duffis/Desktop/software.nosync/jams-journal-app/node_modules/react-dom/package.json
355 verbose installManyTop reading scoped package data from /Users/Duffis/Desktop/software.nosync/jams-journal-app/node_modules/react-freeze/package.json
356 verbose installManyTop reading scoped package data from /Users/Duffis/Desktop/software.nosync/jams-journal-app/node_modules/react-is/package.json
357 verbose installManyTop reading scoped package data from /Users/Duffis/Desktop/software.nosync/jams-journal-app/node_modules/react-native/package.json
358 verbose installManyTop reading scoped package data from /Users/Duffis/Desktop/software.nosync/jams-journal-app/node_modules/react-native-dotenv/package.json
359 verbose installManyTop reading scoped package data from /Users/Duffis/Desktop/software.nosync/jams-journal-app/node_modules/react-native-fit-image/package.json
360 verbose installManyTop reading scoped package data from /Users/Duffis/Desktop/software.nosync/jams-journal-app/node_modules/react-native-is-edge-to-edge/package.json
361 verbose installManyTop reading scoped package data from /Users/Duffis/Desktop/software.nosync/jams-journal-app/node_modules/react-native-markdown-display/package.json
362 verbose installManyTop reading scoped package data from /Users/Duffis/Desktop/software.nosync/jams-journal-app/node_modules/react-native-pager-view/package.json
363 verbose installManyTop reading scoped package data from /Users/Duffis/Desktop/software.nosync/jams-journal-app/node_modules/react-native-ratings/package.json
364 verbose installManyTop reading scoped package data from /Users/Duffis/Desktop/software.nosync/jams-journal-app/node_modules/react-native-render-html/package.json
365 verbose installManyTop reading scoped package data from /Users/Duffis/Desktop/software.nosync/jams-journal-app/node_modules/react-native-safe-area-context/package.json
366 verbose installManyTop reading scoped package data from /Users/Duffis/Desktop/software.nosync/jams-journal-app/node_modules/react-native-screens/package.json
367 verbose installManyTop reading scoped package data from /Users/Duffis/Desktop/software.nosync/jams-journal-app/node_modules/react-native-size-matters/package.json
368 verbose installManyTop reading scoped package data from /Users/Duffis/Desktop/software.nosync/jams-journal-app/node_modules/react-native-tab-view/package.json
369 verbose installManyTop reading scoped package data from /Users/Duffis/Desktop/software.nosync/jams-journal-app/node_modules/react-native-url-polyfill/package.json
370 verbose installManyTop reading scoped package data from /Users/Duffis/Desktop/software.nosync/jams-journal-app/node_modules/react-native-web/package.json
371 verbose installManyTop reading scoped package data from /Users/Duffis/Desktop/software.nosync/jams-journal-app/node_modules/react-native-webview/package.json
372 verbose installManyTop reading scoped package data from /Users/Duffis/Desktop/software.nosync/jams-journal-app/node_modules/react-native-youtube-iframe/package.json
373 verbose installManyTop reading scoped package data from /Users/Duffis/Desktop/software.nosync/jams-journal-app/node_modules/react-refresh/package.json
374 verbose installManyTop reading scoped package data from /Users/Duffis/Desktop/software.nosync/jams-journal-app/node_modules/readable-stream/package.json
375 verbose installManyTop reading scoped package data from /Users/Duffis/Desktop/software.nosync/jams-journal-app/node_modules/regenerate/package.json
376 verbose installManyTop reading scoped package data from /Users/Duffis/Desktop/software.nosync/jams-journal-app/node_modules/regenerate-unicode-properties/package.json
377 verbose installManyTop reading scoped package data from /Users/Duffis/Desktop/software.nosync/jams-journal-app/node_modules/regenerator-runtime/package.json
378 verbose installManyTop reading scoped package data from /Users/Duffis/Desktop/software.nosync/jams-journal-app/node_modules/regexpu-core/package.json
379 verbose installManyTop reading scoped package data from /Users/Duffis/Desktop/software.nosync/jams-journal-app/node_modules/regjsgen/package.json
380 verbose installManyTop reading scoped package data from /Users/Duffis/Desktop/software.nosync/jams-journal-app/node_modules/regjsparser/package.json
381 verbose installManyTop reading scoped package data from /Users/Duffis/Desktop/software.nosync/jams-journal-app/node_modules/require-directory/package.json
382 verbose installManyTop reading scoped package data from /Users/Duffis/Desktop/software.nosync/jams-journal-app/node_modules/require-from-string/package.json
383 verbose installManyTop reading scoped package data from /Users/Duffis/Desktop/software.nosync/jams-journal-app/node_modules/require-main-filename/package.json
384 verbose installManyTop reading scoped package data from /Users/Duffis/Desktop/software.nosync/jams-journal-app/node_modules/requireg/package.json
385 verbose installManyTop reading scoped package data from /Users/Duffis/Desktop/software.nosync/jams-journal-app/node_modules/resolve/package.json
386 verbose installManyTop reading scoped package data from /Users/Duffis/Desktop/software.nosync/jams-journal-app/node_modules/resolve-from/package.json
387 verbose installManyTop reading scoped package data from /Users/Duffis/Desktop/software.nosync/jams-journal-app/node_modules/resolve-global/package.json
388 verbose installManyTop reading scoped package data from /Users/Duffis/Desktop/software.nosync/jams-journal-app/node_modules/resolve-workspace-root/package.json
389 verbose installManyTop reading scoped package data from /Users/Duffis/Desktop/software.nosync/jams-journal-app/node_modules/resolve.exports/package.json
390 verbose installManyTop reading scoped package data from /Users/Duffis/Desktop/software.nosync/jams-journal-app/node_modules/response-iterator/package.json
391 verbose installManyTop reading scoped package data from /Users/Duffis/Desktop/software.nosync/jams-journal-app/node_modules/restore-cursor/package.json
392 verbose installManyTop reading scoped package data from /Users/Duffis/Desktop/software.nosync/jams-journal-app/node_modules/reusify/package.json
393 verbose installManyTop reading scoped package data from /Users/Duffis/Desktop/software.nosync/jams-journal-app/node_modules/rimraf/package.json
394 verbose installManyTop reading scoped package data from /Users/Duffis/Desktop/software.nosync/jams-journal-app/node_modules/run-parallel/package.json
395 verbose installManyTop reading scoped package data from /Users/Duffis/Desktop/software.nosync/jams-journal-app/node_modules/rxjs/package.json
396 verbose installManyTop reading scoped package data from /Users/Duffis/Desktop/software.nosync/jams-journal-app/node_modules/safe-buffer/package.json
397 verbose installManyTop reading scoped package data from /Users/Duffis/Desktop/software.nosync/jams-journal-app/node_modules/safer-buffer/package.json
398 verbose installManyTop reading scoped package data from /Users/Duffis/Desktop/software.nosync/jams-journal-app/node_modules/sax/package.json
399 verbose installManyTop reading scoped package data from /Users/Duffis/Desktop/software.nosync/jams-journal-app/node_modules/scheduler/package.json
400 verbose installManyTop reading scoped package data from /Users/Duffis/Desktop/software.nosync/jams-journal-app/node_modules/semver/package.json
401 verbose installManyTop reading scoped package data from /Users/Duffis/Desktop/software.nosync/jams-journal-app/node_modules/send/package.json
402 verbose installManyTop reading scoped package data from /Users/Duffis/Desktop/software.nosync/jams-journal-app/node_modules/serialize-error/package.json
403 verbose installManyTop reading scoped package data from /Users/Duffis/Desktop/software.nosync/jams-journal-app/node_modules/serve-static/package.json
404 verbose installManyTop reading scoped package data from /Users/Duffis/Desktop/software.nosync/jams-journal-app/node_modules/set-blocking/package.json
405 verbose installManyTop reading scoped package data from /Users/Duffis/Desktop/software.nosync/jams-journal-app/node_modules/setimmediate/package.json
406 verbose installManyTop reading scoped package data from /Users/Duffis/Desktop/software.nosync/jams-journal-app/node_modules/setprototypeof/package.json
407 verbose installManyTop reading scoped package data from /Users/Duffis/Desktop/software.nosync/jams-journal-app/node_modules/shebang-command/package.json
408 verbose installManyTop reading scoped package data from /Users/Duffis/Desktop/software.nosync/jams-journal-app/node_modules/shebang-regex/package.json
409 verbose installManyTop reading scoped package data from /Users/Duffis/Desktop/software.nosync/jams-journal-app/node_modules/shell-quote/package.json
410 verbose installManyTop reading scoped package data from /Users/Duffis/Desktop/software.nosync/jams-journal-app/node_modules/side-channel/package.json
411 verbose installManyTop reading scoped package data from /Users/Duffis/Desktop/software.nosync/jams-journal-app/node_modules/side-channel-list/package.json
412 verbose installManyTop reading scoped package data from /Users/Duffis/Desktop/software.nosync/jams-journal-app/node_modules/side-channel-map/package.json
413 verbose installManyTop reading scoped package data from /Users/Duffis/Desktop/software.nosync/jams-journal-app/node_modules/side-channel-weakmap/package.json
414 verbose installManyTop reading scoped package data from /Users/Duffis/Desktop/software.nosync/jams-journal-app/node_modules/signal-exit/package.json
415 verbose installManyTop reading scoped package data from /Users/Duffis/Desktop/software.nosync/jams-journal-app/node_modules/simple-plist/package.json
416 verbose installManyTop reading scoped package data from /Users/Duffis/Desktop/software.nosync/jams-journal-app/node_modules/simple-swizzle/package.json
417 verbose installManyTop reading scoped package data from /Users/Duffis/Desktop/software.nosync/jams-journal-app/node_modules/sisteransi/package.json
418 verbose installManyTop reading scoped package data from /Users/Duffis/Desktop/software.nosync/jams-journal-app/node_modules/slash/package.json
419 verbose installManyTop reading scoped package data from /Users/Duffis/Desktop/software.nosync/jams-journal-app/node_modules/slice-ansi/package.json
420 verbose installManyTop reading scoped package data from /Users/Duffis/Desktop/software.nosync/jams-journal-app/node_modules/slugify/package.json
421 verbose installManyTop reading scoped package data from /Users/Duffis/Desktop/software.nosync/jams-journal-app/node_modules/source-map/package.json
422 verbose installManyTop reading scoped package data from /Users/Duffis/Desktop/software.nosync/jams-journal-app/node_modules/source-map-js/package.json
423 verbose installManyTop reading scoped package data from /Users/Duffis/Desktop/software.nosync/jams-journal-app/node_modules/source-map-support/package.json
424 verbose installManyTop reading scoped package data from /Users/Duffis/Desktop/software.nosync/jams-journal-app/node_modules/split-on-first/package.json
425 verbose installManyTop reading scoped package data from /Users/Duffis/Desktop/software.nosync/jams-journal-app/node_modules/sprintf-js/package.json
426 verbose installManyTop reading scoped package data from /Users/Duffis/Desktop/software.nosync/jams-journal-app/node_modules/stack-utils/package.json
427 verbose installManyTop reading scoped package data from /Users/Duffis/Desktop/software.nosync/jams-journal-app/node_modules/stackframe/package.json
428 verbose installManyTop reading scoped package data from /Users/Duffis/Desktop/software.nosync/jams-journal-app/node_modules/stacktrace-parser/package.json
429 verbose installManyTop reading scoped package data from /Users/Duffis/Desktop/software.nosync/jams-journal-app/node_modules/statuses/package.json
430 verbose installManyTop reading scoped package data from /Users/Duffis/Desktop/software.nosync/jams-journal-app/node_modules/stream-buffers/package.json
431 verbose installManyTop reading scoped package data from /Users/Duffis/Desktop/software.nosync/jams-journal-app/node_modules/strict-uri-encode/package.json
432 verbose installManyTop reading scoped package data from /Users/Duffis/Desktop/software.nosync/jams-journal-app/node_modules/strict-url-sanitise/package.json
433 verbose installManyTop reading scoped package data from /Users/Duffis/Desktop/software.nosync/jams-journal-app/node_modules/string_decoder/package.json
434 verbose installManyTop reading scoped package data from /Users/Duffis/Desktop/software.nosync/jams-journal-app/node_modules/stringify-entities/package.json
435 verbose installManyTop reading scoped package data from /Users/Duffis/Desktop/software.nosync/jams-journal-app/node_modules/strip-ansi/package.json
436 verbose installManyTop reading scoped package data from /Users/Duffis/Desktop/software.nosync/jams-journal-app/node_modules/strip-final-newline/package.json
437 verbose installManyTop reading scoped package data from /Users/Duffis/Desktop/software.nosync/jams-journal-app/node_modules/strip-json-comments/package.json
438 verbose installManyTop reading scoped package data from /Users/Duffis/Desktop/software.nosync/jams-journal-app/node_modules/strnum/package.json
439 verbose installManyTop reading scoped package data from /Users/Duffis/Desktop/software.nosync/jams-journal-app/node_modules/structured-headers/package.json
440 verbose installManyTop reading scoped package data from /Users/Duffis/Desktop/software.nosync/jams-journal-app/node_modules/styleq/package.json
441 verbose installManyTop reading scoped package data from /Users/Duffis/Desktop/software.nosync/jams-journal-app/node_modules/sucrase/package.json
442 verbose installManyTop reading scoped package data from /Users/Duffis/Desktop/software.nosync/jams-journal-app/node_modules/supports-color/package.json
443 verbose installManyTop reading scoped package data from /Users/Duffis/Desktop/software.nosync/jams-journal-app/node_modules/supports-hyperlinks/package.json
444 verbose installManyTop reading scoped package data from /Users/Duffis/Desktop/software.nosync/jams-journal-app/node_modules/supports-preserve-symlinks-flag/package.json
445 verbose installManyTop reading scoped package data from /Users/Duffis/Desktop/software.nosync/jams-journal-app/node_modules/symbol-observable/package.json
446 verbose installManyTop reading scoped package data from /Users/Duffis/Desktop/software.nosync/jams-journal-app/node_modules/tar/package.json
447 verbose installManyTop reading scoped package data from /Users/Duffis/Desktop/software.nosync/jams-journal-app/node_modules/temp-dir/package.json
448 verbose installManyTop reading scoped package data from /Users/Duffis/Desktop/software.nosync/jams-journal-app/node_modules/terminal-link/package.json
449 verbose installManyTop reading scoped package data from /Users/Duffis/Desktop/software.nosync/jams-journal-app/node_modules/terser/package.json
450 verbose installManyTop reading scoped package data from /Users/Duffis/Desktop/software.nosync/jams-journal-app/node_modules/test-exclude/package.json
451 verbose installManyTop reading scoped package data from /Users/Duffis/Desktop/software.nosync/jams-journal-app/node_modules/thenify/package.json
452 verbose installManyTop reading scoped package data from /Users/Duffis/Desktop/software.nosync/jams-journal-app/node_modules/thenify-all/package.json
453 verbose installManyTop reading scoped package data from /Users/Duffis/Desktop/software.nosync/jams-journal-app/node_modules/throat/package.json
454 verbose installManyTop reading scoped package data from /Users/Duffis/Desktop/software.nosync/jams-journal-app/node_modules/tinyglobby/package.json
455 verbose installManyTop reading scoped package data from /Users/Duffis/Desktop/software.nosync/jams-journal-app/node_modules/tmpl/package.json
456 verbose installManyTop reading scoped package data from /Users/Duffis/Desktop/software.nosync/jams-journal-app/node_modules/to-regex-range/package.json
457 verbose installManyTop reading scoped package data from /Users/Duffis/Desktop/software.nosync/jams-journal-app/node_modules/toidentifier/package.json
458 verbose installManyTop reading scoped package data from /Users/Duffis/Desktop/software.nosync/jams-journal-app/node_modules/tr46/package.json
459 verbose installManyTop reading scoped package data from /Users/Duffis/Desktop/software.nosync/jams-journal-app/node_modules/ts-interface-checker/package.json
460 verbose installManyTop reading scoped package data from /Users/Duffis/Desktop/software.nosync/jams-journal-app/node_modules/ts-invariant/package.json
461 verbose installManyTop reading scoped package data from /Users/Duffis/Desktop/software.nosync/jams-journal-app/node_modules/ts-toolbelt/package.json
462 verbose installManyTop reading scoped package data from /Users/Duffis/Desktop/software.nosync/jams-journal-app/node_modules/tslib/package.json
463 verbose installManyTop reading scoped package data from /Users/Duffis/Desktop/software.nosync/jams-journal-app/node_modules/type-detect/package.json
464 verbose installManyTop reading scoped package data from /Users/Duffis/Desktop/software.nosync/jams-journal-app/node_modules/type-fest/package.json
465 verbose installManyTop reading scoped package data from /Users/Duffis/Desktop/software.nosync/jams-journal-app/node_modules/type-is/package.json
466 verbose installManyTop reading scoped package data from /Users/Duffis/Desktop/software.nosync/jams-journal-app/node_modules/ua-parser-js/package.json
467 verbose installManyTop reading scoped package data from /Users/Duffis/Desktop/software.nosync/jams-journal-app/node_modules/uc.micro/package.json
468 verbose installManyTop reading scoped package data from /Users/Duffis/Desktop/software.nosync/jams-journal-app/node_modules/undici/package.json
469 verbose installManyTop reading scoped package data from /Users/Duffis/Desktop/software.nosync/jams-journal-app/node_modules/undici-types/package.json
470 verbose installManyTop reading scoped package data from /Users/Duffis/Desktop/software.nosync/jams-journal-app/node_modules/unicode-canonical-property-names-ecmascript/package.json
471 verbose installManyTop reading scoped package data from /Users/Duffis/Desktop/software.nosync/jams-journal-app/node_modules/unicode-match-property-ecmascript/package.json
472 verbose installManyTop reading scoped package data from /Users/Duffis/Desktop/software.nosync/jams-journal-app/node_modules/unicode-match-property-value-ecmascript/package.json
473 verbose installManyTop reading scoped package data from /Users/Duffis/Desktop/software.nosync/jams-journal-app/node_modules/unicode-property-aliases-ecmascript/package.json
474 verbose installManyTop reading scoped package data from /Users/Duffis/Desktop/software.nosync/jams-journal-app/node_modules/unique-string/package.json
475 verbose installManyTop reading scoped package data from /Users/Duffis/Desktop/software.nosync/jams-journal-app/node_modules/universalify/package.json
476 verbose installManyTop reading scoped package data from /Users/Duffis/Desktop/software.nosync/jams-journal-app/node_modules/unpipe/package.json
477 verbose installManyTop reading scoped package data from /Users/Duffis/Desktop/software.nosync/jams-journal-app/node_modules/update-browserslist-db/package.json
478 verbose installManyTop reading scoped package data from /Users/Duffis/Desktop/software.nosync/jams-journal-app/node_modules/urijs/package.json
479 verbose installManyTop reading scoped package data from /Users/Duffis/Desktop/software.nosync/jams-journal-app/node_modules/use-latest-callback/package.json
480 verbose installManyTop reading scoped package data from /Users/Duffis/Desktop/software.nosync/jams-journal-app/node_modules/util-deprecate/package.json
481 verbose installManyTop reading scoped package data from /Users/Duffis/Desktop/software.nosync/jams-journal-app/node_modules/utils-merge/package.json
482 verbose installManyTop reading scoped package data from /Users/Duffis/Desktop/software.nosync/jams-journal-app/node_modules/uuid/package.json
483 verbose installManyTop reading scoped package data from /Users/Duffis/Desktop/software.nosync/jams-journal-app/node_modules/validate-npm-package-name/package.json
484 verbose installManyTop reading scoped package data from /Users/Duffis/Desktop/software.nosync/jams-journal-app/node_modules/vary/package.json
485 verbose installManyTop reading scoped package data from /Users/Duffis/Desktop/software.nosync/jams-journal-app/node_modules/vlq/package.json
486 verbose installManyTop reading scoped package data from /Users/Duffis/Desktop/software.nosync/jams-journal-app/node_modules/walker/package.json
487 verbose installManyTop reading scoped package data from /Users/Duffis/Desktop/software.nosync/jams-journal-app/node_modules/warn-once/package.json
488 verbose installManyTop reading scoped package data from /Users/Duffis/Desktop/software.nosync/jams-journal-app/node_modules/wcwidth/package.json
489 verbose installManyTop reading scoped package data from /Users/Duffis/Desktop/software.nosync/jams-journal-app/node_modules/webidl-conversions/package.json
490 verbose installManyTop reading scoped package data from /Users/Duffis/Desktop/software.nosync/jams-journal-app/node_modules/whatwg-fetch/package.json
491 verbose installManyTop reading scoped package data from /Users/Duffis/Desktop/software.nosync/jams-journal-app/node_modules/whatwg-url/package.json
492 verbose installManyTop reading scoped package data from /Users/Duffis/Desktop/software.nosync/jams-journal-app/node_modules/whatwg-url-without-unicode/package.json
493 verbose installManyTop reading scoped package data from /Users/Duffis/Desktop/software.nosync/jams-journal-app/node_modules/which/package.json
494 verbose installManyTop reading scoped package data from /Users/Duffis/Desktop/software.nosync/jams-journal-app/node_modules/which-module/package.json
495 verbose installManyTop reading scoped package data from /Users/Duffis/Desktop/software.nosync/jams-journal-app/node_modules/wonka/package.json
496 verbose installManyTop reading scoped package data from /Users/Duffis/Desktop/software.nosync/jams-journal-app/node_modules/wrap-ansi/package.json
497 verbose installManyTop reading scoped package data from /Users/Duffis/Desktop/software.nosync/jams-journal-app/node_modules/wrappy/package.json
498 verbose installManyTop reading scoped package data from /Users/Duffis/Desktop/software.nosync/jams-journal-app/node_modules/write-file-atomic/package.json
499 verbose installManyTop reading scoped package data from /Users/Duffis/Desktop/software.nosync/jams-journal-app/node_modules/ws/package.json
500 verbose installManyTop reading scoped package data from /Users/Duffis/Desktop/software.nosync/jams-journal-app/node_modules/xcode/package.json
501 verbose installManyTop reading scoped package data from /Users/Duffis/Desktop/software.nosync/jams-journal-app/node_modules/xml2js/package.json
502 verbose installManyTop reading scoped package data from /Users/Duffis/Desktop/software.nosync/jams-journal-app/node_modules/xmlbuilder/package.json
503 verbose installManyTop reading scoped package data from /Users/Duffis/Desktop/software.nosync/jams-journal-app/node_modules/xtend/package.json
504 verbose installManyTop reading scoped package data from /Users/Duffis/Desktop/software.nosync/jams-journal-app/node_modules/y18n/package.json
505 verbose installManyTop reading scoped package data from /Users/Duffis/Desktop/software.nosync/jams-journal-app/node_modules/yallist/package.json
506 verbose installManyTop reading scoped package data from /Users/Duffis/Desktop/software.nosync/jams-journal-app/node_modules/yaml/package.json
507 verbose installManyTop reading scoped package data from /Users/Duffis/Desktop/software.nosync/jams-journal-app/node_modules/yargs/package.json
508 verbose installManyTop reading scoped package data from /Users/Duffis/Desktop/software.nosync/jams-journal-app/node_modules/yargs-parser/package.json
509 verbose installManyTop reading scoped package data from /Users/Duffis/Desktop/software.nosync/jams-journal-app/node_modules/yocto-queue/package.json
510 verbose installManyTop reading scoped package data from /Users/Duffis/Desktop/software.nosync/jams-journal-app/node_modules/zen-observable/package.json
511 verbose installManyTop reading scoped package data from /Users/Duffis/Desktop/software.nosync/jams-journal-app/node_modules/zen-observable-ts/package.json
512 verbose installManyTop reading scoped package data from /Users/Duffis/Desktop/software.nosync/jams-journal-app/node_modules/@0no-co/graphql.web/package.json
513 verbose installManyTop reading scoped package data from /Users/Duffis/Desktop/software.nosync/jams-journal-app/node_modules/@expo/cli/package.json
514 verbose installManyTop reading scoped package data from /Users/Duffis/Desktop/software.nosync/jams-journal-app/node_modules/@expo/code-signing-certificates/package.json
515 verbose installManyTop reading scoped package data from /Users/Duffis/Desktop/software.nosync/jams-journal-app/node_modules/@expo/config/package.json
516 verbose installManyTop reading scoped package data from /Users/Duffis/Desktop/software.nosync/jams-journal-app/node_modules/@expo/config-plugins/package.json
517 verbose installManyTop reading scoped package data from /Users/Duffis/Desktop/software.nosync/jams-journal-app/node_modules/@expo/config-types/package.json
518 verbose installManyTop reading scoped package data from /Users/Duffis/Desktop/software.nosync/jams-journal-app/node_modules/@expo/devcert/package.json
519 verbose installManyTop reading scoped package data from /Users/Duffis/Desktop/software.nosync/jams-journal-app/node_modules/@expo/devtools/package.json
520 verbose installManyTop reading scoped package data from /Users/Duffis/Desktop/software.nosync/jams-journal-app/node_modules/@expo/env/package.json
521 verbose installManyTop reading scoped package data from /Users/Duffis/Desktop/software.nosync/jams-journal-app/node_modules/@expo/fingerprint/package.json
522 verbose installManyTop reading scoped package data from /Users/Duffis/Desktop/software.nosync/jams-journal-app/node_modules/@expo/image-utils/package.json
523 verbose installManyTop reading scoped package data from /Users/Duffis/Desktop/software.nosync/jams-journal-app/node_modules/@expo/json-file/package.json
524 verbose installManyTop reading scoped package data from /Users/Duffis/Desktop/software.nosync/jams-journal-app/node_modules/@expo/metro/package.json
525 verbose installManyTop reading scoped package data from /Users/Duffis/Desktop/software.nosync/jams-journal-app/node_modules/@expo/metro-config/package.json
526 verbose installManyTop reading scoped package data from /Users/Duffis/Desktop/software.nosync/jams-journal-app/node_modules/@expo/osascript/package.json
527 verbose installManyTop reading scoped package data from /Users/Duffis/Desktop/software.nosync/jams-journal-app/node_modules/@expo/package-manager/package.json
528 verbose installManyTop reading scoped package data from /Users/Duffis/Desktop/software.nosync/jams-journal-app/node_modules/@expo/plist/package.json
529 verbose installManyTop reading scoped package data from /Users/Duffis/Desktop/software.nosync/jams-journal-app/node_modules/@expo/prebuild-config/package.json
530 verbose installManyTop reading scoped package data from /Users/Duffis/Desktop/software.nosync/jams-journal-app/node_modules/@expo/schema-utils/package.json
531 verbose installManyTop reading scoped package data from /Users/Duffis/Desktop/software.nosync/jams-journal-app/node_modules/@expo/sdk-runtime-versions/package.json
532 verbose installManyTop reading scoped package data from /Users/Duffis/Desktop/software.nosync/jams-journal-app/node_modules/@expo/spawn-async/package.json
533 verbose installManyTop reading scoped package data from /Users/Duffis/Desktop/software.nosync/jams-journal-app/node_modules/@expo/sudo-prompt/package.json
534 verbose installManyTop reading scoped package data from /Users/Duffis/Desktop/software.nosync/jams-journal-app/node_modules/@expo/vector-icons/package.json
535 verbose installManyTop reading scoped package data from /Users/Duffis/Desktop/software.nosync/jams-journal-app/node_modules/@expo/ws-tunnel/package.json
536 verbose installManyTop reading scoped package data from /Users/Duffis/Desktop/software.nosync/jams-journal-app/node_modules/@expo/xcpretty/package.json
537 verbose installManyTop reading scoped package data from /Users/Duffis/Desktop/software.nosync/jams-journal-app/node_modules/@apollo/client/package.json
538 verbose installManyTop reading scoped package data from /Users/Duffis/Desktop/software.nosync/jams-journal-app/node_modules/@graphql-typed-document-node/core/package.json
539 verbose installManyTop reading scoped package data from /Users/Duffis/Desktop/software.nosync/jams-journal-app/node_modules/@isaacs/fs-minipass/package.json
540 verbose installManyTop reading scoped package data from /Users/Duffis/Desktop/software.nosync/jams-journal-app/node_modules/@isaacs/ttlcache/package.json
541 verbose installManyTop reading scoped package data from /Users/Duffis/Desktop/software.nosync/jams-journal-app/node_modules/@istanbuljs/load-nyc-config/package.json
542 verbose installManyTop reading scoped package data from /Users/Duffis/Desktop/software.nosync/jams-journal-app/node_modules/@istanbuljs/schema/package.json
543 verbose installManyTop reading scoped package data from /Users/Duffis/Desktop/software.nosync/jams-journal-app/node_modules/@hapi/hoek/package.json
544 verbose installManyTop reading scoped package data from /Users/Duffis/Desktop/software.nosync/jams-journal-app/node_modules/@hapi/topo/package.json
545 verbose installManyTop reading scoped package data from /Users/Duffis/Desktop/software.nosync/jams-journal-app/node_modules/@jridgewell/gen-mapping/package.json
546 verbose installManyTop reading scoped package data from /Users/Duffis/Desktop/software.nosync/jams-journal-app/node_modules/@jridgewell/remapping/package.json
547 verbose installManyTop reading scoped package data from /Users/Duffis/Desktop/software.nosync/jams-journal-app/node_modules/@jridgewell/resolve-uri/package.json
548 verbose installManyTop reading scoped package data from /Users/Duffis/Desktop/software.nosync/jams-journal-app/node_modules/@jridgewell/source-map/package.json
549 verbose installManyTop reading scoped package data from /Users/Duffis/Desktop/software.nosync/jams-journal-app/node_modules/@jridgewell/sourcemap-codec/package.json
550 verbose installManyTop reading scoped package data from /Users/Duffis/Desktop/software.nosync/jams-journal-app/node_modules/@jridgewell/trace-mapping/package.json
551 verbose installManyTop reading scoped package data from /Users/Duffis/Desktop/software.nosync/jams-journal-app/node_modules/@jest/create-cache-key-function/package.json
552 verbose installManyTop reading scoped package data from /Users/Duffis/Desktop/software.nosync/jams-journal-app/node_modules/@jest/environment/package.json
553 verbose installManyTop reading scoped package data from /Users/Duffis/Desktop/software.nosync/jams-journal-app/node_modules/@jest/fake-timers/package.json
554 verbose installManyTop reading scoped package data from /Users/Duffis/Desktop/software.nosync/jams-journal-app/node_modules/@jest/schemas/package.json
555 verbose installManyTop reading scoped package data from /Users/Duffis/Desktop/software.nosync/jams-journal-app/node_modules/@jest/transform/package.json
556 verbose installManyTop reading scoped package data from /Users/Duffis/Desktop/software.nosync/jams-journal-app/node_modules/@jest/types/package.json
557 verbose installManyTop reading scoped package data from /Users/Duffis/Desktop/software.nosync/jams-journal-app/node_modules/@babel/code-frame/package.json
558 verbose installManyTop reading scoped package data from /Users/Duffis/Desktop/software.nosync/jams-journal-app/node_modules/@babel/compat-data/package.json
559 verbose installManyTop reading scoped package data from /Users/Duffis/Desktop/software.nosync/jams-journal-app/node_modules/@babel/core/package.json
560 verbose installManyTop reading scoped package data from /Users/Duffis/Desktop/software.nosync/jams-journal-app/node_modules/@babel/generator/package.json
561 verbose installManyTop reading scoped package data from /Users/Duffis/Desktop/software.nosync/jams-journal-app/node_modules/@babel/helper-annotate-as-pure/package.json
562 verbose installManyTop reading scoped package data from /Users/Duffis/Desktop/software.nosync/jams-journal-app/node_modules/@babel/helper-compilation-targets/package.json
563 verbose installManyTop reading scoped package data from /Users/Duffis/Desktop/software.nosync/jams-journal-app/node_modules/@babel/helper-create-class-features-plugin/package.json
564 verbose installManyTop reading scoped package data from /Users/Duffis/Desktop/software.nosync/jams-journal-app/node_modules/@babel/helper-create-regexp-features-plugin/package.json
565 verbose installManyTop reading scoped package data from /Users/Duffis/Desktop/software.nosync/jams-journal-app/node_modules/@babel/helper-define-polyfill-provider/package.json
566 verbose installManyTop reading scoped package data from /Users/Duffis/Desktop/software.nosync/jams-journal-app/node_modules/@babel/helper-globals/package.json
567 verbose installManyTop reading scoped package data from /Users/Duffis/Desktop/software.nosync/jams-journal-app/node_modules/@babel/helper-member-expression-to-functions/package.json
568 verbose installManyTop reading scoped package data from /Users/Duffis/Desktop/software.nosync/jams-journal-app/node_modules/@babel/helper-module-imports/package.json
569 verbose installManyTop reading scoped package data from /Users/Duffis/Desktop/software.nosync/jams-journal-app/node_modules/@babel/helper-module-transforms/package.json
570 verbose installManyTop reading scoped package data from /Users/Duffis/Desktop/software.nosync/jams-journal-app/node_modules/@babel/helper-optimise-call-expression/package.json
571 verbose installManyTop reading scoped package data from /Users/Duffis/Desktop/software.nosync/jams-journal-app/node_modules/@babel/helper-plugin-utils/package.json
572 verbose installManyTop reading scoped package data from /Users/Duffis/Desktop/software.nosync/jams-journal-app/node_modules/@babel/helper-remap-async-to-generator/package.json
573 verbose installManyTop reading scoped package data from /Users/Duffis/Desktop/software.nosync/jams-journal-app/node_modules/@babel/helper-replace-supers/package.json
574 verbose installManyTop reading scoped package data from /Users/Duffis/Desktop/software.nosync/jams-journal-app/node_modules/@babel/helper-skip-transparent-expression-wrappers/package.json
575 verbose installManyTop reading scoped package data from /Users/Duffis/Desktop/software.nosync/jams-journal-app/node_modules/@babel/helper-string-parser/package.json
576 verbose installManyTop reading scoped package data from /Users/Duffis/Desktop/software.nosync/jams-journal-app/node_modules/@babel/helper-validator-identifier/package.json
577 verbose installManyTop reading scoped package data from /Users/Duffis/Desktop/software.nosync/jams-journal-app/node_modules/@babel/helper-validator-option/package.json
578 verbose installManyTop reading scoped package data from /Users/Duffis/Desktop/software.nosync/jams-journal-app/node_modules/@babel/helper-wrap-function/package.json
579 verbose installManyTop reading scoped package data from /Users/Duffis/Desktop/software.nosync/jams-journal-app/node_modules/@babel/helpers/package.json
580 verbose installManyTop reading scoped package data from /Users/Duffis/Desktop/software.nosync/jams-journal-app/node_modules/@babel/highlight/package.json
581 verbose installManyTop reading scoped package data from /Users/Duffis/Desktop/software.nosync/jams-journal-app/node_modules/@babel/parser/package.json
582 verbose installManyTop reading scoped package data from /Users/Duffis/Desktop/software.nosync/jams-journal-app/node_modules/@babel/plugin-proposal-decorators/package.json
583 verbose installManyTop reading scoped package data from /Users/Duffis/Desktop/software.nosync/jams-journal-app/node_modules/@babel/plugin-proposal-export-default-from/package.json
584 verbose installManyTop reading scoped package data from /Users/Duffis/Desktop/software.nosync/jams-journal-app/node_modules/@babel/plugin-syntax-async-generators/package.json
585 verbose installManyTop reading scoped package data from /Users/Duffis/Desktop/software.nosync/jams-journal-app/node_modules/@babel/plugin-syntax-bigint/package.json
586 verbose installManyTop reading scoped package data from /Users/Duffis/Desktop/software.nosync/jams-journal-app/node_modules/@babel/plugin-syntax-class-properties/package.json
587 verbose installManyTop reading scoped package data from /Users/Duffis/Desktop/software.nosync/jams-journal-app/node_modules/@babel/plugin-syntax-class-static-block/package.json
588 verbose installManyTop reading scoped package data from /Users/Duffis/Desktop/software.nosync/jams-journal-app/node_modules/@babel/plugin-syntax-decorators/package.json
589 verbose installManyTop reading scoped package data from /Users/Duffis/Desktop/software.nosync/jams-journal-app/node_modules/@babel/plugin-syntax-dynamic-import/package.json
590 verbose installManyTop reading scoped package data from /Users/Duffis/Desktop/software.nosync/jams-journal-app/node_modules/@babel/plugin-syntax-export-default-from/package.json
591 verbose installManyTop reading scoped package data from /Users/Duffis/Desktop/software.nosync/jams-journal-app/node_modules/@babel/plugin-syntax-flow/package.json
592 verbose installManyTop reading scoped package data from /Users/Duffis/Desktop/software.nosync/jams-journal-app/node_modules/@babel/plugin-syntax-import-attributes/package.json
593 verbose installManyTop reading scoped package data from /Users/Duffis/Desktop/software.nosync/jams-journal-app/node_modules/@babel/plugin-syntax-import-meta/package.json
594 verbose installManyTop reading scoped package data from /Users/Duffis/Desktop/software.nosync/jams-journal-app/node_modules/@babel/plugin-syntax-json-strings/package.json
595 verbose installManyTop reading scoped package data from /Users/Duffis/Desktop/software.nosync/jams-journal-app/node_modules/@babel/plugin-syntax-jsx/package.json
596 verbose installManyTop reading scoped package data from /Users/Duffis/Desktop/software.nosync/jams-journal-app/node_modules/@babel/plugin-syntax-logical-assignment-operators/package.json
597 verbose installManyTop reading scoped package data from /Users/Duffis/Desktop/software.nosync/jams-journal-app/node_modules/@babel/plugin-syntax-nullish-coalescing-operator/package.json
598 verbose installManyTop reading scoped package data from /Users/Duffis/Desktop/software.nosync/jams-journal-app/node_modules/@babel/plugin-syntax-numeric-separator/package.json
599 verbose installManyTop reading scoped package data from /Users/Duffis/Desktop/software.nosync/jams-journal-app/node_modules/@babel/plugin-syntax-object-rest-spread/package.json
600 verbose installManyTop reading scoped package data from /Users/Duffis/Desktop/software.nosync/jams-journal-app/node_modules/@babel/plugin-syntax-optional-catch-binding/package.json
601 verbose installManyTop reading scoped package data from /Users/Duffis/Desktop/software.nosync/jams-journal-app/node_modules/@babel/plugin-syntax-optional-chaining/package.json
602 verbose installManyTop reading scoped package data from /Users/Duffis/Desktop/software.nosync/jams-journal-app/node_modules/@babel/plugin-syntax-private-property-in-object/package.json
603 verbose installManyTop reading scoped package data from /Users/Duffis/Desktop/software.nosync/jams-journal-app/node_modules/@babel/plugin-syntax-top-level-await/package.json
604 verbose installManyTop reading scoped package data from /Users/Duffis/Desktop/software.nosync/jams-journal-app/node_modules/@babel/plugin-syntax-typescript/package.json
605 verbose installManyTop reading scoped package data from /Users/Duffis/Desktop/software.nosync/jams-journal-app/node_modules/@babel/plugin-transform-arrow-functions/package.json
606 verbose installManyTop reading scoped package data from /Users/Duffis/Desktop/software.nosync/jams-journal-app/node_modules/@babel/plugin-transform-async-generator-functions/package.json
607 verbose installManyTop reading scoped package data from /Users/Duffis/Desktop/software.nosync/jams-journal-app/node_modules/@babel/plugin-transform-async-to-generator/package.json
608 verbose installManyTop reading scoped package data from /Users/Duffis/Desktop/software.nosync/jams-journal-app/node_modules/@babel/plugin-transform-block-scoping/package.json
609 verbose installManyTop reading scoped package data from /Users/Duffis/Desktop/software.nosync/jams-journal-app/node_modules/@babel/plugin-transform-class-properties/package.json
610 verbose installManyTop reading scoped package data from /Users/Duffis/Desktop/software.nosync/jams-journal-app/node_modules/@babel/plugin-transform-class-static-block/package.json
611 verbose installManyTop reading scoped package data from /Users/Duffis/Desktop/software.nosync/jams-journal-app/node_modules/@babel/plugin-transform-classes/package.json
612 verbose installManyTop reading scoped package data from /Users/Duffis/Desktop/software.nosync/jams-journal-app/node_modules/@babel/plugin-transform-computed-properties/package.json
613 verbose installManyTop reading scoped package data from /Users/Duffis/Desktop/software.nosync/jams-journal-app/node_modules/@babel/plugin-transform-destructuring/package.json
614 verbose installManyTop reading scoped package data from /Users/Duffis/Desktop/software.nosync/jams-journal-app/node_modules/@babel/plugin-transform-export-namespace-from/package.json
615 verbose installManyTop reading scoped package data from /Users/Duffis/Desktop/software.nosync/jams-journal-app/node_modules/@babel/plugin-transform-flow-strip-types/package.json
616 verbose installManyTop reading scoped package data from /Users/Duffis/Desktop/software.nosync/jams-journal-app/node_modules/@babel/plugin-transform-for-of/package.json
617 verbose installManyTop reading scoped package data from /Users/Duffis/Desktop/software.nosync/jams-journal-app/node_modules/@babel/plugin-transform-function-name/package.json
618 verbose installManyTop reading scoped package data from /Users/Duffis/Desktop/software.nosync/jams-journal-app/node_modules/@babel/plugin-transform-literals/package.json
619 verbose installManyTop reading scoped package data from /Users/Duffis/Desktop/software.nosync/jams-journal-app/node_modules/@babel/plugin-transform-logical-assignment-operators/package.json
620 verbose installManyTop reading scoped package data from /Users/Duffis/Desktop/software.nosync/jams-journal-app/node_modules/@babel/plugin-transform-modules-commonjs/package.json
621 verbose installManyTop reading scoped package data from /Users/Duffis/Desktop/software.nosync/jams-journal-app/node_modules/@babel/plugin-transform-named-capturing-groups-regex/package.json
622 verbose installManyTop reading scoped package data from /Users/Duffis/Desktop/software.nosync/jams-journal-app/node_modules/@babel/plugin-transform-nullish-coalescing-operator/package.json
623 verbose installManyTop reading scoped package data from /Users/Duffis/Desktop/software.nosync/jams-journal-app/node_modules/@babel/plugin-transform-numeric-separator/package.json
624 verbose installManyTop reading scoped package data from /Users/Duffis/Desktop/software.nosync/jams-journal-app/node_modules/@babel/plugin-transform-object-rest-spread/package.json
625 verbose installManyTop reading scoped package data from /Users/Duffis/Desktop/software.nosync/jams-journal-app/node_modules/@babel/plugin-transform-optional-catch-binding/package.json
626 verbose installManyTop reading scoped package data from /Users/Duffis/Desktop/software.nosync/jams-journal-app/node_modules/@babel/plugin-transform-optional-chaining/package.json
627 verbose installManyTop reading scoped package data from /Users/Duffis/Desktop/software.nosync/jams-journal-app/node_modules/@babel/plugin-transform-parameters/package.json
628 verbose installManyTop reading scoped package data from /Users/Duffis/Desktop/software.nosync/jams-journal-app/node_modules/@babel/plugin-transform-private-methods/package.json
629 verbose installManyTop reading scoped package data from /Users/Duffis/Desktop/software.nosync/jams-journal-app/node_modules/@babel/plugin-transform-private-property-in-object/package.json
630 verbose installManyTop reading scoped package data from /Users/Duffis/Desktop/software.nosync/jams-journal-app/node_modules/@babel/plugin-transform-react-display-name/package.json
631 verbose installManyTop reading scoped package data from /Users/Duffis/Desktop/software.nosync/jams-journal-app/node_modules/@babel/plugin-transform-react-jsx/package.json
632 verbose installManyTop reading scoped package data from /Users/Duffis/Desktop/software.nosync/jams-journal-app/node_modules/@babel/plugin-transform-react-jsx-development/package.json
633 verbose installManyTop reading scoped package data from /Users/Duffis/Desktop/software.nosync/jams-journal-app/node_modules/@babel/plugin-transform-react-jsx-self/package.json
634 verbose installManyTop reading scoped package data from /Users/Duffis/Desktop/software.nosync/jams-journal-app/node_modules/@babel/plugin-transform-react-jsx-source/package.json
635 verbose installManyTop reading scoped package data from /Users/Duffis/Desktop/software.nosync/jams-journal-app/node_modules/@babel/plugin-transform-react-pure-annotations/package.json
636 verbose installManyTop reading scoped package data from /Users/Duffis/Desktop/software.nosync/jams-journal-app/node_modules/@babel/plugin-transform-regenerator/package.json
637 verbose installManyTop reading scoped package data from /Users/Duffis/Desktop/software.nosync/jams-journal-app/node_modules/@babel/plugin-transform-runtime/package.json
638 verbose installManyTop reading scoped package data from /Users/Duffis/Desktop/software.nosync/jams-journal-app/node_modules/@babel/plugin-transform-shorthand-properties/package.json
639 verbose installManyTop reading scoped package data from /Users/Duffis/Desktop/software.nosync/jams-journal-app/node_modules/@babel/plugin-transform-spread/package.json
640 verbose installManyTop reading scoped package data from /Users/Duffis/Desktop/software.nosync/jams-journal-app/node_modules/@babel/plugin-transform-sticky-regex/package.json
641 verbose installManyTop reading scoped package data from /Users/Duffis/Desktop/software.nosync/jams-journal-app/node_modules/@babel/plugin-transform-typescript/package.json
642 verbose installManyTop reading scoped package data from /Users/Duffis/Desktop/software.nosync/jams-journal-app/node_modules/@babel/plugin-transform-unicode-regex/package.json
643 verbose installManyTop reading scoped package data from /Users/Duffis/Desktop/software.nosync/jams-journal-app/node_modules/@babel/preset-react/package.json
644 verbose installManyTop reading scoped package data from /Users/Duffis/Desktop/software.nosync/jams-journal-app/node_modules/@babel/preset-typescript/package.json
645 verbose installManyTop reading scoped package data from /Users/Duffis/Desktop/software.nosync/jams-journal-app/node_modules/@babel/runtime/package.json
646 verbose installManyTop reading scoped package data from /Users/Duffis/Desktop/software.nosync/jams-journal-app/node_modules/@babel/template/package.json
647 verbose installManyTop reading scoped package data from /Users/Duffis/Desktop/software.nosync/jams-journal-app/node_modules/@babel/traverse/package.json
648 verbose installManyTop reading scoped package data from /Users/Duffis/Desktop/software.nosync/jams-journal-app/node_modules/@babel/traverse--for-generate-function-map/package.json
649 verbose installManyTop reading scoped package data from /Users/Duffis/Desktop/software.nosync/jams-journal-app/node_modules/@babel/types/package.json
650 verbose installManyTop reading scoped package data from /Users/Duffis/Desktop/software.nosync/jams-journal-app/node_modules/@native-html/css-processor/package.json
651 verbose installManyTop reading scoped package data from /Users/Duffis/Desktop/software.nosync/jams-journal-app/node_modules/@native-html/transient-render-engine/package.json
652 verbose installManyTop reading scoped package data from /Users/Duffis/Desktop/software.nosync/jams-journal-app/node_modules/@jsamr/counter-style/package.json
653 verbose installManyTop reading scoped package data from /Users/Duffis/Desktop/software.nosync/jams-journal-app/node_modules/@jsamr/react-native-li/package.json
654 verbose installManyTop reading scoped package data from /Users/Duffis/Desktop/software.nosync/jams-journal-app/node_modules/@react-native/assets-registry/package.json
655 verbose installManyTop reading scoped package data from /Users/Duffis/Desktop/software.nosync/jams-journal-app/node_modules/@react-native/babel-plugin-codegen/package.json
656 verbose installManyTop reading scoped package data from /Users/Duffis/Desktop/software.nosync/jams-journal-app/node_modules/@react-native/babel-preset/package.json
657 verbose installManyTop reading scoped package data from /Users/Duffis/Desktop/software.nosync/jams-journal-app/node_modules/@react-native/codegen/package.json
658 verbose installManyTop reading scoped package data from /Users/Duffis/Desktop/software.nosync/jams-journal-app/node_modules/@react-native/community-cli-plugin/package.json
659 verbose installManyTop reading scoped package data from /Users/Duffis/Desktop/software.nosync/jams-journal-app/node_modules/@react-native/debugger-frontend/package.json
660 verbose installManyTop reading scoped package data from /Users/Duffis/Desktop/software.nosync/jams-journal-app/node_modules/@react-native/dev-middleware/package.json
661 verbose installManyTop reading scoped package data from /Users/Duffis/Desktop/software.nosync/jams-journal-app/node_modules/@react-native/gradle-plugin/package.json
662 verbose installManyTop reading scoped package data from /Users/Duffis/Desktop/software.nosync/jams-journal-app/node_modules/@react-native/js-polyfills/package.json
663 verbose installManyTop reading scoped package data from /Users/Duffis/Desktop/software.nosync/jams-journal-app/node_modules/@react-native/normalize-colors/package.json
664 verbose installManyTop reading scoped package data from /Users/Duffis/Desktop/software.nosync/jams-journal-app/node_modules/@react-native/virtualized-lists/package.json
665 verbose installManyTop reading scoped package data from /Users/Duffis/Desktop/software.nosync/jams-journal-app/node_modules/@nodelib/fs.scandir/package.json
666 verbose installManyTop reading scoped package data from /Users/Duffis/Desktop/software.nosync/jams-journal-app/node_modules/@nodelib/fs.stat/package.json
667 verbose installManyTop reading scoped package data from /Users/Duffis/Desktop/software.nosync/jams-journal-app/node_modules/@nodelib/fs.walk/package.json
668 verbose installManyTop reading scoped package data from /Users/Duffis/Desktop/software.nosync/jams-journal-app/node_modules/@react-native-async-storage/async-storage/package.json
669 verbose installManyTop reading scoped package data from /Users/Duffis/Desktop/software.nosync/jams-journal-app/node_modules/@react-native-community/cli/package.json
670 verbose installManyTop reading scoped package data from /Users/Duffis/Desktop/software.nosync/jams-journal-app/node_modules/@react-native-community/cli-clean/package.json
671 verbose installManyTop reading scoped package data from /Users/Duffis/Desktop/software.nosync/jams-journal-app/node_modules/@react-native-community/cli-config/package.json
672 verbose installManyTop reading scoped package data from /Users/Duffis/Desktop/software.nosync/jams-journal-app/node_modules/@react-native-community/cli-config-android/package.json
673 verbose installManyTop reading scoped package data from /Users/Duffis/Desktop/software.nosync/jams-journal-app/node_modules/@react-native-community/cli-config-apple/package.json
674 verbose installManyTop reading scoped package data from /Users/Duffis/Desktop/software.nosync/jams-journal-app/node_modules/@react-native-community/cli-doctor/package.json
675 verbose installManyTop reading scoped package data from /Users/Duffis/Desktop/software.nosync/jams-journal-app/node_modules/@react-native-community/cli-platform-android/package.json
676 verbose installManyTop reading scoped package data from /Users/Duffis/Desktop/software.nosync/jams-journal-app/node_modules/@react-native-community/cli-platform-apple/package.json
677 verbose installManyTop reading scoped package data from /Users/Duffis/Desktop/software.nosync/jams-journal-app/node_modules/@react-native-community/cli-platform-ios/package.json
678 verbose installManyTop reading scoped package data from /Users/Duffis/Desktop/software.nosync/jams-journal-app/node_modules/@react-native-community/cli-server-api/package.json
679 verbose installManyTop reading scoped package data from /Users/Duffis/Desktop/software.nosync/jams-journal-app/node_modules/@react-native-community/cli-tools/package.json
680 verbose installManyTop reading scoped package data from /Users/Duffis/Desktop/software.nosync/jams-journal-app/node_modules/@react-native-community/cli-types/package.json
681 verbose installManyTop reading scoped package data from /Users/Duffis/Desktop/software.nosync/jams-journal-app/node_modules/@react-navigation/bottom-tabs/package.json
682 verbose installManyTop reading scoped package data from /Users/Duffis/Desktop/software.nosync/jams-journal-app/node_modules/@react-navigation/core/package.json
683 verbose installManyTop reading scoped package data from /Users/Duffis/Desktop/software.nosync/jams-journal-app/node_modules/@react-navigation/elements/package.json
684 verbose installManyTop reading scoped package data from /Users/Duffis/Desktop/software.nosync/jams-journal-app/node_modules/@react-navigation/material-top-tabs/package.json
685 verbose installManyTop reading scoped package data from /Users/Duffis/Desktop/software.nosync/jams-journal-app/node_modules/@react-navigation/native/package.json
686 verbose installManyTop reading scoped package data from /Users/Duffis/Desktop/software.nosync/jams-journal-app/node_modules/@react-navigation/native-stack/package.json
687 verbose installManyTop reading scoped package data from /Users/Duffis/Desktop/software.nosync/jams-journal-app/node_modules/@react-navigation/routers/package.json
688 verbose installManyTop reading scoped package data from /Users/Duffis/Desktop/software.nosync/jams-journal-app/node_modules/@sideway/address/package.json
689 verbose installManyTop reading scoped package data from /Users/Duffis/Desktop/software.nosync/jams-journal-app/node_modules/@sideway/formula/package.json
690 verbose installManyTop reading scoped package data from /Users/Duffis/Desktop/software.nosync/jams-journal-app/node_modules/@sideway/pinpoint/package.json
691 verbose installManyTop reading scoped package data from /Users/Duffis/Desktop/software.nosync/jams-journal-app/node_modules/@sinclair/typebox/package.json
692 verbose installManyTop reading scoped package data from /Users/Duffis/Desktop/software.nosync/jams-journal-app/node_modules/@sinonjs/commons/package.json
693 verbose installManyTop reading scoped package data from /Users/Duffis/Desktop/software.nosync/jams-journal-app/node_modules/@sinonjs/fake-timers/package.json
694 verbose installManyTop reading scoped package data from /Users/Duffis/Desktop/software.nosync/jams-journal-app/node_modules/@supabase/auth-js/package.json
695 verbose installManyTop reading scoped package data from /Users/Duffis/Desktop/software.nosync/jams-journal-app/node_modules/@supabase/functions-js/package.json
696 verbose installManyTop reading scoped package data from /Users/Duffis/Desktop/software.nosync/jams-journal-app/node_modules/@supabase/postgrest-js/package.json
697 verbose installManyTop reading scoped package data from /Users/Duffis/Desktop/software.nosync/jams-journal-app/node_modules/@supabase/realtime-js/package.json
698 verbose installManyTop reading scoped package data from /Users/Duffis/Desktop/software.nosync/jams-journal-app/node_modules/@supabase/storage-js/package.json
699 verbose installManyTop reading scoped package data from /Users/Duffis/Desktop/software.nosync/jams-journal-app/node_modules/@supabase/supabase-js/package.json
700 verbose installManyTop reading scoped package data from /Users/Duffis/Desktop/software.nosync/jams-journal-app/node_modules/@types/babel__core/package.json
701 verbose installManyTop reading scoped package data from /Users/Duffis/Desktop/software.nosync/jams-journal-app/node_modules/@types/babel__generator/package.json
702 verbose installManyTop reading scoped package data from /Users/Duffis/Desktop/software.nosync/jams-journal-app/node_modules/@types/babel__template/package.json
703 verbose installManyTop reading scoped package data from /Users/Duffis/Desktop/software.nosync/jams-journal-app/node_modules/@types/babel__traverse/package.json
704 verbose installManyTop reading scoped package data from /Users/Duffis/Desktop/software.nosync/jams-journal-app/node_modules/@types/graceful-fs/package.json
705 verbose installManyTop reading scoped package data from /Users/Duffis/Desktop/software.nosync/jams-journal-app/node_modules/@types/istanbul-lib-coverage/package.json
706 verbose installManyTop reading scoped package data from /Users/Duffis/Desktop/software.nosync/jams-journal-app/node_modules/@types/istanbul-lib-report/package.json
707 verbose installManyTop reading scoped package data from /Users/Duffis/Desktop/software.nosync/jams-journal-app/node_modules/@types/istanbul-reports/package.json
708 verbose installManyTop reading scoped package data from /Users/Duffis/Desktop/software.nosync/jams-journal-app/node_modules/@types/node/package.json
709 verbose installManyTop reading scoped package data from /Users/Duffis/Desktop/software.nosync/jams-journal-app/node_modules/@types/phoenix/package.json
710 verbose installManyTop reading scoped package data from /Users/Duffis/Desktop/software.nosync/jams-journal-app/node_modules/@types/ramda/package.json
711 verbose installManyTop reading scoped package data from /Users/Duffis/Desktop/software.nosync/jams-journal-app/node_modules/@types/react/package.json
712 verbose installManyTop reading scoped package data from /Users/Duffis/Desktop/software.nosync/jams-journal-app/node_modules/@types/react-native/package.json
713 verbose installManyTop reading scoped package data from /Users/Duffis/Desktop/software.nosync/jams-journal-app/node_modules/@types/react-native-vector-icons/package.json
714 verbose installManyTop reading scoped package data from /Users/Duffis/Desktop/software.nosync/jams-journal-app/node_modules/@types/stack-utils/package.json
715 verbose installManyTop reading scoped package data from /Users/Duffis/Desktop/software.nosync/jams-journal-app/node_modules/@types/urijs/package.json
716 verbose installManyTop reading scoped package data from /Users/Duffis/Desktop/software.nosync/jams-journal-app/node_modules/@types/ws/package.json
717 verbose installManyTop reading scoped package data from /Users/Duffis/Desktop/software.nosync/jams-journal-app/node_modules/@types/yargs/package.json
718 verbose installManyTop reading scoped package data from /Users/Duffis/Desktop/software.nosync/jams-journal-app/node_modules/@types/yargs-parser/package.json
719 verbose installManyTop reading scoped package data from /Users/Duffis/Desktop/software.nosync/jams-journal-app/node_modules/@ungap/structured-clone/package.json
720 verbose installManyTop reading scoped package data from /Users/Duffis/Desktop/software.nosync/jams-journal-app/node_modules/@urql/core/package.json
721 verbose installManyTop reading scoped package data from /Users/Duffis/Desktop/software.nosync/jams-journal-app/node_modules/@urql/exchange-retry/package.json
722 verbose installManyTop reading scoped package data from /Users/Duffis/Desktop/software.nosync/jams-journal-app/node_modules/@vscode/sudo-prompt/package.json
723 verbose installManyTop reading scoped package data from /Users/Duffis/Desktop/software.nosync/jams-journal-app/node_modules/@xmldom/xmldom/package.json
724 verbose installManyTop reading scoped package data from /Users/Duffis/Desktop/software.nosync/jams-journal-app/node_modules/@wry/caches/package.json
725 verbose installManyTop reading scoped package data from /Users/Duffis/Desktop/software.nosync/jams-journal-app/node_modules/@wry/context/package.json
726 verbose installManyTop reading scoped package data from /Users/Duffis/Desktop/software.nosync/jams-journal-app/node_modules/@wry/equality/package.json
727 verbose installManyTop reading scoped package data from /Users/Duffis/Desktop/software.nosync/jams-journal-app/node_modules/@wry/trie/package.json
728 verbose installManyTop reading scoped package data from /Users/Duffis/Desktop/software.nosync/jams-journal-app/node_modules/@rneui/base/package.json
729 verbose installManyTop reading scoped package data from /Users/Duffis/Desktop/software.nosync/jams-journal-app/node_modules/@rneui/themed/package.json
730 info package.json jest-message-util@29.7.0 No description
731 info package.json jest-message-util@29.7.0 No README data
732 info package.json jest-haste-map@29.7.0 No description
733 info package.json jest-haste-map@29.7.0 No README data
734 info package.json jest-environment-node@29.7.0 No description
735 info package.json jest-environment-node@29.7.0 No README data
736 info package.json jest-get-type@29.6.3 No README data
737 info package.json jest-regex-util@29.6.3 No description
738 info package.json jest-regex-util@29.6.3 No README data
739 info package.json launch-editor@2.13.0 No README data
740 info package.json metro-cache-key@0.83.2 No README data
741 info package.json metro-runtime@0.83.2 No README data
742 info package.json metro-transform-plugins@0.83.2 No README data
743 info package.json metro-symbolicate@0.83.2 No README data
744 info package.json metro-babel-transformer@0.83.2 No README data
745 info package.json metro-cache@0.83.2 No README data
746 info package.json metro-minify-terser@0.83.2 No README data
747 info package.json metro-transform-worker@0.83.2 No README data
748 info package.json setimmediate@1.0.5 No README data
749 info package.json tr46@0.0.3 No README data
750 info package.json @expo/metro@54.2.0 No README data
751 info package.json @graphql-typed-document-node/core@3.2.0 No description
752 info package.json @graphql-typed-document-node/core@3.2.0 No README data
753 info package.json @expo/ws-tunnel@1.0.6 No description
754 info package.json @expo/ws-tunnel@1.0.6 No repository field.
755 info package.json @expo/ws-tunnel@1.0.6 No README data
756 info package.json @jest/environment@29.7.0 No description
757 info package.json @jest/environment@29.7.0 No README data
758 info package.json @jest/fake-timers@29.7.0 No description
759 info package.json @jest/fake-timers@29.7.0 No README data
760 info package.json @jest/transform@29.7.0 No description
761 info package.json @jest/transform@29.7.0 No README data
762 info package.json @react-native-community/cli-tools@20.1.1 No description
763 info package.json @react-native-community/cli-tools@20.1.1 No README data
764 info package.json @react-native-community/cli-server-api@20.1.1 No description
765 info package.json @react-native-community/cli-server-api@20.1.1 No README data
766 info package.json @react-native-community/cli-types@20.1.1 No description
767 info package.json @react-native-community/cli-types@20.1.1 No README data
768 info package.json buffer@5.7.1 buffer is also the name of a node core module.
769 info package.json chownr@3.0.0 license should be a valid SPDX license expression
770 info package.json events@3.3.0 events is also the name of a node core module.
771 info package.json glob@13.0.6 license should be a valid SPDX license expression
772 info package.json lighthouse-logger@1.4.2 No repository field.
773 info package.json minipass@7.1.3 license should be a valid SPDX license expression
774 info package.json path-scurry@2.0.2 license should be a valid SPDX license expression
775 info package.json qrcode-terminal@0.11.0 No license field.
776 info package.json punycode@2.3.1 punycode is also the name of a node core module.
777 info package.json require-from-string@2.0.2 keywords should be an array of strings
778 info package.json requireg@0.2.2 No license field.
779 info package.json sax@1.4.4 license should be a valid SPDX license expression
780 info package.json string_decoder@1.3.0 string_decoder is also the name of a node core module.
781 info package.json tar@7.5.9 license should be a valid SPDX license expression
782 info package.json @expo/sdk-runtime-versions@1.0.0 No repository field.
783 verbose readDependencies loading dependencies from /Users/Duffis/Desktop/software.nosync/jams-journal-app/package.json
784 verbose targetResolver reading package data from /Users/Duffis/Desktop/software.nosync/jams-journal-app/node_modules/abort-controller/package.json
785 verbose targetResolver reading package data from /Users/Duffis/Desktop/software.nosync/jams-journal-app/node_modules/accepts/package.json
786 verbose targetResolver reading package data from /Users/Duffis/Desktop/software.nosync/jams-journal-app/node_modules/acorn/package.json
787 verbose targetResolver reading package data from /Users/Duffis/Desktop/software.nosync/jams-journal-app/node_modules/agent-base/package.json
788 verbose targetResolver reading package data from /Users/Duffis/Desktop/software.nosync/jams-journal-app/node_modules/anser/package.json
789 verbose targetResolver reading package data from /Users/Duffis/Desktop/software.nosync/jams-journal-app/node_modules/ansi-escapes/package.json
790 verbose targetResolver reading package data from /Users/Duffis/Desktop/software.nosync/jams-journal-app/node_modules/ansi-fragments/package.json
791 verbose targetResolver reading package data from /Users/Duffis/Desktop/software.nosync/jams-journal-app/node_modules/ansi-regex/package.json
792 verbose targetResolver reading package data from /Users/Duffis/Desktop/software.nosync/jams-journal-app/node_modules/ansi-styles/package.json
793 verbose targetResolver reading package data from /Users/Duffis/Desktop/software.nosync/jams-journal-app/node_modules/any-promise/package.json
794 verbose targetResolver reading package data from /Users/Duffis/Desktop/software.nosync/jams-journal-app/node_modules/anymatch/package.json
795 verbose targetResolver reading package data from /Users/Duffis/Desktop/software.nosync/jams-journal-app/node_modules/appdirsjs/package.json
796 verbose targetResolver reading package data from /Users/Duffis/Desktop/software.nosync/jams-journal-app/node_modules/arg/package.json
797 verbose targetResolver reading package data from /Users/Duffis/Desktop/software.nosync/jams-journal-app/node_modules/argparse/package.json
798 verbose targetResolver reading package data from /Users/Duffis/Desktop/software.nosync/jams-journal-app/node_modules/asap/package.json
799 verbose targetResolver reading package data from /Users/Duffis/Desktop/software.nosync/jams-journal-app/node_modules/astral-regex/package.json
800 verbose targetResolver reading package data from /Users/Duffis/Desktop/software.nosync/jams-journal-app/node_modules/async-limiter/package.json
801 verbose targetResolver reading package data from /Users/Duffis/Desktop/software.nosync/jams-journal-app/node_modules/babel-jest/package.json
802 verbose targetResolver reading package data from /Users/Duffis/Desktop/software.nosync/jams-journal-app/node_modules/babel-plugin-istanbul/package.json
803 verbose targetResolver reading package data from /Users/Duffis/Desktop/software.nosync/jams-journal-app/node_modules/babel-plugin-jest-hoist/package.json
804 verbose targetResolver reading package data from /Users/Duffis/Desktop/software.nosync/jams-journal-app/node_modules/babel-plugin-polyfill-corejs2/package.json
805 verbose targetResolver reading package data from /Users/Duffis/Desktop/software.nosync/jams-journal-app/node_modules/babel-plugin-polyfill-corejs3/package.json
806 verbose targetResolver reading package data from /Users/Duffis/Desktop/software.nosync/jams-journal-app/node_modules/babel-plugin-polyfill-regenerator/package.json
807 verbose targetResolver reading package data from /Users/Duffis/Desktop/software.nosync/jams-journal-app/node_modules/babel-plugin-react-compiler/package.json
808 verbose targetResolver reading package data from /Users/Duffis/Desktop/software.nosync/jams-journal-app/node_modules/babel-plugin-react-native-web/package.json
809 verbose targetResolver reading package data from /Users/Duffis/Desktop/software.nosync/jams-journal-app/node_modules/babel-plugin-syntax-hermes-parser/package.json
810 verbose targetResolver reading package data from /Users/Duffis/Desktop/software.nosync/jams-journal-app/node_modules/babel-plugin-transform-flow-enums/package.json
811 verbose targetResolver reading package data from /Users/Duffis/Desktop/software.nosync/jams-journal-app/node_modules/babel-preset-current-node-syntax/package.json
812 verbose targetResolver reading package data from /Users/Duffis/Desktop/software.nosync/jams-journal-app/node_modules/babel-preset-expo/package.json
813 verbose targetResolver reading package data from /Users/Duffis/Desktop/software.nosync/jams-journal-app/node_modules/babel-preset-jest/package.json
814 verbose targetResolver reading package data from /Users/Duffis/Desktop/software.nosync/jams-journal-app/node_modules/balanced-match/package.json
815 verbose targetResolver reading package data from /Users/Duffis/Desktop/software.nosync/jams-journal-app/node_modules/base64-js/package.json
816 verbose targetResolver reading package data from /Users/Duffis/Desktop/software.nosync/jams-journal-app/node_modules/baseline-browser-mapping/package.json
817 verbose targetResolver reading package data from /Users/Duffis/Desktop/software.nosync/jams-journal-app/node_modules/better-opn/package.json
818 verbose targetResolver reading package data from /Users/Duffis/Desktop/software.nosync/jams-journal-app/node_modules/big-integer/package.json
819 verbose targetResolver reading package data from /Users/Duffis/Desktop/software.nosync/jams-journal-app/node_modules/bl/package.json
820 verbose targetResolver reading package data from /Users/Duffis/Desktop/software.nosync/jams-journal-app/node_modules/body-parser/package.json
821 verbose targetResolver reading package data from /Users/Duffis/Desktop/software.nosync/jams-journal-app/node_modules/bplist-creator/package.json
822 verbose targetResolver reading package data from /Users/Duffis/Desktop/software.nosync/jams-journal-app/node_modules/bplist-parser/package.json
823 verbose targetResolver reading package data from /Users/Duffis/Desktop/software.nosync/jams-journal-app/node_modules/brace-expansion/package.json
824 verbose targetResolver reading package data from /Users/Duffis/Desktop/software.nosync/jams-journal-app/node_modules/braces/package.json
825 verbose targetResolver reading package data from /Users/Duffis/Desktop/software.nosync/jams-journal-app/node_modules/browserslist/package.json
826 verbose targetResolver reading package data from /Users/Duffis/Desktop/software.nosync/jams-journal-app/node_modules/bser/package.json
827 verbose targetResolver reading package data from /Users/Duffis/Desktop/software.nosync/jams-journal-app/node_modules/buffer/package.json
828 verbose targetResolver reading package data from /Users/Duffis/Desktop/software.nosync/jams-journal-app/node_modules/buffer-from/package.json
829 verbose targetResolver reading package data from /Users/Duffis/Desktop/software.nosync/jams-journal-app/node_modules/bytes/package.json
830 verbose targetResolver reading package data from /Users/Duffis/Desktop/software.nosync/jams-journal-app/node_modules/call-bind-apply-helpers/package.json
831 verbose targetResolver reading package data from /Users/Duffis/Desktop/software.nosync/jams-journal-app/node_modules/call-bound/package.json
832 verbose targetResolver reading package data from /Users/Duffis/Desktop/software.nosync/jams-journal-app/node_modules/callsites/package.json
833 verbose targetResolver reading package data from /Users/Duffis/Desktop/software.nosync/jams-journal-app/node_modules/camelcase/package.json
834 verbose targetResolver reading package data from /Users/Duffis/Desktop/software.nosync/jams-journal-app/node_modules/camelize/package.json
835 verbose targetResolver reading package data from /Users/Duffis/Desktop/software.nosync/jams-journal-app/node_modules/caniuse-lite/package.json
836 verbose targetResolver reading package data from /Users/Duffis/Desktop/software.nosync/jams-journal-app/node_modules/chalk/package.json
837 verbose targetResolver reading package data from /Users/Duffis/Desktop/software.nosync/jams-journal-app/node_modules/character-entities-html4/package.json
838 verbose targetResolver reading package data from /Users/Duffis/Desktop/software.nosync/jams-journal-app/node_modules/character-entities-legacy/package.json
839 verbose targetResolver reading package data from /Users/Duffis/Desktop/software.nosync/jams-journal-app/node_modules/chownr/package.json
840 verbose targetResolver reading package data from /Users/Duffis/Desktop/software.nosync/jams-journal-app/node_modules/chrome-launcher/package.json
841 verbose targetResolver reading package data from /Users/Duffis/Desktop/software.nosync/jams-journal-app/node_modules/chromium-edge-launcher/package.json
842 verbose targetResolver reading package data from /Users/Duffis/Desktop/software.nosync/jams-journal-app/node_modules/ci-info/package.json
843 verbose targetResolver reading package data from /Users/Duffis/Desktop/software.nosync/jams-journal-app/node_modules/cli-cursor/package.json
844 verbose targetResolver reading package data from /Users/Duffis/Desktop/software.nosync/jams-journal-app/node_modules/cli-spinners/package.json
845 verbose targetResolver reading package data from /Users/Duffis/Desktop/software.nosync/jams-journal-app/node_modules/cliui/package.json
846 verbose targetResolver reading package data from /Users/Duffis/Desktop/software.nosync/jams-journal-app/node_modules/clone/package.json
847 verbose targetResolver reading package data from /Users/Duffis/Desktop/software.nosync/jams-journal-app/node_modules/color/package.json
848 verbose targetResolver reading package data from /Users/Duffis/Desktop/software.nosync/jams-journal-app/node_modules/color-convert/package.json
849 verbose targetResolver reading package data from /Users/Duffis/Desktop/software.nosync/jams-journal-app/node_modules/color-name/package.json
850 verbose targetResolver reading package data from /Users/Duffis/Desktop/software.nosync/jams-journal-app/node_modules/color-string/package.json
851 verbose targetResolver reading package data from /Users/Duffis/Desktop/software.nosync/jams-journal-app/node_modules/colorette/package.json
852 verbose targetResolver reading package data from /Users/Duffis/Desktop/software.nosync/jams-journal-app/node_modules/command-exists/package.json
853 verbose targetResolver reading package data from /Users/Duffis/Desktop/software.nosync/jams-journal-app/node_modules/commander/package.json
854 verbose targetResolver reading package data from /Users/Duffis/Desktop/software.nosync/jams-journal-app/node_modules/compressible/package.json
855 verbose targetResolver reading package data from /Users/Duffis/Desktop/software.nosync/jams-journal-app/node_modules/compression/package.json
856 verbose targetResolver reading package data from /Users/Duffis/Desktop/software.nosync/jams-journal-app/node_modules/concat-map/package.json
857 verbose targetResolver reading package data from /Users/Duffis/Desktop/software.nosync/jams-journal-app/node_modules/connect/package.json
858 verbose targetResolver reading package data from /Users/Duffis/Desktop/software.nosync/jams-journal-app/node_modules/content-type/package.json
859 verbose targetResolver reading package data from /Users/Duffis/Desktop/software.nosync/jams-journal-app/node_modules/convert-source-map/package.json
860 verbose targetResolver reading package data from /Users/Duffis/Desktop/software.nosync/jams-journal-app/node_modules/core-js-compat/package.json
861 verbose targetResolver reading package data from /Users/Duffis/Desktop/software.nosync/jams-journal-app/node_modules/cosmiconfig/package.json
862 verbose targetResolver reading package data from /Users/Duffis/Desktop/software.nosync/jams-journal-app/node_modules/cross-fetch/package.json
863 verbose targetResolver reading package data from /Users/Duffis/Desktop/software.nosync/jams-journal-app/node_modules/cross-spawn/package.json
864 verbose targetResolver reading package data from /Users/Duffis/Desktop/software.nosync/jams-journal-app/node_modules/crypto-random-string/package.json
865 verbose targetResolver reading package data from /Users/Duffis/Desktop/software.nosync/jams-journal-app/node_modules/css-color-keywords/package.json
866 verbose targetResolver reading package data from /Users/Duffis/Desktop/software.nosync/jams-journal-app/node_modules/css-in-js-utils/package.json
867 verbose targetResolver reading package data from /Users/Duffis/Desktop/software.nosync/jams-journal-app/node_modules/css-to-react-native/package.json
868 verbose targetResolver reading package data from /Users/Duffis/Desktop/software.nosync/jams-journal-app/node_modules/csstype/package.json
869 verbose targetResolver reading package data from /Users/Duffis/Desktop/software.nosync/jams-journal-app/node_modules/dayjs/package.json
870 verbose targetResolver reading package data from /Users/Duffis/Desktop/software.nosync/jams-journal-app/node_modules/debug/package.json
871 verbose targetResolver reading package data from /Users/Duffis/Desktop/software.nosync/jams-journal-app/node_modules/decamelize/package.json
872 verbose targetResolver reading package data from /Users/Duffis/Desktop/software.nosync/jams-journal-app/node_modules/decode-uri-component/package.json
873 verbose targetResolver reading package data from /Users/Duffis/Desktop/software.nosync/jams-journal-app/node_modules/deep-extend/package.json
874 verbose targetResolver reading package data from /Users/Duffis/Desktop/software.nosync/jams-journal-app/node_modules/deepmerge/package.json
875 verbose targetResolver reading package data from /Users/Duffis/Desktop/software.nosync/jams-journal-app/node_modules/defaults/package.json
876 verbose targetResolver reading package data from /Users/Duffis/Desktop/software.nosync/jams-journal-app/node_modules/define-lazy-prop/package.json
877 verbose targetResolver reading package data from /Users/Duffis/Desktop/software.nosync/jams-journal-app/node_modules/depd/package.json
878 verbose targetResolver reading package data from /Users/Duffis/Desktop/software.nosync/jams-journal-app/node_modules/destroy/package.json
879 verbose targetResolver reading package data from /Users/Duffis/Desktop/software.nosync/jams-journal-app/node_modules/detect-libc/package.json
880 verbose targetResolver reading package data from /Users/Duffis/Desktop/software.nosync/jams-journal-app/node_modules/dom-serializer/package.json
881 verbose targetResolver reading package data from /Users/Duffis/Desktop/software.nosync/jams-journal-app/node_modules/domelementtype/package.json
882 verbose targetResolver reading package data from /Users/Duffis/Desktop/software.nosync/jams-journal-app/node_modules/domhandler/package.json
883 verbose targetResolver reading package data from /Users/Duffis/Desktop/software.nosync/jams-journal-app/node_modules/domutils/package.json
884 verbose targetResolver reading package data from /Users/Duffis/Desktop/software.nosync/jams-journal-app/node_modules/dotenv/package.json
885 verbose targetResolver reading package data from /Users/Duffis/Desktop/software.nosync/jams-journal-app/node_modules/dotenv-expand/package.json
886 verbose targetResolver reading package data from /Users/Duffis/Desktop/software.nosync/jams-journal-app/node_modules/dunder-proto/package.json
887 verbose targetResolver reading package data from /Users/Duffis/Desktop/software.nosync/jams-journal-app/node_modules/ee-first/package.json
888 verbose targetResolver reading package data from /Users/Duffis/Desktop/software.nosync/jams-journal-app/node_modules/electron-to-chromium/package.json
889 verbose targetResolver reading package data from /Users/Duffis/Desktop/software.nosync/jams-journal-app/node_modules/encodeurl/package.json
890 verbose targetResolver reading package data from /Users/Duffis/Desktop/software.nosync/jams-journal-app/node_modules/entities/package.json
891 verbose targetResolver reading package data from /Users/Duffis/Desktop/software.nosync/jams-journal-app/node_modules/env-editor/package.json
892 verbose targetResolver reading package data from /Users/Duffis/Desktop/software.nosync/jams-journal-app/node_modules/env-paths/package.json
893 verbose targetResolver reading package data from /Users/Duffis/Desktop/software.nosync/jams-journal-app/node_modules/envinfo/package.json
894 verbose targetResolver reading package data from /Users/Duffis/Desktop/software.nosync/jams-journal-app/node_modules/error-ex/package.json
895 verbose targetResolver reading package data from /Users/Duffis/Desktop/software.nosync/jams-journal-app/node_modules/error-stack-parser/package.json
896 verbose targetResolver reading package data from /Users/Duffis/Desktop/software.nosync/jams-journal-app/node_modules/errorhandler/package.json
897 verbose targetResolver reading package data from /Users/Duffis/Desktop/software.nosync/jams-journal-app/node_modules/es-define-property/package.json
898 verbose targetResolver reading package data from /Users/Duffis/Desktop/software.nosync/jams-journal-app/node_modules/es-errors/package.json
899 verbose targetResolver reading package data from /Users/Duffis/Desktop/software.nosync/jams-journal-app/node_modules/es-object-atoms/package.json
900 verbose targetResolver reading package data from /Users/Duffis/Desktop/software.nosync/jams-journal-app/node_modules/escalade/package.json
901 verbose targetResolver reading package data from /Users/Duffis/Desktop/software.nosync/jams-journal-app/node_modules/escape-html/package.json
902 verbose targetResolver reading package data from /Users/Duffis/Desktop/software.nosync/jams-journal-app/node_modules/escape-string-regexp/package.json
903 verbose targetResolver reading package data from /Users/Duffis/Desktop/software.nosync/jams-journal-app/node_modules/esprima/package.json
904 verbose targetResolver reading package data from /Users/Duffis/Desktop/software.nosync/jams-journal-app/node_modules/etag/package.json
905 verbose targetResolver reading package data from /Users/Duffis/Desktop/software.nosync/jams-journal-app/node_modules/event-target-shim/package.json
906 verbose targetResolver reading package data from /Users/Duffis/Desktop/software.nosync/jams-journal-app/node_modules/events/package.json
907 verbose targetResolver reading package data from /Users/Duffis/Desktop/software.nosync/jams-journal-app/node_modules/exec-async/package.json
908 verbose targetResolver reading package data from /Users/Duffis/Desktop/software.nosync/jams-journal-app/node_modules/execa/package.json
909 verbose targetResolver reading package data from /Users/Duffis/Desktop/software.nosync/jams-journal-app/node_modules/expo/package.json
910 verbose targetResolver reading package data from /Users/Duffis/Desktop/software.nosync/jams-journal-app/node_modules/expo-asset/package.json
911 verbose targetResolver reading package data from /Users/Duffis/Desktop/software.nosync/jams-journal-app/node_modules/expo-constants/package.json
912 verbose targetResolver reading package data from /Users/Duffis/Desktop/software.nosync/jams-journal-app/node_modules/expo-device/package.json
913 verbose targetResolver reading package data from /Users/Duffis/Desktop/software.nosync/jams-journal-app/node_modules/expo-file-system/package.json
914 verbose targetResolver reading package data from /Users/Duffis/Desktop/software.nosync/jams-journal-app/node_modules/expo-font/package.json
915 verbose targetResolver reading package data from /Users/Duffis/Desktop/software.nosync/jams-journal-app/node_modules/expo-keep-awake/package.json
916 verbose targetResolver reading package data from /Users/Duffis/Desktop/software.nosync/jams-journal-app/node_modules/expo-modules-autolinking/package.json
917 verbose targetResolver reading package data from /Users/Duffis/Desktop/software.nosync/jams-journal-app/node_modules/expo-modules-core/package.json
918 verbose targetResolver reading package data from /Users/Duffis/Desktop/software.nosync/jams-journal-app/node_modules/expo-notifications/package.json
919 verbose targetResolver reading package data from /Users/Duffis/Desktop/software.nosync/jams-journal-app/node_modules/expo-server/package.json
920 verbose targetResolver reading package data from /Users/Duffis/Desktop/software.nosync/jams-journal-app/node_modules/expo-splash-screen/package.json
921 verbose targetResolver reading package data from /Users/Duffis/Desktop/software.nosync/jams-journal-app/node_modules/expo-status-bar/package.json
922 verbose targetResolver reading package data from /Users/Duffis/Desktop/software.nosync/jams-journal-app/node_modules/exponential-backoff/package.json
923 verbose targetResolver reading package data from /Users/Duffis/Desktop/software.nosync/jams-journal-app/node_modules/fast-deep-equal/package.json
924 verbose targetResolver reading package data from /Users/Duffis/Desktop/software.nosync/jams-journal-app/node_modules/fast-glob/package.json
925 verbose targetResolver reading package data from /Users/Duffis/Desktop/software.nosync/jams-journal-app/node_modules/fast-json-stable-stringify/package.json
926 verbose targetResolver reading package data from /Users/Duffis/Desktop/software.nosync/jams-journal-app/node_modules/fast-xml-parser/package.json
927 verbose targetResolver reading package data from /Users/Duffis/Desktop/software.nosync/jams-journal-app/node_modules/fastq/package.json
928 verbose targetResolver reading package data from /Users/Duffis/Desktop/software.nosync/jams-journal-app/node_modules/fb-watchman/package.json
929 verbose targetResolver reading package data from /Users/Duffis/Desktop/software.nosync/jams-journal-app/node_modules/fbjs/package.json
930 verbose targetResolver reading package data from /Users/Duffis/Desktop/software.nosync/jams-journal-app/node_modules/fbjs-css-vars/package.json
931 verbose targetResolver reading package data from /Users/Duffis/Desktop/software.nosync/jams-journal-app/node_modules/fdir/package.json
932 verbose targetResolver reading package data from /Users/Duffis/Desktop/software.nosync/jams-journal-app/node_modules/fill-range/package.json
933 verbose targetResolver reading package data from /Users/Duffis/Desktop/software.nosync/jams-journal-app/node_modules/filter-obj/package.json
934 verbose targetResolver reading package data from /Users/Duffis/Desktop/software.nosync/jams-journal-app/node_modules/finalhandler/package.json
935 verbose targetResolver reading package data from /Users/Duffis/Desktop/software.nosync/jams-journal-app/node_modules/find-up/package.json
936 verbose targetResolver reading package data from /Users/Duffis/Desktop/software.nosync/jams-journal-app/node_modules/flow-enums-runtime/package.json
937 verbose targetResolver reading package data from /Users/Duffis/Desktop/software.nosync/jams-journal-app/node_modules/fontfaceobserver/package.json
938 verbose targetResolver reading package data from /Users/Duffis/Desktop/software.nosync/jams-journal-app/node_modules/freeport-async/package.json
939 verbose targetResolver reading package data from /Users/Duffis/Desktop/software.nosync/jams-journal-app/node_modules/fresh/package.json
940 verbose targetResolver reading package data from /Users/Duffis/Desktop/software.nosync/jams-journal-app/node_modules/fs-extra/package.json
941 verbose targetResolver reading package data from /Users/Duffis/Desktop/software.nosync/jams-journal-app/node_modules/fs.realpath/package.json
942 verbose targetResolver reading package data from /Users/Duffis/Desktop/software.nosync/jams-journal-app/node_modules/fsevents/package.json
943 verbose targetResolver reading package data from /Users/Duffis/Desktop/software.nosync/jams-journal-app/node_modules/function-bind/package.json
944 verbose targetResolver reading package data from /Users/Duffis/Desktop/software.nosync/jams-journal-app/node_modules/gensync/package.json
945 verbose targetResolver reading package data from /Users/Duffis/Desktop/software.nosync/jams-journal-app/node_modules/get-caller-file/package.json
946 verbose targetResolver reading package data from /Users/Duffis/Desktop/software.nosync/jams-journal-app/node_modules/get-intrinsic/package.json
947 verbose targetResolver reading package data from /Users/Duffis/Desktop/software.nosync/jams-journal-app/node_modules/get-package-type/package.json
948 verbose targetResolver reading package data from /Users/Duffis/Desktop/software.nosync/jams-journal-app/node_modules/get-proto/package.json
949 verbose targetResolver reading package data from /Users/Duffis/Desktop/software.nosync/jams-journal-app/node_modules/get-stream/package.json
950 verbose targetResolver reading package data from /Users/Duffis/Desktop/software.nosync/jams-journal-app/node_modules/getenv/package.json
951 verbose targetResolver reading package data from /Users/Duffis/Desktop/software.nosync/jams-journal-app/node_modules/glob/package.json
952 verbose targetResolver reading package data from /Users/Duffis/Desktop/software.nosync/jams-journal-app/node_modules/glob-parent/package.json
953 verbose targetResolver reading package data from /Users/Duffis/Desktop/software.nosync/jams-journal-app/node_modules/global-dirs/package.json
954 verbose targetResolver reading package data from /Users/Duffis/Desktop/software.nosync/jams-journal-app/node_modules/gopd/package.json
955 verbose targetResolver reading package data from /Users/Duffis/Desktop/software.nosync/jams-journal-app/node_modules/graceful-fs/package.json
956 verbose targetResolver reading package data from /Users/Duffis/Desktop/software.nosync/jams-journal-app/node_modules/graphql/package.json
957 verbose targetResolver reading package data from /Users/Duffis/Desktop/software.nosync/jams-journal-app/node_modules/graphql-tag/package.json
958 verbose targetResolver reading package data from /Users/Duffis/Desktop/software.nosync/jams-journal-app/node_modules/has-flag/package.json
959 verbose targetResolver reading package data from /Users/Duffis/Desktop/software.nosync/jams-journal-app/node_modules/has-symbols/package.json
960 verbose targetResolver reading package data from /Users/Duffis/Desktop/software.nosync/jams-journal-app/node_modules/hasown/package.json
961 verbose targetResolver reading package data from /Users/Duffis/Desktop/software.nosync/jams-journal-app/node_modules/hermes-estree/package.json
962 verbose targetResolver reading package data from /Users/Duffis/Desktop/software.nosync/jams-journal-app/node_modules/hermes-parser/package.json
963 verbose targetResolver reading package data from /Users/Duffis/Desktop/software.nosync/jams-journal-app/node_modules/hoist-non-react-statics/package.json
964 verbose targetResolver reading package data from /Users/Duffis/Desktop/software.nosync/jams-journal-app/node_modules/hosted-git-info/package.json
965 verbose targetResolver reading package data from /Users/Duffis/Desktop/software.nosync/jams-journal-app/node_modules/htmlparser2/package.json
966 verbose targetResolver reading package data from /Users/Duffis/Desktop/software.nosync/jams-journal-app/node_modules/http-errors/package.json
967 verbose targetResolver reading package data from /Users/Duffis/Desktop/software.nosync/jams-journal-app/node_modules/https-proxy-agent/package.json
968 verbose targetResolver reading package data from /Users/Duffis/Desktop/software.nosync/jams-journal-app/node_modules/human-signals/package.json
969 verbose targetResolver reading package data from /Users/Duffis/Desktop/software.nosync/jams-journal-app/node_modules/hyphenate-style-name/package.json
970 verbose targetResolver reading package data from /Users/Duffis/Desktop/software.nosync/jams-journal-app/node_modules/iceberg-js/package.json
971 verbose targetResolver reading package data from /Users/Duffis/Desktop/software.nosync/jams-journal-app/node_modules/iconv-lite/package.json
972 verbose targetResolver reading package data from /Users/Duffis/Desktop/software.nosync/jams-journal-app/node_modules/ieee754/package.json
973 verbose targetResolver reading package data from /Users/Duffis/Desktop/software.nosync/jams-journal-app/node_modules/ignore/package.json
974 verbose targetResolver reading package data from /Users/Duffis/Desktop/software.nosync/jams-journal-app/node_modules/image-size/package.json
975 verbose targetResolver reading package data from /Users/Duffis/Desktop/software.nosync/jams-journal-app/node_modules/import-fresh/package.json
976 verbose targetResolver reading package data from /Users/Duffis/Desktop/software.nosync/jams-journal-app/node_modules/imurmurhash/package.json
977 verbose targetResolver reading package data from /Users/Duffis/Desktop/software.nosync/jams-journal-app/node_modules/inflight/package.json
978 verbose targetResolver reading package data from /Users/Duffis/Desktop/software.nosync/jams-journal-app/node_modules/inherits/package.json
979 verbose targetResolver reading package data from /Users/Duffis/Desktop/software.nosync/jams-journal-app/node_modules/ini/package.json
980 verbose targetResolver reading package data from /Users/Duffis/Desktop/software.nosync/jams-journal-app/node_modules/inline-style-prefixer/package.json
981 verbose targetResolver reading package data from /Users/Duffis/Desktop/software.nosync/jams-journal-app/node_modules/invariant/package.json
982 verbose targetResolver reading package data from /Users/Duffis/Desktop/software.nosync/jams-journal-app/node_modules/is-arrayish/package.json
983 verbose targetResolver reading package data from /Users/Duffis/Desktop/software.nosync/jams-journal-app/node_modules/is-core-module/package.json
984 verbose targetResolver reading package data from /Users/Duffis/Desktop/software.nosync/jams-journal-app/node_modules/is-docker/package.json
985 verbose targetResolver reading package data from /Users/Duffis/Desktop/software.nosync/jams-journal-app/node_modules/is-extglob/package.json
986 verbose targetResolver reading package data from /Users/Duffis/Desktop/software.nosync/jams-journal-app/node_modules/is-fullwidth-code-point/package.json
987 verbose targetResolver reading package data from /Users/Duffis/Desktop/software.nosync/jams-journal-app/node_modules/is-glob/package.json
988 verbose targetResolver reading package data from /Users/Duffis/Desktop/software.nosync/jams-journal-app/node_modules/is-interactive/package.json
989 verbose targetResolver reading package data from /Users/Duffis/Desktop/software.nosync/jams-journal-app/node_modules/is-number/package.json
990 verbose targetResolver reading package data from /Users/Duffis/Desktop/software.nosync/jams-journal-app/node_modules/is-plain-obj/package.json
991 verbose targetResolver reading package data from /Users/Duffis/Desktop/software.nosync/jams-journal-app/node_modules/is-stream/package.json
992 verbose targetResolver reading package data from /Users/Duffis/Desktop/software.nosync/jams-journal-app/node_modules/is-unicode-supported/package.json
993 verbose targetResolver reading package data from /Users/Duffis/Desktop/software.nosync/jams-journal-app/node_modules/is-wsl/package.json
994 verbose targetResolver reading package data from /Users/Duffis/Desktop/software.nosync/jams-journal-app/node_modules/isexe/package.json
995 verbose targetResolver reading package data from /Users/Duffis/Desktop/software.nosync/jams-journal-app/node_modules/istanbul-lib-coverage/package.json
996 verbose targetResolver reading package data from /Users/Duffis/Desktop/software.nosync/jams-journal-app/node_modules/istanbul-lib-instrument/package.json
997 verbose targetResolver reading package data from /Users/Duffis/Desktop/software.nosync/jams-journal-app/node_modules/jest-environment-node/package.json
998 verbose targetResolver reading package data from /Users/Duffis/Desktop/software.nosync/jams-journal-app/node_modules/jest-get-type/package.json
999 verbose targetResolver reading package data from /Users/Duffis/Desktop/software.nosync/jams-journal-app/node_modules/jest-haste-map/package.json
1000 verbose targetResolver reading package data from /Users/Duffis/Desktop/software.nosync/jams-journal-app/node_modules/jest-message-util/package.json
1001 verbose targetResolver reading package data from /Users/Duffis/Desktop/software.nosync/jams-journal-app/node_modules/jest-mock/package.json
1002 verbose targetResolver reading package data from /Users/Duffis/Desktop/software.nosync/jams-journal-app/node_modules/jest-regex-util/package.json
1003 verbose targetResolver reading package data from /Users/Duffis/Desktop/software.nosync/jams-journal-app/node_modules/jest-util/package.json
1004 verbose targetResolver reading package data from /Users/Duffis/Desktop/software.nosync/jams-journal-app/node_modules/jest-validate/package.json
1005 verbose targetResolver reading package data from /Users/Duffis/Desktop/software.nosync/jams-journal-app/node_modules/jest-worker/package.json
1006 verbose targetResolver reading package data from /Users/Duffis/Desktop/software.nosync/jams-journal-app/node_modules/jimp-compact/package.json
1007 verbose targetResolver reading package data from /Users/Duffis/Desktop/software.nosync/jams-journal-app/node_modules/joi/package.json
1008 verbose targetResolver reading package data from /Users/Duffis/Desktop/software.nosync/jams-journal-app/node_modules/js-tokens/package.json
1009 verbose targetResolver reading package data from /Users/Duffis/Desktop/software.nosync/jams-journal-app/node_modules/js-yaml/package.json
1010 verbose targetResolver reading package data from /Users/Duffis/Desktop/software.nosync/jams-journal-app/node_modules/jsc-safe-url/package.json
1011 verbose targetResolver reading package data from /Users/Duffis/Desktop/software.nosync/jams-journal-app/node_modules/jsesc/package.json
1012 verbose targetResolver reading package data from /Users/Duffis/Desktop/software.nosync/jams-journal-app/node_modules/json-parse-even-better-errors/package.json
1013 verbose targetResolver reading package data from /Users/Duffis/Desktop/software.nosync/jams-journal-app/node_modules/json5/package.json
1014 verbose targetResolver reading package data from /Users/Duffis/Desktop/software.nosync/jams-journal-app/node_modules/jsonfile/package.json
1015 verbose targetResolver reading package data from /Users/Duffis/Desktop/software.nosync/jams-journal-app/node_modules/kleur/package.json
1016 verbose targetResolver reading package data from /Users/Duffis/Desktop/software.nosync/jams-journal-app/node_modules/lan-network/package.json
1017 verbose targetResolver reading package data from /Users/Duffis/Desktop/software.nosync/jams-journal-app/node_modules/launch-editor/package.json
1018 verbose targetResolver reading package data from /Users/Duffis/Desktop/software.nosync/jams-journal-app/node_modules/leven/package.json
1019 verbose targetResolver reading package data from /Users/Duffis/Desktop/software.nosync/jams-journal-app/node_modules/lighthouse-logger/package.json
1020 verbose targetResolver reading package data from /Users/Duffis/Desktop/software.nosync/jams-journal-app/node_modules/lightningcss/package.json
1021 verbose targetResolver reading package data from /Users/Duffis/Desktop/software.nosync/jams-journal-app/node_modules/lightningcss-darwin-arm64/package.json
1022 verbose targetResolver reading package data from /Users/Duffis/Desktop/software.nosync/jams-journal-app/node_modules/lines-and-columns/package.json
1023 verbose targetResolver reading package data from /Users/Duffis/Desktop/software.nosync/jams-journal-app/node_modules/linkify-it/package.json
1024 verbose targetResolver reading package data from /Users/Duffis/Desktop/software.nosync/jams-journal-app/node_modules/locate-path/package.json
1025 verbose targetResolver reading package data from /Users/Duffis/Desktop/software.nosync/jams-journal-app/node_modules/lodash/package.json
1026 verbose targetResolver reading package data from /Users/Duffis/Desktop/software.nosync/jams-journal-app/node_modules/lodash.debounce/package.json
1027 verbose targetResolver reading package data from /Users/Duffis/Desktop/software.nosync/jams-journal-app/node_modules/lodash.throttle/package.json
1028 verbose targetResolver reading package data from /Users/Duffis/Desktop/software.nosync/jams-journal-app/node_modules/log-symbols/package.json
1029 verbose targetResolver reading package data from /Users/Duffis/Desktop/software.nosync/jams-journal-app/node_modules/logkitty/package.json
1030 verbose targetResolver reading package data from /Users/Duffis/Desktop/software.nosync/jams-journal-app/node_modules/loose-envify/package.json
1031 verbose targetResolver reading package data from /Users/Duffis/Desktop/software.nosync/jams-journal-app/node_modules/lru-cache/package.json
1032 verbose targetResolver reading package data from /Users/Duffis/Desktop/software.nosync/jams-journal-app/node_modules/makeerror/package.json
1033 verbose targetResolver reading package data from /Users/Duffis/Desktop/software.nosync/jams-journal-app/node_modules/markdown-it/package.json
1034 verbose targetResolver reading package data from /Users/Duffis/Desktop/software.nosync/jams-journal-app/node_modules/marky/package.json
1035 verbose targetResolver reading package data from /Users/Duffis/Desktop/software.nosync/jams-journal-app/node_modules/math-intrinsics/package.json
1036 verbose targetResolver reading package data from /Users/Duffis/Desktop/software.nosync/jams-journal-app/node_modules/mdurl/package.json
1037 verbose targetResolver reading package data from /Users/Duffis/Desktop/software.nosync/jams-journal-app/node_modules/media-typer/package.json
1038 verbose targetResolver reading package data from /Users/Duffis/Desktop/software.nosync/jams-journal-app/node_modules/memoize-one/package.json
1039 verbose targetResolver reading package data from /Users/Duffis/Desktop/software.nosync/jams-journal-app/node_modules/merge-options/package.json
1040 verbose targetResolver reading package data from /Users/Duffis/Desktop/software.nosync/jams-journal-app/node_modules/merge-stream/package.json
1041 verbose targetResolver reading package data from /Users/Duffis/Desktop/software.nosync/jams-journal-app/node_modules/merge2/package.json
1042 verbose targetResolver reading package data from /Users/Duffis/Desktop/software.nosync/jams-journal-app/node_modules/metro/package.json
1043 verbose targetResolver reading package data from /Users/Duffis/Desktop/software.nosync/jams-journal-app/node_modules/metro-babel-transformer/package.json
1044 verbose targetResolver reading package data from /Users/Duffis/Desktop/software.nosync/jams-journal-app/node_modules/metro-cache/package.json
1045 verbose targetResolver reading package data from /Users/Duffis/Desktop/software.nosync/jams-journal-app/node_modules/metro-cache-key/package.json
1046 verbose targetResolver reading package data from /Users/Duffis/Desktop/software.nosync/jams-journal-app/node_modules/metro-config/package.json
1047 verbose targetResolver reading package data from /Users/Duffis/Desktop/software.nosync/jams-journal-app/node_modules/metro-core/package.json
1048 verbose targetResolver reading package data from /Users/Duffis/Desktop/software.nosync/jams-journal-app/node_modules/metro-file-map/package.json
1049 verbose targetResolver reading package data from /Users/Duffis/Desktop/software.nosync/jams-journal-app/node_modules/metro-minify-terser/package.json
1050 verbose targetResolver reading package data from /Users/Duffis/Desktop/software.nosync/jams-journal-app/node_modules/metro-resolver/package.json
1051 verbose targetResolver reading package data from /Users/Duffis/Desktop/software.nosync/jams-journal-app/node_modules/metro-runtime/package.json
1052 verbose targetResolver reading package data from /Users/Duffis/Desktop/software.nosync/jams-journal-app/node_modules/metro-source-map/package.json
1053 verbose targetResolver reading package data from /Users/Duffis/Desktop/software.nosync/jams-journal-app/node_modules/metro-symbolicate/package.json
1054 verbose targetResolver reading package data from /Users/Duffis/Desktop/software.nosync/jams-journal-app/node_modules/metro-transform-plugins/package.json
1055 verbose targetResolver reading package data from /Users/Duffis/Desktop/software.nosync/jams-journal-app/node_modules/metro-transform-worker/package.json
1056 verbose targetResolver reading package data from /Users/Duffis/Desktop/software.nosync/jams-journal-app/node_modules/micromatch/package.json
1057 verbose targetResolver reading package data from /Users/Duffis/Desktop/software.nosync/jams-journal-app/node_modules/mime/package.json
1058 verbose targetResolver reading package data from /Users/Duffis/Desktop/software.nosync/jams-journal-app/node_modules/mime-db/package.json
1059 verbose targetResolver reading package data from /Users/Duffis/Desktop/software.nosync/jams-journal-app/node_modules/mime-types/package.json
1060 verbose targetResolver reading package data from /Users/Duffis/Desktop/software.nosync/jams-journal-app/node_modules/mimic-fn/package.json
1061 verbose targetResolver reading package data from /Users/Duffis/Desktop/software.nosync/jams-journal-app/node_modules/minimatch/package.json
1062 verbose targetResolver reading package data from /Users/Duffis/Desktop/software.nosync/jams-journal-app/node_modules/minimist/package.json
1063 verbose targetResolver reading package data from /Users/Duffis/Desktop/software.nosync/jams-journal-app/node_modules/minipass/package.json
1064 verbose targetResolver reading package data from /Users/Duffis/Desktop/software.nosync/jams-journal-app/node_modules/minizlib/package.json
1065 verbose targetResolver reading package data from /Users/Duffis/Desktop/software.nosync/jams-journal-app/node_modules/mkdirp/package.json
1066 verbose targetResolver reading package data from /Users/Duffis/Desktop/software.nosync/jams-journal-app/node_modules/ms/package.json
1067 verbose targetResolver reading package data from /Users/Duffis/Desktop/software.nosync/jams-journal-app/node_modules/mz/package.json
1068 verbose targetResolver reading package data from /Users/Duffis/Desktop/software.nosync/jams-journal-app/node_modules/nanoid/package.json
1069 verbose targetResolver reading package data from /Users/Duffis/Desktop/software.nosync/jams-journal-app/node_modules/negotiator/package.json
1070 verbose targetResolver reading package data from /Users/Duffis/Desktop/software.nosync/jams-journal-app/node_modules/nested-error-stacks/package.json
1071 verbose targetResolver reading package data from /Users/Duffis/Desktop/software.nosync/jams-journal-app/node_modules/nocache/package.json
1072 verbose targetResolver reading package data from /Users/Duffis/Desktop/software.nosync/jams-journal-app/node_modules/node-fetch/package.json
1073 verbose targetResolver reading package data from /Users/Duffis/Desktop/software.nosync/jams-journal-app/node_modules/node-forge/package.json
1074 verbose targetResolver reading package data from /Users/Duffis/Desktop/software.nosync/jams-journal-app/node_modules/node-int64/package.json
1075 verbose targetResolver reading package data from /Users/Duffis/Desktop/software.nosync/jams-journal-app/node_modules/node-releases/package.json
1076 verbose targetResolver reading package data from /Users/Duffis/Desktop/software.nosync/jams-journal-app/node_modules/node-stream-zip/package.json
1077 verbose targetResolver reading package data from /Users/Duffis/Desktop/software.nosync/jams-journal-app/node_modules/normalize-path/package.json
1078 verbose targetResolver reading package data from /Users/Duffis/Desktop/software.nosync/jams-journal-app/node_modules/npm-package-arg/package.json
1079 verbose targetResolver reading package data from /Users/Duffis/Desktop/software.nosync/jams-journal-app/node_modules/npm-run-path/package.json
1080 verbose targetResolver reading package data from /Users/Duffis/Desktop/software.nosync/jams-journal-app/node_modules/nullthrows/package.json
1081 verbose targetResolver reading package data from /Users/Duffis/Desktop/software.nosync/jams-journal-app/node_modules/ob1/package.json
1082 verbose targetResolver reading package data from /Users/Duffis/Desktop/software.nosync/jams-journal-app/node_modules/object-assign/package.json
1083 verbose targetResolver reading package data from /Users/Duffis/Desktop/software.nosync/jams-journal-app/node_modules/object-inspect/package.json
1084 verbose targetResolver reading package data from /Users/Duffis/Desktop/software.nosync/jams-journal-app/node_modules/on-finished/package.json
1085 verbose targetResolver reading package data from /Users/Duffis/Desktop/software.nosync/jams-journal-app/node_modules/on-headers/package.json
1086 verbose targetResolver reading package data from /Users/Duffis/Desktop/software.nosync/jams-journal-app/node_modules/once/package.json
1087 verbose targetResolver reading package data from /Users/Duffis/Desktop/software.nosync/jams-journal-app/node_modules/onetime/package.json
1088 verbose targetResolver reading package data from /Users/Duffis/Desktop/software.nosync/jams-journal-app/node_modules/open/package.json
1089 verbose targetResolver reading package data from /Users/Duffis/Desktop/software.nosync/jams-journal-app/node_modules/optimism/package.json
1090 verbose targetResolver reading package data from /Users/Duffis/Desktop/software.nosync/jams-journal-app/node_modules/ora/package.json
1091 verbose targetResolver reading package data from /Users/Duffis/Desktop/software.nosync/jams-journal-app/node_modules/p-limit/package.json
1092 verbose targetResolver reading package data from /Users/Duffis/Desktop/software.nosync/jams-journal-app/node_modules/p-locate/package.json
1093 verbose targetResolver reading package data from /Users/Duffis/Desktop/software.nosync/jams-journal-app/node_modules/p-try/package.json
1094 verbose targetResolver reading package data from /Users/Duffis/Desktop/software.nosync/jams-journal-app/node_modules/parent-module/package.json
1095 verbose targetResolver reading package data from /Users/Duffis/Desktop/software.nosync/jams-journal-app/node_modules/parse-json/package.json
1096 verbose targetResolver reading package data from /Users/Duffis/Desktop/software.nosync/jams-journal-app/node_modules/parse-png/package.json
1097 verbose targetResolver reading package data from /Users/Duffis/Desktop/software.nosync/jams-journal-app/node_modules/parseurl/package.json
1098 verbose targetResolver reading package data from /Users/Duffis/Desktop/software.nosync/jams-journal-app/node_modules/path-exists/package.json
1099 verbose targetResolver reading package data from /Users/Duffis/Desktop/software.nosync/jams-journal-app/node_modules/path-is-absolute/package.json
1100 verbose targetResolver reading package data from /Users/Duffis/Desktop/software.nosync/jams-journal-app/node_modules/path-key/package.json
1101 verbose targetResolver reading package data from /Users/Duffis/Desktop/software.nosync/jams-journal-app/node_modules/path-parse/package.json
1102 verbose targetResolver reading package data from /Users/Duffis/Desktop/software.nosync/jams-journal-app/node_modules/path-scurry/package.json
1103 verbose targetResolver reading package data from /Users/Duffis/Desktop/software.nosync/jams-journal-app/node_modules/picocolors/package.json
1104 verbose targetResolver reading package data from /Users/Duffis/Desktop/software.nosync/jams-journal-app/node_modules/picomatch/package.json
1105 verbose targetResolver reading package data from /Users/Duffis/Desktop/software.nosync/jams-journal-app/node_modules/pirates/package.json
1106 verbose targetResolver reading package data from /Users/Duffis/Desktop/software.nosync/jams-journal-app/node_modules/plist/package.json
1107 verbose targetResolver reading package data from /Users/Duffis/Desktop/software.nosync/jams-journal-app/node_modules/pngjs/package.json
1108 verbose targetResolver reading package data from /Users/Duffis/Desktop/software.nosync/jams-journal-app/node_modules/postcss/package.json
1109 verbose targetResolver reading package data from /Users/Duffis/Desktop/software.nosync/jams-journal-app/node_modules/postcss-value-parser/package.json
1110 verbose targetResolver reading package data from /Users/Duffis/Desktop/software.nosync/jams-journal-app/node_modules/pretty-bytes/package.json
1111 verbose targetResolver reading package data from /Users/Duffis/Desktop/software.nosync/jams-journal-app/node_modules/pretty-format/package.json
1112 verbose targetResolver reading package data from /Users/Duffis/Desktop/software.nosync/jams-journal-app/node_modules/proc-log/package.json
1113 verbose targetResolver reading package data from /Users/Duffis/Desktop/software.nosync/jams-journal-app/node_modules/progress/package.json
1114 verbose targetResolver reading package data from /Users/Duffis/Desktop/software.nosync/jams-journal-app/node_modules/promise/package.json
1115 verbose targetResolver reading package data from /Users/Duffis/Desktop/software.nosync/jams-journal-app/node_modules/prompts/package.json
1116 verbose targetResolver reading package data from /Users/Duffis/Desktop/software.nosync/jams-journal-app/node_modules/prop-types/package.json
1117 verbose targetResolver reading package data from /Users/Duffis/Desktop/software.nosync/jams-journal-app/node_modules/punycode/package.json
1118 verbose targetResolver reading package data from /Users/Duffis/Desktop/software.nosync/jams-journal-app/node_modules/qrcode-terminal/package.json
1119 verbose targetResolver reading package data from /Users/Duffis/Desktop/software.nosync/jams-journal-app/node_modules/qs/package.json
1120 verbose targetResolver reading package data from /Users/Duffis/Desktop/software.nosync/jams-journal-app/node_modules/query-string/package.json
1121 verbose targetResolver reading package data from /Users/Duffis/Desktop/software.nosync/jams-journal-app/node_modules/queue/package.json
1122 verbose targetResolver reading package data from /Users/Duffis/Desktop/software.nosync/jams-journal-app/node_modules/queue-microtask/package.json
1123 verbose targetResolver reading package data from /Users/Duffis/Desktop/software.nosync/jams-journal-app/node_modules/ramda/package.json
1124 verbose targetResolver reading package data from /Users/Duffis/Desktop/software.nosync/jams-journal-app/node_modules/range-parser/package.json
1125 verbose targetResolver reading package data from /Users/Duffis/Desktop/software.nosync/jams-journal-app/node_modules/raw-body/package.json
1126 verbose targetResolver reading package data from /Users/Duffis/Desktop/software.nosync/jams-journal-app/node_modules/rc/package.json
1127 verbose targetResolver reading package data from /Users/Duffis/Desktop/software.nosync/jams-journal-app/node_modules/react/package.json
1128 verbose targetResolver reading package data from /Users/Duffis/Desktop/software.nosync/jams-journal-app/node_modules/react-devtools-core/package.json
1129 verbose targetResolver reading package data from /Users/Duffis/Desktop/software.nosync/jams-journal-app/node_modules/react-dom/package.json
1130 verbose targetResolver reading package data from /Users/Duffis/Desktop/software.nosync/jams-journal-app/node_modules/react-freeze/package.json
1131 verbose targetResolver reading package data from /Users/Duffis/Desktop/software.nosync/jams-journal-app/node_modules/react-is/package.json
1132 verbose targetResolver reading package data from /Users/Duffis/Desktop/software.nosync/jams-journal-app/node_modules/react-native/package.json
1133 verbose targetResolver reading package data from /Users/Duffis/Desktop/software.nosync/jams-journal-app/node_modules/react-native-dotenv/package.json
1134 verbose targetResolver reading package data from /Users/Duffis/Desktop/software.nosync/jams-journal-app/node_modules/react-native-fit-image/package.json
1135 verbose targetResolver reading package data from /Users/Duffis/Desktop/software.nosync/jams-journal-app/node_modules/react-native-is-edge-to-edge/package.json
1136 verbose targetResolver reading package data from /Users/Duffis/Desktop/software.nosync/jams-journal-app/node_modules/react-native-markdown-display/package.json
1137 verbose targetResolver reading package data from /Users/Duffis/Desktop/software.nosync/jams-journal-app/node_modules/react-native-pager-view/package.json
1138 verbose targetResolver reading package data from /Users/Duffis/Desktop/software.nosync/jams-journal-app/node_modules/react-native-ratings/package.json
1139 verbose targetResolver reading package data from /Users/Duffis/Desktop/software.nosync/jams-journal-app/node_modules/react-native-render-html/package.json
1140 verbose targetResolver reading package data from /Users/Duffis/Desktop/software.nosync/jams-journal-app/node_modules/react-native-safe-area-context/package.json
1141 verbose targetResolver reading package data from /Users/Duffis/Desktop/software.nosync/jams-journal-app/node_modules/react-native-screens/package.json
1142 verbose targetResolver reading package data from /Users/Duffis/Desktop/software.nosync/jams-journal-app/node_modules/react-native-size-matters/package.json
1143 verbose targetResolver reading package data from /Users/Duffis/Desktop/software.nosync/jams-journal-app/node_modules/react-native-tab-view/package.json
1144 verbose targetResolver reading package data from /Users/Duffis/Desktop/software.nosync/jams-journal-app/node_modules/react-native-url-polyfill/package.json
1145 verbose targetResolver reading package data from /Users/Duffis/Desktop/software.nosync/jams-journal-app/node_modules/react-native-web/package.json
1146 verbose targetResolver reading package data from /Users/Duffis/Desktop/software.nosync/jams-journal-app/node_modules/react-native-webview/package.json
1147 verbose targetResolver reading package data from /Users/Duffis/Desktop/software.nosync/jams-journal-app/node_modules/react-native-youtube-iframe/package.json
1148 verbose targetResolver reading package data from /Users/Duffis/Desktop/software.nosync/jams-journal-app/node_modules/react-refresh/package.json
1149 verbose targetResolver reading package data from /Users/Duffis/Desktop/software.nosync/jams-journal-app/node_modules/readable-stream/package.json
1150 verbose targetResolver reading package data from /Users/Duffis/Desktop/software.nosync/jams-journal-app/node_modules/regenerate/package.json
1151 verbose targetResolver reading package data from /Users/Duffis/Desktop/software.nosync/jams-journal-app/node_modules/regenerate-unicode-properties/package.json
1152 verbose targetResolver reading package data from /Users/Duffis/Desktop/software.nosync/jams-journal-app/node_modules/regenerator-runtime/package.json
1153 verbose targetResolver reading package data from /Users/Duffis/Desktop/software.nosync/jams-journal-app/node_modules/regexpu-core/package.json
1154 verbose targetResolver reading package data from /Users/Duffis/Desktop/software.nosync/jams-journal-app/node_modules/regjsgen/package.json
1155 verbose targetResolver reading package data from /Users/Duffis/Desktop/software.nosync/jams-journal-app/node_modules/regjsparser/package.json
1156 verbose targetResolver reading package data from /Users/Duffis/Desktop/software.nosync/jams-journal-app/node_modules/require-directory/package.json
1157 verbose targetResolver reading package data from /Users/Duffis/Desktop/software.nosync/jams-journal-app/node_modules/require-from-string/package.json
1158 verbose targetResolver reading package data from /Users/Duffis/Desktop/software.nosync/jams-journal-app/node_modules/require-main-filename/package.json
1159 verbose targetResolver reading package data from /Users/Duffis/Desktop/software.nosync/jams-journal-app/node_modules/requireg/package.json
1160 verbose targetResolver reading package data from /Users/Duffis/Desktop/software.nosync/jams-journal-app/node_modules/resolve/package.json
1161 verbose targetResolver reading package data from /Users/Duffis/Desktop/software.nosync/jams-journal-app/node_modules/resolve-from/package.json
1162 verbose targetResolver reading package data from /Users/Duffis/Desktop/software.nosync/jams-journal-app/node_modules/resolve-global/package.json
1163 verbose targetResolver reading package data from /Users/Duffis/Desktop/software.nosync/jams-journal-app/node_modules/resolve-workspace-root/package.json
1164 verbose targetResolver reading package data from /Users/Duffis/Desktop/software.nosync/jams-journal-app/node_modules/resolve.exports/package.json
1165 verbose targetResolver reading package data from /Users/Duffis/Desktop/software.nosync/jams-journal-app/node_modules/response-iterator/package.json
1166 verbose targetResolver reading package data from /Users/Duffis/Desktop/software.nosync/jams-journal-app/node_modules/restore-cursor/package.json
1167 verbose targetResolver reading package data from /Users/Duffis/Desktop/software.nosync/jams-journal-app/node_modules/reusify/package.json
1168 verbose targetResolver reading package data from /Users/Duffis/Desktop/software.nosync/jams-journal-app/node_modules/rimraf/package.json
1169 verbose targetResolver reading package data from /Users/Duffis/Desktop/software.nosync/jams-journal-app/node_modules/run-parallel/package.json
1170 verbose targetResolver reading package data from /Users/Duffis/Desktop/software.nosync/jams-journal-app/node_modules/rxjs/package.json
1171 verbose targetResolver reading package data from /Users/Duffis/Desktop/software.nosync/jams-journal-app/node_modules/safe-buffer/package.json
1172 verbose targetResolver reading package data from /Users/Duffis/Desktop/software.nosync/jams-journal-app/node_modules/safer-buffer/package.json
1173 verbose targetResolver reading package data from /Users/Duffis/Desktop/software.nosync/jams-journal-app/node_modules/sax/package.json
1174 verbose targetResolver reading package data from /Users/Duffis/Desktop/software.nosync/jams-journal-app/node_modules/scheduler/package.json
1175 verbose targetResolver reading package data from /Users/Duffis/Desktop/software.nosync/jams-journal-app/node_modules/semver/package.json
1176 verbose targetResolver reading package data from /Users/Duffis/Desktop/software.nosync/jams-journal-app/node_modules/send/package.json
1177 verbose targetResolver reading package data from /Users/Duffis/Desktop/software.nosync/jams-journal-app/node_modules/serialize-error/package.json
1178 verbose targetResolver reading package data from /Users/Duffis/Desktop/software.nosync/jams-journal-app/node_modules/serve-static/package.json
1179 verbose targetResolver reading package data from /Users/Duffis/Desktop/software.nosync/jams-journal-app/node_modules/set-blocking/package.json
1180 verbose targetResolver reading package data from /Users/Duffis/Desktop/software.nosync/jams-journal-app/node_modules/setimmediate/package.json
1181 verbose targetResolver reading package data from /Users/Duffis/Desktop/software.nosync/jams-journal-app/node_modules/setprototypeof/package.json
1182 verbose targetResolver reading package data from /Users/Duffis/Desktop/software.nosync/jams-journal-app/node_modules/shebang-command/package.json
1183 verbose targetResolver reading package data from /Users/Duffis/Desktop/software.nosync/jams-journal-app/node_modules/shebang-regex/package.json
1184 verbose targetResolver reading package data from /Users/Duffis/Desktop/software.nosync/jams-journal-app/node_modules/shell-quote/package.json
1185 verbose targetResolver reading package data from /Users/Duffis/Desktop/software.nosync/jams-journal-app/node_modules/side-channel/package.json
1186 verbose targetResolver reading package data from /Users/Duffis/Desktop/software.nosync/jams-journal-app/node_modules/side-channel-list/package.json
1187 verbose targetResolver reading package data from /Users/Duffis/Desktop/software.nosync/jams-journal-app/node_modules/side-channel-map/package.json
1188 verbose targetResolver reading package data from /Users/Duffis/Desktop/software.nosync/jams-journal-app/node_modules/side-channel-weakmap/package.json
1189 verbose targetResolver reading package data from /Users/Duffis/Desktop/software.nosync/jams-journal-app/node_modules/signal-exit/package.json
1190 verbose targetResolver reading package data from /Users/Duffis/Desktop/software.nosync/jams-journal-app/node_modules/simple-plist/package.json
1191 verbose targetResolver reading package data from /Users/Duffis/Desktop/software.nosync/jams-journal-app/node_modules/simple-swizzle/package.json
1192 verbose targetResolver reading package data from /Users/Duffis/Desktop/software.nosync/jams-journal-app/node_modules/sisteransi/package.json
1193 verbose targetResolver reading package data from /Users/Duffis/Desktop/software.nosync/jams-journal-app/node_modules/slash/package.json
1194 verbose targetResolver reading package data from /Users/Duffis/Desktop/software.nosync/jams-journal-app/node_modules/slice-ansi/package.json
1195 verbose targetResolver reading package data from /Users/Duffis/Desktop/software.nosync/jams-journal-app/node_modules/slugify/package.json
1196 verbose targetResolver reading package data from /Users/Duffis/Desktop/software.nosync/jams-journal-app/node_modules/source-map/package.json
1197 verbose targetResolver reading package data from /Users/Duffis/Desktop/software.nosync/jams-journal-app/node_modules/source-map-js/package.json
1198 verbose targetResolver reading package data from /Users/Duffis/Desktop/software.nosync/jams-journal-app/node_modules/source-map-support/package.json
1199 verbose targetResolver reading package data from /Users/Duffis/Desktop/software.nosync/jams-journal-app/node_modules/split-on-first/package.json
1200 verbose targetResolver reading package data from /Users/Duffis/Desktop/software.nosync/jams-journal-app/node_modules/sprintf-js/package.json
1201 verbose targetResolver reading package data from /Users/Duffis/Desktop/software.nosync/jams-journal-app/node_modules/stack-utils/package.json
1202 verbose targetResolver reading package data from /Users/Duffis/Desktop/software.nosync/jams-journal-app/node_modules/stackframe/package.json
1203 verbose targetResolver reading package data from /Users/Duffis/Desktop/software.nosync/jams-journal-app/node_modules/stacktrace-parser/package.json
1204 verbose targetResolver reading package data from /Users/Duffis/Desktop/software.nosync/jams-journal-app/node_modules/statuses/package.json
1205 verbose targetResolver reading package data from /Users/Duffis/Desktop/software.nosync/jams-journal-app/node_modules/stream-buffers/package.json
1206 verbose targetResolver reading package data from /Users/Duffis/Desktop/software.nosync/jams-journal-app/node_modules/strict-uri-encode/package.json
1207 verbose targetResolver reading package data from /Users/Duffis/Desktop/software.nosync/jams-journal-app/node_modules/strict-url-sanitise/package.json
1208 verbose targetResolver reading package data from /Users/Duffis/Desktop/software.nosync/jams-journal-app/node_modules/string_decoder/package.json
1209 verbose targetResolver reading package data from /Users/Duffis/Desktop/software.nosync/jams-journal-app/node_modules/stringify-entities/package.json
1210 verbose targetResolver reading package data from /Users/Duffis/Desktop/software.nosync/jams-journal-app/node_modules/strip-ansi/package.json
1211 verbose targetResolver reading package data from /Users/Duffis/Desktop/software.nosync/jams-journal-app/node_modules/strip-final-newline/package.json
1212 verbose targetResolver reading package data from /Users/Duffis/Desktop/software.nosync/jams-journal-app/node_modules/strip-json-comments/package.json
1213 verbose targetResolver reading package data from /Users/Duffis/Desktop/software.nosync/jams-journal-app/node_modules/strnum/package.json
1214 verbose targetResolver reading package data from /Users/Duffis/Desktop/software.nosync/jams-journal-app/node_modules/structured-headers/package.json
1215 verbose targetResolver reading package data from /Users/Duffis/Desktop/software.nosync/jams-journal-app/node_modules/styleq/package.json
1216 verbose targetResolver reading package data from /Users/Duffis/Desktop/software.nosync/jams-journal-app/node_modules/sucrase/package.json
1217 verbose targetResolver reading package data from /Users/Duffis/Desktop/software.nosync/jams-journal-app/node_modules/supports-color/package.json
1218 verbose targetResolver reading package data from /Users/Duffis/Desktop/software.nosync/jams-journal-app/node_modules/supports-hyperlinks/package.json
1219 verbose targetResolver reading package data from /Users/Duffis/Desktop/software.nosync/jams-journal-app/node_modules/supports-preserve-symlinks-flag/package.json
1220 verbose targetResolver reading package data from /Users/Duffis/Desktop/software.nosync/jams-journal-app/node_modules/symbol-observable/package.json
1221 verbose targetResolver reading package data from /Users/Duffis/Desktop/software.nosync/jams-journal-app/node_modules/tar/package.json
1222 verbose targetResolver reading package data from /Users/Duffis/Desktop/software.nosync/jams-journal-app/node_modules/temp-dir/package.json
1223 verbose targetResolver reading package data from /Users/Duffis/Desktop/software.nosync/jams-journal-app/node_modules/terminal-link/package.json
1224 verbose targetResolver reading package data from /Users/Duffis/Desktop/software.nosync/jams-journal-app/node_modules/terser/package.json
1225 verbose targetResolver reading package data from /Users/Duffis/Desktop/software.nosync/jams-journal-app/node_modules/test-exclude/package.json
1226 verbose targetResolver reading package data from /Users/Duffis/Desktop/software.nosync/jams-journal-app/node_modules/thenify/package.json
1227 verbose targetResolver reading package data from /Users/Duffis/Desktop/software.nosync/jams-journal-app/node_modules/thenify-all/package.json
1228 verbose targetResolver reading package data from /Users/Duffis/Desktop/software.nosync/jams-journal-app/node_modules/throat/package.json
1229 verbose targetResolver reading package data from /Users/Duffis/Desktop/software.nosync/jams-journal-app/node_modules/tinyglobby/package.json
1230 verbose targetResolver reading package data from /Users/Duffis/Desktop/software.nosync/jams-journal-app/node_modules/tmpl/package.json
1231 verbose targetResolver reading package data from /Users/Duffis/Desktop/software.nosync/jams-journal-app/node_modules/to-regex-range/package.json
1232 verbose targetResolver reading package data from /Users/Duffis/Desktop/software.nosync/jams-journal-app/node_modules/toidentifier/package.json
1233 verbose targetResolver reading package data from /Users/Duffis/Desktop/software.nosync/jams-journal-app/node_modules/tr46/package.json
1234 verbose targetResolver reading package data from /Users/Duffis/Desktop/software.nosync/jams-journal-app/node_modules/ts-interface-checker/package.json
1235 verbose targetResolver reading package data from /Users/Duffis/Desktop/software.nosync/jams-journal-app/node_modules/ts-invariant/package.json
1236 verbose targetResolver reading package data from /Users/Duffis/Desktop/software.nosync/jams-journal-app/node_modules/ts-toolbelt/package.json
1237 verbose targetResolver reading package data from /Users/Duffis/Desktop/software.nosync/jams-journal-app/node_modules/tslib/package.json
1238 verbose targetResolver reading package data from /Users/Duffis/Desktop/software.nosync/jams-journal-app/node_modules/type-detect/package.json
1239 verbose targetResolver reading package data from /Users/Duffis/Desktop/software.nosync/jams-journal-app/node_modules/type-fest/package.json
1240 verbose targetResolver reading package data from /Users/Duffis/Desktop/software.nosync/jams-journal-app/node_modules/type-is/package.json
1241 verbose targetResolver reading package data from /Users/Duffis/Desktop/software.nosync/jams-journal-app/node_modules/ua-parser-js/package.json
1242 verbose targetResolver reading package data from /Users/Duffis/Desktop/software.nosync/jams-journal-app/node_modules/uc.micro/package.json
1243 verbose targetResolver reading package data from /Users/Duffis/Desktop/software.nosync/jams-journal-app/node_modules/undici/package.json
1244 verbose targetResolver reading package data from /Users/Duffis/Desktop/software.nosync/jams-journal-app/node_modules/undici-types/package.json
1245 verbose targetResolver reading package data from /Users/Duffis/Desktop/software.nosync/jams-journal-app/node_modules/unicode-canonical-property-names-ecmascript/package.json
1246 verbose targetResolver reading package data from /Users/Duffis/Desktop/software.nosync/jams-journal-app/node_modules/unicode-match-property-ecmascript/package.json
1247 verbose targetResolver reading package data from /Users/Duffis/Desktop/software.nosync/jams-journal-app/node_modules/unicode-match-property-value-ecmascript/package.json
1248 verbose targetResolver reading package data from /Users/Duffis/Desktop/software.nosync/jams-journal-app/node_modules/unicode-property-aliases-ecmascript/package.json
1249 verbose targetResolver reading package data from /Users/Duffis/Desktop/software.nosync/jams-journal-app/node_modules/unique-string/package.json
1250 verbose targetResolver reading package data from /Users/Duffis/Desktop/software.nosync/jams-journal-app/node_modules/universalify/package.json
1251 verbose targetResolver reading package data from /Users/Duffis/Desktop/software.nosync/jams-journal-app/node_modules/unpipe/package.json
1252 verbose targetResolver reading package data from /Users/Duffis/Desktop/software.nosync/jams-journal-app/node_modules/update-browserslist-db/package.json
1253 verbose targetResolver reading package data from /Users/Duffis/Desktop/software.nosync/jams-journal-app/node_modules/urijs/package.json
1254 verbose targetResolver reading package data from /Users/Duffis/Desktop/software.nosync/jams-journal-app/node_modules/use-latest-callback/package.json
1255 verbose targetResolver reading package data from /Users/Duffis/Desktop/software.nosync/jams-journal-app/node_modules/util-deprecate/package.json
1256 verbose targetResolver reading package data from /Users/Duffis/Desktop/software.nosync/jams-journal-app/node_modules/utils-merge/package.json
1257 verbose targetResolver reading package data from /Users/Duffis/Desktop/software.nosync/jams-journal-app/node_modules/uuid/package.json
1258 verbose targetResolver reading package data from /Users/Duffis/Desktop/software.nosync/jams-journal-app/node_modules/validate-npm-package-name/package.json
1259 verbose targetResolver reading package data from /Users/Duffis/Desktop/software.nosync/jams-journal-app/node_modules/vary/package.json
1260 verbose targetResolver reading package data from /Users/Duffis/Desktop/software.nosync/jams-journal-app/node_modules/vlq/package.json
1261 verbose targetResolver reading package data from /Users/Duffis/Desktop/software.nosync/jams-journal-app/node_modules/walker/package.json
1262 verbose targetResolver reading package data from /Users/Duffis/Desktop/software.nosync/jams-journal-app/node_modules/warn-once/package.json
1263 verbose targetResolver reading package data from /Users/Duffis/Desktop/software.nosync/jams-journal-app/node_modules/wcwidth/package.json
1264 verbose targetResolver reading package data from /Users/Duffis/Desktop/software.nosync/jams-journal-app/node_modules/webidl-conversions/package.json
1265 verbose targetResolver reading package data from /Users/Duffis/Desktop/software.nosync/jams-journal-app/node_modules/whatwg-fetch/package.json
1266 verbose targetResolver reading package data from /Users/Duffis/Desktop/software.nosync/jams-journal-app/node_modules/whatwg-url/package.json
1267 verbose targetResolver reading package data from /Users/Duffis/Desktop/software.nosync/jams-journal-app/node_modules/whatwg-url-without-unicode/package.json
1268 verbose targetResolver reading package data from /Users/Duffis/Desktop/software.nosync/jams-journal-app/node_modules/which/package.json
1269 verbose targetResolver reading package data from /Users/Duffis/Desktop/software.nosync/jams-journal-app/node_modules/which-module/package.json
1270 verbose targetResolver reading package data from /Users/Duffis/Desktop/software.nosync/jams-journal-app/node_modules/wonka/package.json
1271 verbose targetResolver reading package data from /Users/Duffis/Desktop/software.nosync/jams-journal-app/node_modules/wrap-ansi/package.json
1272 verbose targetResolver reading package data from /Users/Duffis/Desktop/software.nosync/jams-journal-app/node_modules/wrappy/package.json
1273 verbose targetResolver reading package data from /Users/Duffis/Desktop/software.nosync/jams-journal-app/node_modules/write-file-atomic/package.json
1274 verbose targetResolver reading package data from /Users/Duffis/Desktop/software.nosync/jams-journal-app/node_modules/ws/package.json
1275 verbose targetResolver reading package data from /Users/Duffis/Desktop/software.nosync/jams-journal-app/node_modules/xcode/package.json
1276 verbose targetResolver reading package data from /Users/Duffis/Desktop/software.nosync/jams-journal-app/node_modules/xml2js/package.json
1277 verbose targetResolver reading package data from /Users/Duffis/Desktop/software.nosync/jams-journal-app/node_modules/xmlbuilder/package.json
1278 verbose targetResolver reading package data from /Users/Duffis/Desktop/software.nosync/jams-journal-app/node_modules/xtend/package.json
1279 verbose targetResolver reading package data from /Users/Duffis/Desktop/software.nosync/jams-journal-app/node_modules/y18n/package.json
1280 verbose targetResolver reading package data from /Users/Duffis/Desktop/software.nosync/jams-journal-app/node_modules/yallist/package.json
1281 verbose targetResolver reading package data from /Users/Duffis/Desktop/software.nosync/jams-journal-app/node_modules/yaml/package.json
1282 verbose targetResolver reading package data from /Users/Duffis/Desktop/software.nosync/jams-journal-app/node_modules/yargs/package.json
1283 verbose targetResolver reading package data from /Users/Duffis/Desktop/software.nosync/jams-journal-app/node_modules/yargs-parser/package.json
1284 verbose targetResolver reading package data from /Users/Duffis/Desktop/software.nosync/jams-journal-app/node_modules/yocto-queue/package.json
1285 verbose targetResolver reading package data from /Users/Duffis/Desktop/software.nosync/jams-journal-app/node_modules/zen-observable/package.json
1286 verbose targetResolver reading package data from /Users/Duffis/Desktop/software.nosync/jams-journal-app/node_modules/zen-observable-ts/package.json
1287 verbose targetResolver reading package data from /Users/Duffis/Desktop/software.nosync/jams-journal-app/node_modules/.bin/acorn/package.json
1288 verbose targetResolver reading package data from /Users/Duffis/Desktop/software.nosync/jams-journal-app/node_modules/.bin/baseline-browser-mapping/package.json
1289 verbose targetResolver reading package data from /Users/Duffis/Desktop/software.nosync/jams-journal-app/node_modules/.bin/browserslist/package.json
1290 verbose targetResolver reading package data from /Users/Duffis/Desktop/software.nosync/jams-journal-app/node_modules/.bin/envinfo/package.json
1291 verbose targetResolver reading package data from /Users/Duffis/Desktop/software.nosync/jams-journal-app/node_modules/.bin/esparse/package.json
1292 verbose targetResolver reading package data from /Users/Duffis/Desktop/software.nosync/jams-journal-app/node_modules/.bin/esvalidate/package.json
1293 verbose targetResolver reading package data from /Users/Duffis/Desktop/software.nosync/jams-journal-app/node_modules/.bin/excpretty/package.json
1294 verbose targetResolver reading package data from /Users/Duffis/Desktop/software.nosync/jams-journal-app/node_modules/.bin/expo/package.json
1295 verbose targetResolver reading package data from /Users/Duffis/Desktop/software.nosync/jams-journal-app/node_modules/.bin/expo-internal/package.json
1296 verbose targetResolver reading package data from /Users/Duffis/Desktop/software.nosync/jams-journal-app/node_modules/.bin/expo-modules-autolinking/package.json
1297 verbose targetResolver reading package data from /Users/Duffis/Desktop/software.nosync/jams-journal-app/node_modules/.bin/fingerprint/package.json
1298 verbose targetResolver reading package data from /Users/Duffis/Desktop/software.nosync/jams-journal-app/node_modules/.bin/fxparser/package.json
1299 verbose targetResolver reading package data from /Users/Duffis/Desktop/software.nosync/jams-journal-app/node_modules/.bin/image-size/package.json
1300 verbose targetResolver reading package data from /Users/Duffis/Desktop/software.nosync/jams-journal-app/node_modules/.bin/is-docker/package.json
1301 verbose targetResolver reading package data from /Users/Duffis/Desktop/software.nosync/jams-journal-app/node_modules/.bin/js-yaml/package.json
1302 verbose targetResolver reading package data from /Users/Duffis/Desktop/software.nosync/jams-journal-app/node_modules/.bin/jsesc/package.json
1303 verbose targetResolver reading package data from /Users/Duffis/Desktop/software.nosync/jams-journal-app/node_modules/.bin/json5/package.json
1304 verbose targetResolver reading package data from /Users/Duffis/Desktop/software.nosync/jams-journal-app/node_modules/.bin/lan-network/package.json
1305 verbose targetResolver reading package data from /Users/Duffis/Desktop/software.nosync/jams-journal-app/node_modules/.bin/logkitty/package.json
1306 verbose targetResolver reading package data from /Users/Duffis/Desktop/software.nosync/jams-journal-app/node_modules/.bin/loose-envify/package.json
1307 verbose targetResolver reading package data from /Users/Duffis/Desktop/software.nosync/jams-journal-app/node_modules/.bin/markdown-it/package.json
1308 verbose targetResolver reading package data from /Users/Duffis/Desktop/software.nosync/jams-journal-app/node_modules/.bin/metro/package.json
1309 verbose targetResolver reading package data from /Users/Duffis/Desktop/software.nosync/jams-journal-app/node_modules/.bin/metro-symbolicate/package.json
1310 verbose targetResolver reading package data from /Users/Duffis/Desktop/software.nosync/jams-journal-app/node_modules/.bin/mime/package.json
1311 verbose targetResolver reading package data from /Users/Duffis/Desktop/software.nosync/jams-journal-app/node_modules/.bin/mkdirp/package.json
1312 verbose targetResolver reading package data from /Users/Duffis/Desktop/software.nosync/jams-journal-app/node_modules/.bin/nanoid/package.json
1313 verbose targetResolver reading package data from /Users/Duffis/Desktop/software.nosync/jams-journal-app/node_modules/.bin/node-which/package.json
1314 verbose targetResolver reading package data from /Users/Duffis/Desktop/software.nosync/jams-journal-app/node_modules/.bin/parser/package.json
1315 verbose targetResolver reading package data from /Users/Duffis/Desktop/software.nosync/jams-journal-app/node_modules/.bin/print-chrome-path/package.json
1316 verbose targetResolver reading package data from /Users/Duffis/Desktop/software.nosync/jams-journal-app/node_modules/.bin/qrcode-terminal/package.json
1317 verbose targetResolver reading package data from /Users/Duffis/Desktop/software.nosync/jams-journal-app/node_modules/.bin/rc/package.json
1318 verbose targetResolver reading package data from /Users/Duffis/Desktop/software.nosync/jams-journal-app/node_modules/.bin/react-native/package.json
1319 verbose targetResolver reading package data from /Users/Duffis/Desktop/software.nosync/jams-journal-app/node_modules/.bin/regjsparser/package.json
1320 verbose targetResolver reading package data from /Users/Duffis/Desktop/software.nosync/jams-journal-app/node_modules/.bin/resolve/package.json
1321 verbose targetResolver reading package data from /Users/Duffis/Desktop/software.nosync/jams-journal-app/node_modules/.bin/rimraf/package.json
1322 verbose targetResolver reading package data from /Users/Duffis/Desktop/software.nosync/jams-journal-app/node_modules/.bin/rnc-cli/package.json
1323 verbose targetResolver reading package data from /Users/Duffis/Desktop/software.nosync/jams-journal-app/node_modules/.bin/semver/package.json
1324 verbose targetResolver reading package data from /Users/Duffis/Desktop/software.nosync/jams-journal-app/node_modules/.bin/sucrase/package.json
1325 verbose targetResolver reading package data from /Users/Duffis/Desktop/software.nosync/jams-journal-app/node_modules/.bin/sucrase-node/package.json
1326 verbose targetResolver reading package data from /Users/Duffis/Desktop/software.nosync/jams-journal-app/node_modules/.bin/terser/package.json
1327 verbose targetResolver reading package data from /Users/Duffis/Desktop/software.nosync/jams-journal-app/node_modules/.bin/ua-parser-js/package.json
1328 verbose targetResolver reading package data from /Users/Duffis/Desktop/software.nosync/jams-journal-app/node_modules/.bin/update-browserslist-db/package.json
1329 verbose targetResolver reading package data from /Users/Duffis/Desktop/software.nosync/jams-journal-app/node_modules/.bin/uuid/package.json
1330 verbose targetResolver reading package data from /Users/Duffis/Desktop/software.nosync/jams-journal-app/node_modules/.bin/yaml/package.json
1331 verbose targetResolver reading package data from /Users/Duffis/Desktop/software.nosync/jams-journal-app/node_modules/@0no-co/graphql.web/package.json
1332 verbose targetResolver reading package data from /Users/Duffis/Desktop/software.nosync/jams-journal-app/node_modules/@apollo/client/package.json
1333 verbose targetResolver reading package data from /Users/Duffis/Desktop/software.nosync/jams-journal-app/node_modules/@babel/code-frame/package.json
1334 verbose targetResolver reading package data from /Users/Duffis/Desktop/software.nosync/jams-journal-app/node_modules/@babel/compat-data/package.json
1335 verbose targetResolver reading package data from /Users/Duffis/Desktop/software.nosync/jams-journal-app/node_modules/@babel/core/package.json
1336 verbose targetResolver reading package data from /Users/Duffis/Desktop/software.nosync/jams-journal-app/node_modules/@babel/generator/package.json
1337 verbose targetResolver reading package data from /Users/Duffis/Desktop/software.nosync/jams-journal-app/node_modules/@babel/helper-annotate-as-pure/package.json
1338 verbose targetResolver reading package data from /Users/Duffis/Desktop/software.nosync/jams-journal-app/node_modules/@babel/helper-compilation-targets/package.json
1339 verbose targetResolver reading package data from /Users/Duffis/Desktop/software.nosync/jams-journal-app/node_modules/@babel/helper-create-class-features-plugin/package.json
1340 verbose targetResolver reading package data from /Users/Duffis/Desktop/software.nosync/jams-journal-app/node_modules/@babel/helper-create-regexp-features-plugin/package.json
1341 verbose targetResolver reading package data from /Users/Duffis/Desktop/software.nosync/jams-journal-app/node_modules/@babel/helper-define-polyfill-provider/package.json
1342 verbose targetResolver reading package data from /Users/Duffis/Desktop/software.nosync/jams-journal-app/node_modules/@babel/helper-globals/package.json
1343 verbose targetResolver reading package data from /Users/Duffis/Desktop/software.nosync/jams-journal-app/node_modules/@babel/helper-member-expression-to-functions/package.json
1344 verbose targetResolver reading package data from /Users/Duffis/Desktop/software.nosync/jams-journal-app/node_modules/@babel/helper-module-imports/package.json
1345 verbose targetResolver reading package data from /Users/Duffis/Desktop/software.nosync/jams-journal-app/node_modules/@babel/helper-module-transforms/package.json
1346 verbose targetResolver reading package data from /Users/Duffis/Desktop/software.nosync/jams-journal-app/node_modules/@babel/helper-optimise-call-expression/package.json
1347 verbose targetResolver reading package data from /Users/Duffis/Desktop/software.nosync/jams-journal-app/node_modules/@babel/helper-plugin-utils/package.json
1348 verbose targetResolver reading package data from /Users/Duffis/Desktop/software.nosync/jams-journal-app/node_modules/@babel/helper-remap-async-to-generator/package.json
1349 verbose targetResolver reading package data from /Users/Duffis/Desktop/software.nosync/jams-journal-app/node_modules/@babel/helper-replace-supers/package.json
1350 verbose targetResolver reading package data from /Users/Duffis/Desktop/software.nosync/jams-journal-app/node_modules/@babel/helper-skip-transparent-expression-wrappers/package.json
1351 verbose targetResolver reading package data from /Users/Duffis/Desktop/software.nosync/jams-journal-app/node_modules/@babel/helper-string-parser/package.json
1352 verbose targetResolver reading package data from /Users/Duffis/Desktop/software.nosync/jams-journal-app/node_modules/@babel/helper-validator-identifier/package.json
1353 verbose targetResolver reading package data from /Users/Duffis/Desktop/software.nosync/jams-journal-app/node_modules/@babel/helper-validator-option/package.json
1354 verbose targetResolver reading package data from /Users/Duffis/Desktop/software.nosync/jams-journal-app/node_modules/@babel/helper-wrap-function/package.json
1355 verbose targetResolver reading package data from /Users/Duffis/Desktop/software.nosync/jams-journal-app/node_modules/@babel/helpers/package.json
1356 verbose targetResolver reading package data from /Users/Duffis/Desktop/software.nosync/jams-journal-app/node_modules/@babel/highlight/package.json
1357 verbose targetResolver reading package data from /Users/Duffis/Desktop/software.nosync/jams-journal-app/node_modules/@babel/parser/package.json
1358 verbose targetResolver reading package data from /Users/Duffis/Desktop/software.nosync/jams-journal-app/node_modules/@babel/plugin-proposal-decorators/package.json
1359 verbose targetResolver reading package data from /Users/Duffis/Desktop/software.nosync/jams-journal-app/node_modules/@babel/plugin-proposal-export-default-from/package.json
1360 verbose targetResolver reading package data from /Users/Duffis/Desktop/software.nosync/jams-journal-app/node_modules/@babel/plugin-syntax-async-generators/package.json
1361 verbose targetResolver reading package data from /Users/Duffis/Desktop/software.nosync/jams-journal-app/node_modules/@babel/plugin-syntax-bigint/package.json
1362 verbose targetResolver reading package data from /Users/Duffis/Desktop/software.nosync/jams-journal-app/node_modules/@babel/plugin-syntax-class-properties/package.json
1363 verbose targetResolver reading package data from /Users/Duffis/Desktop/software.nosync/jams-journal-app/node_modules/@babel/plugin-syntax-class-static-block/package.json
1364 verbose targetResolver reading package data from /Users/Duffis/Desktop/software.nosync/jams-journal-app/node_modules/@babel/plugin-syntax-decorators/package.json
1365 verbose targetResolver reading package data from /Users/Duffis/Desktop/software.nosync/jams-journal-app/node_modules/@babel/plugin-syntax-dynamic-import/package.json
1366 verbose targetResolver reading package data from /Users/Duffis/Desktop/software.nosync/jams-journal-app/node_modules/@babel/plugin-syntax-export-default-from/package.json
1367 verbose targetResolver reading package data from /Users/Duffis/Desktop/software.nosync/jams-journal-app/node_modules/@babel/plugin-syntax-flow/package.json
1368 verbose targetResolver reading package data from /Users/Duffis/Desktop/software.nosync/jams-journal-app/node_modules/@babel/plugin-syntax-import-attributes/package.json
1369 verbose targetResolver reading package data from /Users/Duffis/Desktop/software.nosync/jams-journal-app/node_modules/@babel/plugin-syntax-import-meta/package.json
1370 verbose targetResolver reading package data from /Users/Duffis/Desktop/software.nosync/jams-journal-app/node_modules/@babel/plugin-syntax-json-strings/package.json
1371 verbose targetResolver reading package data from /Users/Duffis/Desktop/software.nosync/jams-journal-app/node_modules/@babel/plugin-syntax-jsx/package.json
1372 verbose targetResolver reading package data from /Users/Duffis/Desktop/software.nosync/jams-journal-app/node_modules/@babel/plugin-syntax-logical-assignment-operators/package.json
1373 verbose targetResolver reading package data from /Users/Duffis/Desktop/software.nosync/jams-journal-app/node_modules/@babel/plugin-syntax-nullish-coalescing-operator/package.json
1374 verbose targetResolver reading package data from /Users/Duffis/Desktop/software.nosync/jams-journal-app/node_modules/@babel/plugin-syntax-numeric-separator/package.json
1375 verbose targetResolver reading package data from /Users/Duffis/Desktop/software.nosync/jams-journal-app/node_modules/@babel/plugin-syntax-object-rest-spread/package.json
1376 verbose targetResolver reading package data from /Users/Duffis/Desktop/software.nosync/jams-journal-app/node_modules/@babel/plugin-syntax-optional-catch-binding/package.json
1377 verbose targetResolver reading package data from /Users/Duffis/Desktop/software.nosync/jams-journal-app/node_modules/@babel/plugin-syntax-optional-chaining/package.json
1378 verbose targetResolver reading package data from /Users/Duffis/Desktop/software.nosync/jams-journal-app/node_modules/@babel/plugin-syntax-private-property-in-object/package.json
1379 verbose targetResolver reading package data from /Users/Duffis/Desktop/software.nosync/jams-journal-app/node_modules/@babel/plugin-syntax-top-level-await/package.json
1380 verbose targetResolver reading package data from /Users/Duffis/Desktop/software.nosync/jams-journal-app/node_modules/@babel/plugin-syntax-typescript/package.json
1381 verbose targetResolver reading package data from /Users/Duffis/Desktop/software.nosync/jams-journal-app/node_modules/@babel/plugin-transform-arrow-functions/package.json
1382 verbose targetResolver reading package data from /Users/Duffis/Desktop/software.nosync/jams-journal-app/node_modules/@babel/plugin-transform-async-generator-functions/package.json
1383 verbose targetResolver reading package data from /Users/Duffis/Desktop/software.nosync/jams-journal-app/node_modules/@babel/plugin-transform-async-to-generator/package.json
1384 verbose targetResolver reading package data from /Users/Duffis/Desktop/software.nosync/jams-journal-app/node_modules/@babel/plugin-transform-block-scoping/package.json
1385 verbose targetResolver reading package data from /Users/Duffis/Desktop/software.nosync/jams-journal-app/node_modules/@babel/plugin-transform-class-properties/package.json
1386 verbose targetResolver reading package data from /Users/Duffis/Desktop/software.nosync/jams-journal-app/node_modules/@babel/plugin-transform-class-static-block/package.json
1387 verbose targetResolver reading package data from /Users/Duffis/Desktop/software.nosync/jams-journal-app/node_modules/@babel/plugin-transform-classes/package.json
1388 verbose targetResolver reading package data from /Users/Duffis/Desktop/software.nosync/jams-journal-app/node_modules/@babel/plugin-transform-computed-properties/package.json
1389 verbose targetResolver reading package data from /Users/Duffis/Desktop/software.nosync/jams-journal-app/node_modules/@babel/plugin-transform-destructuring/package.json
1390 verbose targetResolver reading package data from /Users/Duffis/Desktop/software.nosync/jams-journal-app/node_modules/@babel/plugin-transform-export-namespace-from/package.json
1391 verbose targetResolver reading package data from /Users/Duffis/Desktop/software.nosync/jams-journal-app/node_modules/@babel/plugin-transform-flow-strip-types/package.json
1392 verbose targetResolver reading package data from /Users/Duffis/Desktop/software.nosync/jams-journal-app/node_modules/@babel/plugin-transform-for-of/package.json
1393 verbose targetResolver reading package data from /Users/Duffis/Desktop/software.nosync/jams-journal-app/node_modules/@babel/plugin-transform-function-name/package.json
1394 verbose targetResolver reading package data from /Users/Duffis/Desktop/software.nosync/jams-journal-app/node_modules/@babel/plugin-transform-literals/package.json
1395 verbose targetResolver reading package data from /Users/Duffis/Desktop/software.nosync/jams-journal-app/node_modules/@babel/plugin-transform-logical-assignment-operators/package.json
1396 verbose targetResolver reading package data from /Users/Duffis/Desktop/software.nosync/jams-journal-app/node_modules/@babel/plugin-transform-modules-commonjs/package.json
1397 verbose targetResolver reading package data from /Users/Duffis/Desktop/software.nosync/jams-journal-app/node_modules/@babel/plugin-transform-named-capturing-groups-regex/package.json
1398 verbose targetResolver reading package data from /Users/Duffis/Desktop/software.nosync/jams-journal-app/node_modules/@babel/plugin-transform-nullish-coalescing-operator/package.json
1399 verbose targetResolver reading package data from /Users/Duffis/Desktop/software.nosync/jams-journal-app/node_modules/@babel/plugin-transform-numeric-separator/package.json
1400 verbose targetResolver reading package data from /Users/Duffis/Desktop/software.nosync/jams-journal-app/node_modules/@babel/plugin-transform-object-rest-spread/package.json
1401 verbose targetResolver reading package data from /Users/Duffis/Desktop/software.nosync/jams-journal-app/node_modules/@babel/plugin-transform-optional-catch-binding/package.json
1402 verbose targetResolver reading package data from /Users/Duffis/Desktop/software.nosync/jams-journal-app/node_modules/@babel/plugin-transform-optional-chaining/package.json
1403 verbose targetResolver reading package data from /Users/Duffis/Desktop/software.nosync/jams-journal-app/node_modules/@babel/plugin-transform-parameters/package.json
1404 verbose targetResolver reading package data from /Users/Duffis/Desktop/software.nosync/jams-journal-app/node_modules/@babel/plugin-transform-private-methods/package.json
1405 verbose targetResolver reading package data from /Users/Duffis/Desktop/software.nosync/jams-journal-app/node_modules/@babel/plugin-transform-private-property-in-object/package.json
1406 verbose targetResolver reading package data from /Users/Duffis/Desktop/software.nosync/jams-journal-app/node_modules/@babel/plugin-transform-react-display-name/package.json
1407 verbose targetResolver reading package data from /Users/Duffis/Desktop/software.nosync/jams-journal-app/node_modules/@babel/plugin-transform-react-jsx/package.json
1408 verbose targetResolver reading package data from /Users/Duffis/Desktop/software.nosync/jams-journal-app/node_modules/@babel/plugin-transform-react-jsx-development/package.json
1409 verbose targetResolver reading package data from /Users/Duffis/Desktop/software.nosync/jams-journal-app/node_modules/@babel/plugin-transform-react-jsx-self/package.json
1410 verbose targetResolver reading package data from /Users/Duffis/Desktop/software.nosync/jams-journal-app/node_modules/@babel/plugin-transform-react-jsx-source/package.json
1411 verbose targetResolver reading package data from /Users/Duffis/Desktop/software.nosync/jams-journal-app/node_modules/@babel/plugin-transform-react-pure-annotations/package.json
1412 verbose targetResolver reading package data from /Users/Duffis/Desktop/software.nosync/jams-journal-app/node_modules/@babel/plugin-transform-regenerator/package.json
1413 verbose targetResolver reading package data from /Users/Duffis/Desktop/software.nosync/jams-journal-app/node_modules/@babel/plugin-transform-runtime/package.json
1414 verbose targetResolver reading package data from /Users/Duffis/Desktop/software.nosync/jams-journal-app/node_modules/@babel/plugin-transform-shorthand-properties/package.json
1415 verbose targetResolver reading package data from /Users/Duffis/Desktop/software.nosync/jams-journal-app/node_modules/@babel/plugin-transform-spread/package.json
1416 verbose targetResolver reading package data from /Users/Duffis/Desktop/software.nosync/jams-journal-app/node_modules/@babel/plugin-transform-sticky-regex/package.json
1417 verbose targetResolver reading package data from /Users/Duffis/Desktop/software.nosync/jams-journal-app/node_modules/@babel/plugin-transform-typescript/package.json
1418 verbose targetResolver reading package data from /Users/Duffis/Desktop/software.nosync/jams-journal-app/node_modules/@babel/plugin-transform-unicode-regex/package.json
1419 verbose targetResolver reading package data from /Users/Duffis/Desktop/software.nosync/jams-journal-app/node_modules/@babel/preset-react/package.json
1420 verbose targetResolver reading package data from /Users/Duffis/Desktop/software.nosync/jams-journal-app/node_modules/@babel/preset-typescript/package.json
1421 verbose targetResolver reading package data from /Users/Duffis/Desktop/software.nosync/jams-journal-app/node_modules/@babel/runtime/package.json
1422 verbose targetResolver reading package data from /Users/Duffis/Desktop/software.nosync/jams-journal-app/node_modules/@babel/template/package.json
1423 verbose targetResolver reading package data from /Users/Duffis/Desktop/software.nosync/jams-journal-app/node_modules/@babel/traverse/package.json
1424 verbose targetResolver reading package data from /Users/Duffis/Desktop/software.nosync/jams-journal-app/node_modules/@babel/traverse--for-generate-function-map/package.json
1425 verbose targetResolver reading package data from /Users/Duffis/Desktop/software.nosync/jams-journal-app/node_modules/@babel/types/package.json
1426 verbose targetResolver reading package data from /Users/Duffis/Desktop/software.nosync/jams-journal-app/node_modules/@hapi/hoek/package.json
1427 verbose targetResolver reading package data from /Users/Duffis/Desktop/software.nosync/jams-journal-app/node_modules/@hapi/topo/package.json
1428 verbose targetResolver reading package data from /Users/Duffis/Desktop/software.nosync/jams-journal-app/node_modules/@graphql-typed-document-node/core/package.json
1429 verbose targetResolver reading package data from /Users/Duffis/Desktop/software.nosync/jams-journal-app/node_modules/@isaacs/fs-minipass/package.json
1430 verbose targetResolver reading package data from /Users/Duffis/Desktop/software.nosync/jams-journal-app/node_modules/@isaacs/ttlcache/package.json
1431 verbose targetResolver reading package data from /Users/Duffis/Desktop/software.nosync/jams-journal-app/node_modules/@istanbuljs/load-nyc-config/package.json
1432 verbose targetResolver reading package data from /Users/Duffis/Desktop/software.nosync/jams-journal-app/node_modules/@istanbuljs/schema/package.json
1433 verbose targetResolver reading package data from /Users/Duffis/Desktop/software.nosync/jams-journal-app/node_modules/@expo/cli/package.json
1434 verbose targetResolver reading package data from /Users/Duffis/Desktop/software.nosync/jams-journal-app/node_modules/@expo/code-signing-certificates/package.json
1435 verbose targetResolver reading package data from /Users/Duffis/Desktop/software.nosync/jams-journal-app/node_modules/@expo/config/package.json
1436 verbose targetResolver reading package data from /Users/Duffis/Desktop/software.nosync/jams-journal-app/node_modules/@expo/config-plugins/package.json
1437 verbose targetResolver reading package data from /Users/Duffis/Desktop/software.nosync/jams-journal-app/node_modules/@expo/config-types/package.json
1438 verbose targetResolver reading package data from /Users/Duffis/Desktop/software.nosync/jams-journal-app/node_modules/@expo/devcert/package.json
1439 verbose targetResolver reading package data from /Users/Duffis/Desktop/software.nosync/jams-journal-app/node_modules/@expo/devtools/package.json
1440 verbose targetResolver reading package data from /Users/Duffis/Desktop/software.nosync/jams-journal-app/node_modules/@expo/env/package.json
1441 verbose targetResolver reading package data from /Users/Duffis/Desktop/software.nosync/jams-journal-app/node_modules/@expo/fingerprint/package.json
1442 verbose targetResolver reading package data from /Users/Duffis/Desktop/software.nosync/jams-journal-app/node_modules/@expo/image-utils/package.json
1443 verbose targetResolver reading package data from /Users/Duffis/Desktop/software.nosync/jams-journal-app/node_modules/@expo/json-file/package.json
1444 verbose targetResolver reading package data from /Users/Duffis/Desktop/software.nosync/jams-journal-app/node_modules/@expo/metro/package.json
1445 verbose targetResolver reading package data from /Users/Duffis/Desktop/software.nosync/jams-journal-app/node_modules/@expo/metro-config/package.json
1446 verbose targetResolver reading package data from /Users/Duffis/Desktop/software.nosync/jams-journal-app/node_modules/@expo/osascript/package.json
1447 verbose targetResolver reading package data from /Users/Duffis/Desktop/software.nosync/jams-journal-app/node_modules/@expo/package-manager/package.json
1448 verbose targetResolver reading package data from /Users/Duffis/Desktop/software.nosync/jams-journal-app/node_modules/@expo/plist/package.json
1449 verbose targetResolver reading package data from /Users/Duffis/Desktop/software.nosync/jams-journal-app/node_modules/@expo/prebuild-config/package.json
1450 verbose targetResolver reading package data from /Users/Duffis/Desktop/software.nosync/jams-journal-app/node_modules/@expo/schema-utils/package.json
1451 verbose targetResolver reading package data from /Users/Duffis/Desktop/software.nosync/jams-journal-app/node_modules/@expo/sdk-runtime-versions/package.json
1452 verbose targetResolver reading package data from /Users/Duffis/Desktop/software.nosync/jams-journal-app/node_modules/@expo/spawn-async/package.json
1453 verbose targetResolver reading package data from /Users/Duffis/Desktop/software.nosync/jams-journal-app/node_modules/@expo/sudo-prompt/package.json
1454 verbose targetResolver reading package data from /Users/Duffis/Desktop/software.nosync/jams-journal-app/node_modules/@expo/vector-icons/package.json
1455 verbose targetResolver reading package data from /Users/Duffis/Desktop/software.nosync/jams-journal-app/node_modules/@expo/ws-tunnel/package.json
1456 verbose targetResolver reading package data from /Users/Duffis/Desktop/software.nosync/jams-journal-app/node_modules/@expo/xcpretty/package.json
1457 verbose targetResolver reading package data from /Users/Duffis/Desktop/software.nosync/jams-journal-app/node_modules/@jsamr/counter-style/package.json
1458 verbose targetResolver reading package data from /Users/Duffis/Desktop/software.nosync/jams-journal-app/node_modules/@jsamr/react-native-li/package.json
1459 verbose targetResolver reading package data from /Users/Duffis/Desktop/software.nosync/jams-journal-app/node_modules/@jridgewell/gen-mapping/package.json
1460 verbose targetResolver reading package data from /Users/Duffis/Desktop/software.nosync/jams-journal-app/node_modules/@jridgewell/remapping/package.json
1461 verbose targetResolver reading package data from /Users/Duffis/Desktop/software.nosync/jams-journal-app/node_modules/@jridgewell/resolve-uri/package.json
1462 verbose targetResolver reading package data from /Users/Duffis/Desktop/software.nosync/jams-journal-app/node_modules/@jridgewell/source-map/package.json
1463 verbose targetResolver reading package data from /Users/Duffis/Desktop/software.nosync/jams-journal-app/node_modules/@jridgewell/sourcemap-codec/package.json
1464 verbose targetResolver reading package data from /Users/Duffis/Desktop/software.nosync/jams-journal-app/node_modules/@jridgewell/trace-mapping/package.json
1465 verbose targetResolver reading package data from /Users/Duffis/Desktop/software.nosync/jams-journal-app/node_modules/@jest/create-cache-key-function/package.json
1466 verbose targetResolver reading package data from /Users/Duffis/Desktop/software.nosync/jams-journal-app/node_modules/@jest/environment/package.json
1467 verbose targetResolver reading package data from /Users/Duffis/Desktop/software.nosync/jams-journal-app/node_modules/@jest/fake-timers/package.json
1468 verbose targetResolver reading package data from /Users/Duffis/Desktop/software.nosync/jams-journal-app/node_modules/@jest/schemas/package.json
1469 verbose targetResolver reading package data from /Users/Duffis/Desktop/software.nosync/jams-journal-app/node_modules/@jest/transform/package.json
1470 verbose targetResolver reading package data from /Users/Duffis/Desktop/software.nosync/jams-journal-app/node_modules/@jest/types/package.json
1471 verbose targetResolver reading package data from /Users/Duffis/Desktop/software.nosync/jams-journal-app/node_modules/@native-html/css-processor/package.json
1472 verbose targetResolver reading package data from /Users/Duffis/Desktop/software.nosync/jams-journal-app/node_modules/@native-html/transient-render-engine/package.json
1473 verbose targetResolver reading package data from /Users/Duffis/Desktop/software.nosync/jams-journal-app/node_modules/@nodelib/fs.scandir/package.json
1474 verbose targetResolver reading package data from /Users/Duffis/Desktop/software.nosync/jams-journal-app/node_modules/@nodelib/fs.stat/package.json
1475 verbose targetResolver reading package data from /Users/Duffis/Desktop/software.nosync/jams-journal-app/node_modules/@nodelib/fs.walk/package.json
1476 verbose targetResolver reading package data from /Users/Duffis/Desktop/software.nosync/jams-journal-app/node_modules/@react-native/assets-registry/package.json
1477 verbose targetResolver reading package data from /Users/Duffis/Desktop/software.nosync/jams-journal-app/node_modules/@react-native/babel-plugin-codegen/package.json
1478 verbose targetResolver reading package data from /Users/Duffis/Desktop/software.nosync/jams-journal-app/node_modules/@react-native/babel-preset/package.json
1479 verbose targetResolver reading package data from /Users/Duffis/Desktop/software.nosync/jams-journal-app/node_modules/@react-native/codegen/package.json
1480 verbose targetResolver reading package data from /Users/Duffis/Desktop/software.nosync/jams-journal-app/node_modules/@react-native/community-cli-plugin/package.json
1481 verbose targetResolver reading package data from /Users/Duffis/Desktop/software.nosync/jams-journal-app/node_modules/@react-native/debugger-frontend/package.json
1482 verbose targetResolver reading package data from /Users/Duffis/Desktop/software.nosync/jams-journal-app/node_modules/@react-native/dev-middleware/package.json
1483 verbose targetResolver reading package data from /Users/Duffis/Desktop/software.nosync/jams-journal-app/node_modules/@react-native/gradle-plugin/package.json
1484 verbose targetResolver reading package data from /Users/Duffis/Desktop/software.nosync/jams-journal-app/node_modules/@react-native/js-polyfills/package.json
1485 verbose targetResolver reading package data from /Users/Duffis/Desktop/software.nosync/jams-journal-app/node_modules/@react-native/normalize-colors/package.json
1486 verbose targetResolver reading package data from /Users/Duffis/Desktop/software.nosync/jams-journal-app/node_modules/@react-native/virtualized-lists/package.json
1487 verbose targetResolver reading package data from /Users/Duffis/Desktop/software.nosync/jams-journal-app/node_modules/@react-native-async-storage/async-storage/package.json
1488 verbose targetResolver reading package data from /Users/Duffis/Desktop/software.nosync/jams-journal-app/node_modules/@rneui/base/package.json
1489 verbose targetResolver reading package data from /Users/Duffis/Desktop/software.nosync/jams-journal-app/node_modules/@rneui/themed/package.json
1490 verbose targetResolver reading package data from /Users/Duffis/Desktop/software.nosync/jams-journal-app/node_modules/@react-navigation/bottom-tabs/package.json
1491 verbose targetResolver reading package data from /Users/Duffis/Desktop/software.nosync/jams-journal-app/node_modules/@react-navigation/core/package.json
1492 verbose targetResolver reading package data from /Users/Duffis/Desktop/software.nosync/jams-journal-app/node_modules/@react-navigation/elements/package.json
1493 verbose targetResolver reading package data from /Users/Duffis/Desktop/software.nosync/jams-journal-app/node_modules/@react-navigation/material-top-tabs/package.json
1494 verbose targetResolver reading package data from /Users/Duffis/Desktop/software.nosync/jams-journal-app/node_modules/@react-navigation/native/package.json
1495 verbose targetResolver reading package data from /Users/Duffis/Desktop/software.nosync/jams-journal-app/node_modules/@react-navigation/native-stack/package.json
1496 verbose targetResolver reading package data from /Users/Duffis/Desktop/software.nosync/jams-journal-app/node_modules/@react-navigation/routers/package.json
1497 verbose targetResolver reading package data from /Users/Duffis/Desktop/software.nosync/jams-journal-app/node_modules/@react-native-community/cli/package.json
1498 verbose targetResolver reading package data from /Users/Duffis/Desktop/software.nosync/jams-journal-app/node_modules/@react-native-community/cli-clean/package.json
1499 verbose targetResolver reading package data from /Users/Duffis/Desktop/software.nosync/jams-journal-app/node_modules/@react-native-community/cli-config/package.json
1500 verbose targetResolver reading package data from /Users/Duffis/Desktop/software.nosync/jams-journal-app/node_modules/@react-native-community/cli-config-android/package.json
1501 verbose targetResolver reading package data from /Users/Duffis/Desktop/software.nosync/jams-journal-app/node_modules/@react-native-community/cli-config-apple/package.json
1502 verbose targetResolver reading package data from /Users/Duffis/Desktop/software.nosync/jams-journal-app/node_modules/@react-native-community/cli-doctor/package.json
1503 verbose targetResolver reading package data from /Users/Duffis/Desktop/software.nosync/jams-journal-app/node_modules/@react-native-community/cli-platform-android/package.json
1504 verbose targetResolver reading package data from /Users/Duffis/Desktop/software.nosync/jams-journal-app/node_modules/@react-native-community/cli-platform-apple/package.json
1505 verbose targetResolver reading package data from /Users/Duffis/Desktop/software.nosync/jams-journal-app/node_modules/@react-native-community/cli-platform-ios/package.json
1506 verbose targetResolver reading package data from /Users/Duffis/Desktop/software.nosync/jams-journal-app/node_modules/@react-native-community/cli-server-api/package.json
1507 verbose targetResolver reading package data from /Users/Duffis/Desktop/software.nosync/jams-journal-app/node_modules/@react-native-community/cli-tools/package.json
1508 verbose targetResolver reading package data from /Users/Duffis/Desktop/software.nosync/jams-journal-app/node_modules/@react-native-community/cli-types/package.json
1509 verbose targetResolver reading package data from /Users/Duffis/Desktop/software.nosync/jams-journal-app/node_modules/@sinclair/typebox/package.json
1510 verbose targetResolver reading package data from /Users/Duffis/Desktop/software.nosync/jams-journal-app/node_modules/@sinonjs/commons/package.json
1511 verbose targetResolver reading package data from /Users/Duffis/Desktop/software.nosync/jams-journal-app/node_modules/@sinonjs/fake-timers/package.json
1512 verbose targetResolver reading package data from /Users/Duffis/Desktop/software.nosync/jams-journal-app/node_modules/@sideway/address/package.json
1513 verbose targetResolver reading package data from /Users/Duffis/Desktop/software.nosync/jams-journal-app/node_modules/@sideway/formula/package.json
1514 verbose targetResolver reading package data from /Users/Duffis/Desktop/software.nosync/jams-journal-app/node_modules/@sideway/pinpoint/package.json
1515 verbose targetResolver reading package data from /Users/Duffis/Desktop/software.nosync/jams-journal-app/node_modules/@supabase/auth-js/package.json
1516 verbose targetResolver reading package data from /Users/Duffis/Desktop/software.nosync/jams-journal-app/node_modules/@supabase/functions-js/package.json
1517 verbose targetResolver reading package data from /Users/Duffis/Desktop/software.nosync/jams-journal-app/node_modules/@supabase/postgrest-js/package.json
1518 verbose targetResolver reading package data from /Users/Duffis/Desktop/software.nosync/jams-journal-app/node_modules/@supabase/realtime-js/package.json
1519 verbose targetResolver reading package data from /Users/Duffis/Desktop/software.nosync/jams-journal-app/node_modules/@supabase/storage-js/package.json
1520 verbose targetResolver reading package data from /Users/Duffis/Desktop/software.nosync/jams-journal-app/node_modules/@supabase/supabase-js/package.json
1521 verbose targetResolver reading package data from /Users/Duffis/Desktop/software.nosync/jams-journal-app/node_modules/@ungap/structured-clone/package.json
1522 verbose targetResolver reading package data from /Users/Duffis/Desktop/software.nosync/jams-journal-app/node_modules/@types/babel__core/package.json
1523 verbose targetResolver reading package data from /Users/Duffis/Desktop/software.nosync/jams-journal-app/node_modules/@types/babel__generator/package.json
1524 verbose targetResolver reading package data from /Users/Duffis/Desktop/software.nosync/jams-journal-app/node_modules/@types/babel__template/package.json
1525 verbose targetResolver reading package data from /Users/Duffis/Desktop/software.nosync/jams-journal-app/node_modules/@types/babel__traverse/package.json
1526 verbose targetResolver reading package data from /Users/Duffis/Desktop/software.nosync/jams-journal-app/node_modules/@types/graceful-fs/package.json
1527 verbose targetResolver reading package data from /Users/Duffis/Desktop/software.nosync/jams-journal-app/node_modules/@types/istanbul-lib-coverage/package.json
1528 verbose targetResolver reading package data from /Users/Duffis/Desktop/software.nosync/jams-journal-app/node_modules/@types/istanbul-lib-report/package.json
1529 verbose targetResolver reading package data from /Users/Duffis/Desktop/software.nosync/jams-journal-app/node_modules/@types/istanbul-reports/package.json
1530 verbose targetResolver reading package data from /Users/Duffis/Desktop/software.nosync/jams-journal-app/node_modules/@types/node/package.json
1531 verbose targetResolver reading package data from /Users/Duffis/Desktop/software.nosync/jams-journal-app/node_modules/@types/phoenix/package.json
1532 verbose targetResolver reading package data from /Users/Duffis/Desktop/software.nosync/jams-journal-app/node_modules/@types/ramda/package.json
1533 verbose targetResolver reading package data from /Users/Duffis/Desktop/software.nosync/jams-journal-app/node_modules/@types/react/package.json
1534 verbose targetResolver reading package data from /Users/Duffis/Desktop/software.nosync/jams-journal-app/node_modules/@types/react-native/package.json
1535 verbose targetResolver reading package data from /Users/Duffis/Desktop/software.nosync/jams-journal-app/node_modules/@types/react-native-vector-icons/package.json
1536 verbose targetResolver reading package data from /Users/Duffis/Desktop/software.nosync/jams-journal-app/node_modules/@types/stack-utils/package.json
1537 verbose targetResolver reading package data from /Users/Duffis/Desktop/software.nosync/jams-journal-app/node_modules/@types/urijs/package.json
1538 verbose targetResolver reading package data from /Users/Duffis/Desktop/software.nosync/jams-journal-app/node_modules/@types/ws/package.json
1539 verbose targetResolver reading package data from /Users/Duffis/Desktop/software.nosync/jams-journal-app/node_modules/@types/yargs/package.json
1540 verbose targetResolver reading package data from /Users/Duffis/Desktop/software.nosync/jams-journal-app/node_modules/@types/yargs-parser/package.json
1541 verbose targetResolver reading package data from /Users/Duffis/Desktop/software.nosync/jams-journal-app/node_modules/@xmldom/xmldom/package.json
1542 verbose targetResolver reading package data from /Users/Duffis/Desktop/software.nosync/jams-journal-app/node_modules/@vscode/sudo-prompt/package.json
1543 verbose targetResolver reading package data from /Users/Duffis/Desktop/software.nosync/jams-journal-app/node_modules/@wry/caches/package.json
1544 verbose targetResolver reading package data from /Users/Duffis/Desktop/software.nosync/jams-journal-app/node_modules/@wry/context/package.json
1545 verbose targetResolver reading package data from /Users/Duffis/Desktop/software.nosync/jams-journal-app/node_modules/@wry/equality/package.json
1546 verbose targetResolver reading package data from /Users/Duffis/Desktop/software.nosync/jams-journal-app/node_modules/@wry/trie/package.json
1547 verbose targetResolver reading package data from /Users/Duffis/Desktop/software.nosync/jams-journal-app/node_modules/@urql/core/package.json
1548 verbose targetResolver reading package data from /Users/Duffis/Desktop/software.nosync/jams-journal-app/node_modules/@urql/exchange-retry/package.json
1549 verbose already installed skipping graphql@^16.12.0 /Users/Duffis/Desktop/software.nosync/jams-journal-app
1550 verbose already installed skipping react@19.1.0 /Users/Duffis/Desktop/software.nosync/jams-journal-app
1551 verbose already installed skipping react-dom@^19.1.0 /Users/Duffis/Desktop/software.nosync/jams-journal-app
1552 verbose already installed skipping react-native@0.81.5 /Users/Duffis/Desktop/software.nosync/jams-journal-app
1553 verbose already installed skipping react-native-dotenv@^3.4.11 /Users/Duffis/Desktop/software.nosync/jams-journal-app
1554 verbose already installed skipping react-native-markdown-display@^7.0.2 /Users/Duffis/Desktop/software.nosync/jams-journal-app
1555 verbose already installed skipping react-native-pager-view@6.9.1 /Users/Duffis/Desktop/software.nosync/jams-journal-app
1556 verbose already installed skipping react-native-render-html@^6.3.4 /Users/Duffis/Desktop/software.nosync/jams-journal-app
1557 verbose already installed skipping react-native-safe-area-context@~5.6.0 /Users/Duffis/Desktop/software.nosync/jams-journal-app
1558 verbose already installed skipping react-native-screens@~4.16.0 /Users/Duffis/Desktop/software.nosync/jams-journal-app
1559 verbose already installed skipping react-native-tab-view@^3.5.2 /Users/Duffis/Desktop/software.nosync/jams-journal-app
1560 verbose already installed skipping react-native-url-polyfill@^3.0.0 /Users/Duffis/Desktop/software.nosync/jams-journal-app
1561 verbose already installed skipping react-native-web@^0.21.2 /Users/Duffis/Desktop/software.nosync/jams-journal-app
1562 verbose already installed skipping react-native-webview@13.15.0 /Users/Duffis/Desktop/software.nosync/jams-journal-app
1563 verbose already installed skipping react-native-youtube-iframe@^2.3.0 /Users/Duffis/Desktop/software.nosync/jams-journal-app
1564 verbose already installed skipping rxjs@^7.8.2 /Users/Duffis/Desktop/software.nosync/jams-journal-app
1565 verbose already installed skipping @babel/core@^7.20.0 /Users/Duffis/Desktop/software.nosync/jams-journal-app
1566 verbose already installed skipping @react-native-community/cli@^20.0.2 /Users/Duffis/Desktop/software.nosync/jams-journal-app
1567 verbose already installed skipping @react-native-community/cli-platform-ios@^20.0.2 /Users/Duffis/Desktop/software.nosync/jams-journal-app
1568 verbose already installed skipping @apollo/client@3.8.10 /Users/Duffis/Desktop/software.nosync/jams-journal-app
1569 verbose already installed skipping @expo/vector-icons@^15.0.3 /Users/Duffis/Desktop/software.nosync/jams-journal-app
1570 verbose already installed skipping @react-native-async-storage/async-storage@2.2.0 /Users/Duffis/Desktop/software.nosync/jams-journal-app
1571 verbose already installed skipping @react-navigation/bottom-tabs@^6.5.20 /Users/Duffis/Desktop/software.nosync/jams-journal-app
1572 verbose already installed skipping @react-navigation/material-top-tabs@^6.6.13 /Users/Duffis/Desktop/software.nosync/jams-journal-app
1573 verbose already installed skipping @react-navigation/native@^6.1.17 /Users/Duffis/Desktop/software.nosync/jams-journal-app
1574 verbose already installed skipping @react-navigation/native-stack@^6.9.26 /Users/Duffis/Desktop/software.nosync/jams-journal-app
1575 verbose already installed skipping @rneui/base@^4.0.0-rc.8 /Users/Duffis/Desktop/software.nosync/jams-journal-app
1576 verbose already installed skipping @rneui/themed@^4.0.0-rc.8 /Users/Duffis/Desktop/software.nosync/jams-journal-app
1577 verbose already installed skipping @supabase/supabase-js@^2.84.0 /Users/Duffis/Desktop/software.nosync/jams-journal-app
1578 verbose already installed skipping expo@^54.0.33 /Users/Duffis/Desktop/software.nosync/jams-journal-app
1579 silly cache add args [ 'expo-blur@~15.0.8', null ]
1580 verbose cache add spec expo-blur@~15.0.8
1581 silly cache add parsed spec Result {
1581 silly cache add   raw: 'expo-blur@~15.0.8',
1581 silly cache add   scope: null,
1581 silly cache add   name: 'expo-blur',
1581 silly cache add   rawSpec: '~15.0.8',
1581 silly cache add   spec: '>=15.0.8 <15.1.0',
1581 silly cache add   type: 'range'
1581 silly cache add }
1582 silly addNamed expo-blur@>=15.0.8 <15.1.0
1583 verbose addNamed ">=15.0.8 <15.1.0" is a valid semver range for expo-blur
1584 silly addNameRange { name: 'expo-blur', range: '>=15.0.8 <15.1.0', hasData: false }
1585 silly mapToRegistry name expo-blur
1586 silly mapToRegistry using default registry
1587 silly mapToRegistry registry https://registry.npmjs.org/
1588 silly mapToRegistry data Result {
1588 silly mapToRegistry   raw: 'expo-blur',
1588 silly mapToRegistry   scope: null,
1588 silly mapToRegistry   name: 'expo-blur',
1588 silly mapToRegistry   rawSpec: '',
1588 silly mapToRegistry   spec: 'latest',
1588 silly mapToRegistry   type: 'tag'
1588 silly mapToRegistry }
1589 silly mapToRegistry uri https://registry.npmjs.org/expo-blur
1590 verbose addNameRange registry:https://registry.npmjs.org/expo-blur not in flight; fetching
1591 verbose already installed skipping expo-constants@~18.0.13 /Users/Duffis/Desktop/software.nosync/jams-journal-app
1592 verbose already installed skipping expo-device@~8.0.10 /Users/Duffis/Desktop/software.nosync/jams-journal-app
1593 verbose request uri https://registry.npmjs.org/expo-blur
1594 verbose request no auth needed
1595 info attempt registry request try #1 at 4:54:23 PM
1596 verbose request id 84d64a22ea45c976
1597 http request GET https://registry.npmjs.org/expo-blur
1598 verbose already installed skipping expo-font@~14.0.9 /Users/Duffis/Desktop/software.nosync/jams-journal-app
1599 verbose already installed skipping expo-notifications@~0.32.16 /Users/Duffis/Desktop/software.nosync/jams-journal-app
1600 verbose already installed skipping expo-splash-screen@~31.0.10 /Users/Duffis/Desktop/software.nosync/jams-journal-app
1601 verbose already installed skipping expo-status-bar@~3.0.8 /Users/Duffis/Desktop/software.nosync/jams-journal-app
1602 http 200 https://registry.npmjs.org/expo-blur
1603 verbose headers {
1603 verbose headers   date: 'Thu, 26 Feb 2026 21:54:23 GMT',
1603 verbose headers   'content-type': 'application/json',
1603 verbose headers   'transfer-encoding': 'chunked',
1603 verbose headers   connection: 'keep-alive',
1603 verbose headers   'content-encoding': 'gzip',
1603 verbose headers   'cf-ray': '9d42ae4109eb7277-EWR',
1603 verbose headers   'cf-cache-status': 'HIT',
1603 verbose headers   'access-control-allow-origin': '*',
1603 verbose headers   'cache-control': 'public, max-age=300',
1603 verbose headers   etag: 'W/"866a95c30baa0dc26b06c0ca9e9d2d9b"',
1603 verbose headers   'last-modified': 'Wed, 25 Feb 2026 21:29:16 GMT',
1603 verbose headers   vary: 'accept-encoding, accept',
1603 verbose headers   'set-cookie': [
1603 verbose headers     '_cfuvid=4Qu9d26ipFNQL8.2_iHzTVV5dZglOn90gJ3JsSHNAyM-1772142863621-0.0.1.1-604800000; path=/; domain=.npmjs.org; HttpOnly; Secure; SameSite=None'
1603 verbose headers   ],
1603 verbose headers   server: 'cloudflare'
1603 verbose headers }
1604 silly get cb [
1604 silly get   200,
1604 silly get   {
1604 silly get     date: 'Thu, 26 Feb 2026 21:54:23 GMT',
1604 silly get     'content-type': 'application/json',
1604 silly get     'transfer-encoding': 'chunked',
1604 silly get     connection: 'keep-alive',
1604 silly get     'content-encoding': 'gzip',
1604 silly get     'cf-ray': '9d42ae4109eb7277-EWR',
1604 silly get     'cf-cache-status': 'HIT',
1604 silly get     'access-control-allow-origin': '*',
1604 silly get     'cache-control': 'public, max-age=300',
1604 silly get     etag: 'W/"866a95c30baa0dc26b06c0ca9e9d2d9b"',
1604 silly get     'last-modified': 'Wed, 25 Feb 2026 21:29:16 GMT',
1604 silly get     vary: 'accept-encoding, accept',
1604 silly get     'set-cookie': [
1604 silly get       '_cfuvid=4Qu9d26ipFNQL8.2_iHzTVV5dZglOn90gJ3JsSHNAyM-1772142863621-0.0.1.1-604800000; path=/; domain=.npmjs.org; HttpOnly; Secure; SameSite=None'
1604 silly get     ],
1604 silly get     server: 'cloudflare'
1604 silly get   }
1604 silly get ]
1605 verbose get saving expo-blur to /Users/Duffis/.npm/registry.npmjs.org/expo-blur/.cache.json
1606 verbose correctMkdir /Users/Duffis/.npm correctMkdir not in flight; initializing
1607 silly addNameRange number 2 { name: 'expo-blur', range: '>=15.0.8 <15.1.0', hasData: true }
1608 silly addNameRange versions [
1608 silly addNameRange   'expo-blur',
1608 silly addNameRange   [
1608 silly addNameRange     '3.0.0',
1608 silly addNameRange     '4.0.0',
1608 silly addNameRange     '5.0.0-rc.0',
1608 silly addNameRange     '5.0.0',
1608 silly addNameRange     '5.0.1',
1608 silly addNameRange     '6.0.0-rc.0',
1608 silly addNameRange     '6.0.0',
1608 silly addNameRange     '7.0.0-rc.0',
1608 silly addNameRange     '7.0.0',
1608 silly addNameRange     '8.0.0',
1608 silly addNameRange     '8.1.0',
1608 silly addNameRange     '8.1.1',
1608 silly addNameRange     '8.1.2',
1608 silly addNameRange     '8.2.0',
1608 silly addNameRange     '8.2.1',
1608 silly addNameRange     '8.2.2',
1608 silly addNameRange     '9.0.0',
1608 silly addNameRange     '9.0.1',
1608 silly addNameRange     '9.0.2',
1608 silly addNameRange     '9.0.3',
1608 silly addNameRange     '10.0.0',
1608 silly addNameRange     '10.0.1',
1608 silly addNameRange     '10.0.2',
1608 silly addNameRange     '10.0.3',
1608 silly addNameRange     '11.0.0',
1608 silly addNameRange     '11.1.0',
1608 silly addNameRange     '11.2.0',
1608 silly addNameRange     '12.0.0',
1608 silly addNameRange     '12.0.1',
1608 silly addNameRange     '12.1.0',
1608 silly addNameRange     '12.2.0',
1608 silly addNameRange     '12.2.1',
1608 silly addNameRange     '12.2.2',
1608 silly addNameRange     '12.3.0',
1608 silly addNameRange     '12.3.1',
1608 silly addNameRange     '12.3.2',
1608 silly addNameRange     '12.4.0',
1608 silly addNameRange     '12.4.1',
1608 silly addNameRange     '12.5.0',
1608 silly addNameRange     '12.6.0',
1608 silly addNameRange     '12.7.0',
1608 silly addNameRange     '12.8.0',
1608 silly addNameRange     '12.9.0',
1608 silly addNameRange     '0.0.0-canary-20231123-1b19f96',
1608 silly addNameRange     '0.0.1-canary-20231125-d600e44',
1608 silly addNameRange     '0.0.1-canary-20231129-c0ec023',
1608 silly addNameRange     '0.0.1-canary-20231130-ede75a7',
1608 silly addNameRange     '0.0.1-canary-20231130-ede75a7-1',
1608 silly addNameRange     '0.0.1-canary-20231130-c8a9bf9',
1608 silly addNameRange     '0.0.1-canary-20231205-250b31f',
1608 silly addNameRange     '12.9.1',
1608 silly addNameRange     '0.0.1-canary-20240109-93608d8',
1608 silly addNameRange     '12.9.2',
1608 silly addNameRange     '0.0.1-canary-20240222-c729a13',
1608 silly addNameRange     '0.0.1-canary-20240228-7cee619',
1608 silly addNameRange     '0.0.1-canary-20240305-e60019e',
1608 silly addNameRange     '0.0.1-canary-20240308-6715875',
1608 silly addNameRange     '0.0.1-canary-20240315-ce71005',
1608 silly addNameRange     '0.0.1-canary-20240318-53194f5',
1608 silly addNameRange     '0.0.1-canary-20240318-af634b1',
1608 silly addNameRange     '0.0.1-canary-20240318-dd8f245',
1608 silly addNameRange     '0.0.1-canary-20240320-8a10e09',
1608 silly addNameRange     '0.0.1-canary-20240327-a7302d9',
1608 silly addNameRange     '0.0.1-canary-20240328-24ecc5e',
1608 silly addNameRange     '0.0.1-canary-20240404-e2b8743',
1608 silly addNameRange     '0.0.1-canary-20240405-cdfd9c1',
1608 silly addNameRange     '0.0.1-canary-20240406-a4950c7',
1608 silly addNameRange     '0.0.1-canary-20240411-33a7dc1',
1608 silly addNameRange     '0.0.1-canary-20240411-55a0085',
1608 silly addNameRange     '0.0.1-canary-20240415-0868fc4',
1608 silly addNameRange     '0.0.1-canary-20240415-cca04d8',
1608 silly addNameRange     '0.0.1-canary-20240418-8d74597',
1608 silly addNameRange     '13.0.0',
1608 silly addNameRange     '13.0.1',
1608 silly addNameRange     '13.0.2',
1608 silly addNameRange     '13.0.3-canary-20240625-2333e70',
1608 silly addNameRange     '13.0.3-canary-20240627-1402f4b',
1608 silly addNameRange     '13.0.3-canary-20240628-1ba8152',
1608 silly addNameRange     '13.0.3-canary-20240719-83ee47b',
1608 silly addNameRange     '14.0.0-canary-20240814-ce0f7d5',
1608 silly addNameRange     '14.0.0-canary-20240904-69100c1',
1608 silly addNameRange     '14.0.0-canary-20240912-1059f85',
1608 silly addNameRange     '14.0.0-canary-20240927-ab8a962',
1608 silly addNameRange     '14.0.0-canary-20241008-90b13ad',
1608 silly addNameRange     '14.0.0-canary-20241018-f71b3e0',
1608 silly addNameRange     '14.0.0-canary-20241018-4f8243a',
1608 silly addNameRange     '14.0.0-canary-20241018-75a0b25',
1608 silly addNameRange     '14.0.0-canary-20241018-2a482e3',
1608 silly addNameRange     '14.0.0-canary-20241018-ebd377a',
1608 silly addNameRange     '14.0.0-canary-20241021-7aba813',
1608 silly addNameRange     '14.0.0-canary-20241021-c4b5a93',
1608 silly addNameRange     '14.0.0',
1608 silly addNameRange     '14.0.1',
1608 silly addNameRange     '14.0.2-canary-20241211-61c49bd',
1608 silly addNameRange     '14.0.2',
1608 silly addNameRange     '14.0.3-canary-20250114-804e26d',
1608 silly addNameRange     '14.0.3',
1608 silly addNameRange     '14.0.4-canary-20250122-166c2cb',
1608 silly addNameRange     '14.0.4-canary-20250124-42fe332',
1608 silly addNameRange     '13.0.3',
1608 silly addNameRange     ... 90 more items
1608 silly addNameRange   ]
1608 silly addNameRange ]
1609 silly addNamed expo-blur@15.0.8
1610 verbose addNamed "15.0.8" is a plain semver version for expo-blur
1611 silly mapToRegistry name expo-blur
1612 silly mapToRegistry using default registry
1613 silly mapToRegistry registry https://registry.npmjs.org/
1614 silly mapToRegistry data Result {
1614 silly mapToRegistry   raw: 'expo-blur',
1614 silly mapToRegistry   scope: null,
1614 silly mapToRegistry   name: 'expo-blur',
1614 silly mapToRegistry   rawSpec: '',
1614 silly mapToRegistry   spec: 'latest',
1614 silly mapToRegistry   type: 'tag'
1614 silly mapToRegistry }
1615 silly mapToRegistry uri https://registry.npmjs.org/expo-blur
1616 verbose addRemoteTarball https://registry.npmjs.org/expo-blur/-/expo-blur-15.0.8.tgz not in flight; adding
1617 verbose addRemoteTarball [
1617 verbose addRemoteTarball   'https://registry.npmjs.org/expo-blur/-/expo-blur-15.0.8.tgz',
1617 verbose addRemoteTarball   '846cea275a6644639c5c338987b4cca54cf93eca'
1617 verbose addRemoteTarball ]
1618 info retry fetch attempt 1 at 4:54:23 PM
1619 info attempt registry request try #1 at 4:54:23 PM
1620 http fetch GET https://registry.npmjs.org/expo-blur/-/expo-blur-15.0.8.tgz
1621 http fetch 200 https://registry.npmjs.org/expo-blur/-/expo-blur-15.0.8.tgz
1622 silly fetchAndShaCheck shasum 846cea275a6644639c5c338987b4cca54cf93eca
1623 verbose addTmpTarball /var/folders/cv/lfz5zk41459bl8ff73mdkpzm0000gn/T/npm-24179-bf3b0d82/registry.npmjs.org/expo-blur/-/expo-blur-15.0.8.tgz not in flight; adding
1624 verbose addTmpTarball already have metadata; skipping unpack for expo-blur@15.0.8
1625 verbose correctMkdir /Users/Duffis/.npm correctMkdir not in flight; initializing
1626 silly cache afterAdd expo-blur@15.0.8
1627 verbose afterAdd /Users/Duffis/.npm/expo-blur/15.0.8/package/package.json not in flight; writing
1628 verbose correctMkdir /Users/Duffis/.npm correctMkdir not in flight; initializing
1629 verbose afterAdd /Users/Duffis/.npm/expo-blur/15.0.8/package/package.json written
1630 silly install resolved [
1630 silly install resolved   {
1630 silly install resolved     name: 'expo-blur',
1630 silly install resolved     version: '15.0.8',
1630 silly install resolved     keywords: [ 'react-native', 'expo', 'expo-blur' ],
1630 silly install resolved     author: { name: '650 Industries, Inc.' },
1630 silly install resolved     license: 'MIT',
1630 silly install resolved     _id: 'expo-blur@15.0.8',
1630 silly install resolved     maintainers: [
1630 silly install resolved       [Object], [Object],
1630 silly install resolved       [Object], [Object],
1630 silly install resolved       [Object], [Object],
1630 silly install resolved       [Object], [Object],
1630 silly install resolved       [Object], [Object],
1630 silly install resolved       [Object], [Object],
1630 silly install resolved       [Object]
1630 silly install resolved     ],
1630 silly install resolved     homepage: 'https://docs.expo.dev/versions/latest/sdk/blur-view/',
1630 silly install resolved     bugs: { url: 'https://github.com/expo/expo/issues' },
1630 silly install resolved     dist: {
1630 silly install resolved       shasum: '846cea275a6644639c5c338987b4cca54cf93eca',
1630 silly install resolved       tarball: 'https://registry.npmjs.org/expo-blur/-/expo-blur-15.0.8.tgz',
1630 silly install resolved       fileCount: 68,
1630 silly install resolved       integrity: 'sha512-rWyE1NBRZEu9WD+X+5l7gyPRszw7n12cW3IRNAb5i6KFzaBp8cxqT5oeaphJapqURvcqhkOZn2k5EtBSbsuU7w==',
1630 silly install resolved       signatures: [Array],
1630 silly install resolved       unpackedSize: 96741
1630 silly install resolved     },
1630 silly install resolved     jest: { preset: 'expo-module-scripts' },
1630 silly install resolved     main: 'build/index.js',
1630 silly install resolved     types: 'build/index.d.ts',
1630 silly install resolved     gitHead: '172a69f5f70c1d0e043e1532f924de97210cabc3',
1630 silly install resolved     scripts: {
1630 silly install resolved       lint: 'expo-module lint',
1630 silly install resolved       test: 'expo-module test',
1630 silly install resolved       build: 'expo-module build',
1630 silly install resolved       clean: 'expo-module clean',
1630 silly install resolved       prepare: 'expo-module prepare',
1630 silly install resolved       'expo-module': 'expo-module',
1630 silly install resolved       prepublishOnly: 'expo-module prepublishOnly'
1630 silly install resolved     },
1630 silly install resolved     _npmUser: { name: 'kudochien', email: 'ckchien@gmail.com' },
1630 silly install resolved     repository: {
1630 silly install resolved       url: 'git+https://github.com/expo/expo.git',
1630 silly install resolved       type: 'git',
1630 silly install resolved       directory: 'packages/expo-blur'
1630 silly install resolved     },
1630 silly install resolved     _npmVersion: '10.9.2',
1630 silly install resolved     description: 'A component that renders a native blur view on iOS and falls back to a semi-transparent view on Android. A common usage of this is for navigation bars, tab bars, and modals.',
1630 silly install resolved     directories: {},
1630 silly install resolved     sideEffects: false,
1630 silly install resolved     _nodeVersion: '22.14.0',
1630 silly install resolved     dependencies: {},
1630 silly install resolved     _hasShrinkwrap: false,
1630 silly install resolved     readmeFilename: 'README.md',
1630 silly install resolved     devDependencies: {
1630 silly install resolved       'expo-module-scripts': '^5.0.8',
1630 silly install resolved       '@testing-library/dom': '^10.4.0',
1630 silly install resolved       '@testing-library/react': '^16.3.0',
1630 silly install resolved       '@testing-library/jest-dom': '^6.6.3',
1630 silly install resolved       '@testing-library/react-native': '^13.2.0'
1630 silly install resolved     },
1630 silly install resolved     peerDependencies: { expo: '*', react: '*', 'react-native': '*' },
1630 silly install resolved     _npmOperationalInternal: {
1630 silly install resolved       tmp: 'tmp/expo-blur_15.0.8_1764917544336_0.3153330301325399',
1630 silly install resolved       host: 's3://npm-registry-packages-npm-production'
1630 silly install resolved     },
1630 silly install resolved     _shasum: '846cea275a6644639c5c338987b4cca54cf93eca',
1630 silly install resolved     _resolved: 'https://registry.npmjs.org/expo-blur/-/expo-blur-15.0.8.tgz',
1630 silly install resolved     _from: 'expo-blur@>=15.0.8 <15.1.0'
1630 silly install resolved   }
1630 silly install resolved ]
1631 info install expo-blur@15.0.8 into /Users/Duffis/Desktop/software.nosync/jams-journal-app
1632 info installOne expo-blur@15.0.8
1633 verbose installOne of expo-blur to /Users/Duffis/Desktop/software.nosync/jams-journal-app not in flight; installing
1634 verbose correctMkdir /Users/Duffis/.npm/_locks correctMkdir not in flight; initializing
1635 verbose lock using /Users/Duffis/.npm/_locks/expo-blur-39fcda543a4fefba.lock for /Users/Duffis/Desktop/software.nosync/jams-journal-app/node_modules/expo-blur
1636 silly install write writing expo-blur 15.0.8 to /Users/Duffis/Desktop/software.nosync/jams-journal-app/node_modules/expo-blur
1637 verbose unbuild node_modules/expo-blur
1638 silly gentlyRm /Users/Duffis/Desktop/software.nosync/jams-journal-app/node_modules/expo-blur is being purged from base /Users/Duffis/Desktop/software.nosync/jams-journal-app
1639 verbose gentlyRm don't care about contents; nuking /Users/Duffis/Desktop/software.nosync/jams-journal-app/node_modules/expo-blur
1640 verbose tar unpack /Users/Duffis/.npm/expo-blur/15.0.8/package.tgz
1641 verbose tar unpacking to /Users/Duffis/Desktop/software.nosync/jams-journal-app/node_modules/expo-blur
1642 silly gentlyRm /Users/Duffis/Desktop/software.nosync/jams-journal-app/node_modules/expo-blur is being purged
1643 verbose gentlyRm don't care about contents; nuking /Users/Duffis/Desktop/software.nosync/jams-journal-app/node_modules/expo-blur
1644 silly gunzTarPerm modes [ '755', '644' ]
1645 silly gunzTarPerm extractEntry local-maven-repo/host/exp/exponent/expo.modules.blur/15.0.8/expo.modules.blur-15.0.8.aar
1646 silly gunzTarPerm extractEntry android/build.gradle
1647 silly gunzTarPerm extractEntry local-maven-repo/host/exp/exponent/expo.modules.blur/15.0.8/expo.modules.blur-15.0.8-sources.jar
1648 silly gunzTarPerm extractEntry .eslintrc.js
1649 silly gunzTarPerm extractEntry build/BlurView.js
1650 silly gunzTarPerm extractEntry build/BlurView.types.js
1651 silly gunzTarPerm extractEntry build/BlurView.web.js
1652 silly gunzTarPerm extractEntry build/getBackgroundColor.js
1653 silly gunzTarPerm extractEntry build/index.js
1654 silly gunzTarPerm extractEntry expo-module.config.json
1655 silly gunzTarPerm extractEntry package.json
1656 silly gunzTarPerm extractEntry tsconfig.json
1657 silly gunzTarPerm extractEntry android/src/main/java/expo/modules/blur/enums/BlurMethod.kt
1658 silly gunzTarPerm extractEntry android/src/main/java/expo/modules/blur/BlurModule.kt
1659 silly gunzTarPerm extractEntry android/src/main/java/expo/modules/blur/BlurModuleExceptions.kt
1660 silly gunzTarPerm extractEntry android/src/main/java/expo/modules/blur/ExpoBlurView.kt
1661 silly gunzTarPerm extractEntry android/src/main/java/expo/modules/blur/enums/TintStyle.kt
1662 silly gunzTarPerm extractEntry build/BlurView.d.ts.map
1663 silly gunzTarPerm extractEntry build/BlurView.js.map
1664 silly gunzTarPerm extractEntry build/BlurView.types.d.ts.map
1665 silly gunzTarPerm extractEntry build/BlurView.types.js.map
1666 silly gunzTarPerm extractEntry build/BlurView.web.d.ts.map
1667 silly gunzTarPerm extractEntry build/BlurView.web.js.map
1668 silly gunzTarPerm extractEntry build/getBackgroundColor.d.ts.map
1669 silly gunzTarPerm extractEntry build/getBackgroundColor.js.map
1670 silly gunzTarPerm extractEntry build/index.d.ts.map
1671 silly gunzTarPerm extractEntry build/index.js.map
1672 silly gunzTarPerm extractEntry CHANGELOG.md
1673 silly gunzTarPerm extractEntry README.md
1674 silly gunzTarPerm extractEntry local-maven-repo/host/exp/exponent/expo.modules.blur/15.0.8/expo.modules.blur-15.0.8-sources.jar.md5
1675 silly gunzTarPerm extractEntry local-maven-repo/host/exp/exponent/expo.modules.blur/15.0.8/expo.modules.blur-15.0.8.aar.md5
1676 silly gunzTarPerm extractEntry local-maven-repo/host/exp/exponent/expo.modules.blur/15.0.8/expo.modules.blur-15.0.8.module.md5
1677 silly gunzTarPerm extractEntry local-maven-repo/host/exp/exponent/expo.modules.blur/15.0.8/expo.modules.blur-15.0.8.pom.md5
1678 silly gunzTarPerm extractEntry local-maven-repo/host/exp/exponent/expo.modules.blur/maven-metadata.xml.md5
1679 silly gunzTarPerm extractEntry local-maven-repo/host/exp/exponent/expo.modules.blur/15.0.8/expo.modules.blur-15.0.8.module
1680 silly gunzTarPerm extractEntry ios/ExpoBlur.podspec
1681 silly gunzTarPerm extractEntry local-maven-repo/host/exp/exponent/expo.modules.blur/15.0.8/expo.modules.blur-15.0.8.pom
1682 silly gunzTarPerm extractEntry local-maven-repo/host/exp/exponent/expo.modules.blur/15.0.8/expo.modules.blur-15.0.8-sources.jar.sha1
1683 silly gunzTarPerm extractEntry local-maven-repo/host/exp/exponent/expo.modules.blur/15.0.8/expo.modules.blur-15.0.8.aar.sha1
1684 silly gunzTarPerm extractEntry local-maven-repo/host/exp/exponent/expo.modules.blur/15.0.8/expo.modules.blur-15.0.8.module.sha1
1685 silly gunzTarPerm extractEntry local-maven-repo/host/exp/exponent/expo.modules.blur/15.0.8/expo.modules.blur-15.0.8.pom.sha1
1686 silly gunzTarPerm extractEntry local-maven-repo/host/exp/exponent/expo.modules.blur/maven-metadata.xml.sha1
1687 silly gunzTarPerm extractEntry local-maven-repo/host/exp/exponent/expo.modules.blur/15.0.8/expo.modules.blur-15.0.8-sources.jar.sha256
1688 silly gunzTarPerm extractEntry local-maven-repo/host/exp/exponent/expo.modules.blur/15.0.8/expo.modules.blur-15.0.8.aar.sha256
1689 silly gunzTarPerm extractEntry local-maven-repo/host/exp/exponent/expo.modules.blur/15.0.8/expo.modules.blur-15.0.8.module.sha256
1690 silly gunzTarPerm extractEntry local-maven-repo/host/exp/exponent/expo.modules.blur/15.0.8/expo.modules.blur-15.0.8.pom.sha256
1691 silly gunzTarPerm extractEntry local-maven-repo/host/exp/exponent/expo.modules.blur/maven-metadata.xml.sha256
1692 silly gunzTarPerm extractEntry local-maven-repo/host/exp/exponent/expo.modules.blur/15.0.8/expo.modules.blur-15.0.8-sources.jar.sha512
1693 silly gunzTarPerm extractEntry local-maven-repo/host/exp/exponent/expo.modules.blur/15.0.8/expo.modules.blur-15.0.8.aar.sha512
1694 silly gunzTarPerm extractEntry local-maven-repo/host/exp/exponent/expo.modules.blur/15.0.8/expo.modules.blur-15.0.8.module.sha512
1695 silly gunzTarPerm extractEntry local-maven-repo/host/exp/exponent/expo.modules.blur/15.0.8/expo.modules.blur-15.0.8.pom.sha512
1696 silly gunzTarPerm extractEntry local-maven-repo/host/exp/exponent/expo.modules.blur/maven-metadata.xml.sha512
1697 silly gunzTarPerm extractEntry ios/BlurEffectView.swift
1698 silly gunzTarPerm extractEntry ios/BlurView.swift
1699 silly gunzTarPerm extractEntry ios/BlurViewModule.swift
1700 silly gunzTarPerm extractEntry ios/TintStyle.swift
1701 silly gunzTarPerm extractEntry build/BlurView.d.ts
1702 silly gunzTarPerm extractEntry build/BlurView.types.d.ts
1703 silly gunzTarPerm extractEntry src/BlurView.types.ts
1704 silly gunzTarPerm extractEntry build/BlurView.web.d.ts
1705 silly gunzTarPerm extractEntry build/getBackgroundColor.d.ts
1706 silly gunzTarPerm extractEntry src/getBackgroundColor.ts
1707 silly gunzTarPerm extractEntry build/index.d.ts
1708 silly gunzTarPerm extractEntry src/index.ts
1709 silly gunzTarPerm extractEntry src/BlurView.tsx
1710 silly gunzTarPerm extractEntry src/BlurView.web.tsx
1711 silly gunzTarPerm extractEntry android/src/main/AndroidManifest.xml
1712 silly gunzTarPerm extractEntry local-maven-repo/host/exp/exponent/expo.modules.blur/maven-metadata.xml
1713 verbose write writing to /Users/Duffis/Desktop/software.nosync/jams-journal-app/node_modules/expo-blur/package.json
1714 info preinstall expo-blur@15.0.8
1715 verbose readDependencies loading dependencies from /Users/Duffis/Desktop/software.nosync/jams-journal-app/node_modules/expo-blur/package.json
1716 verbose readDependencies loading dependencies from /Users/Duffis/Desktop/software.nosync/jams-journal-app/node_modules/expo-blur/package.json
1717 silly install resolved []
1718 verbose about to build /Users/Duffis/Desktop/software.nosync/jams-journal-app/node_modules/expo-blur
1719 info build /Users/Duffis/Desktop/software.nosync/jams-journal-app/node_modules/expo-blur
1720 info linkStuff expo-blur@15.0.8
1721 silly linkStuff expo-blur@15.0.8 has /Users/Duffis/Desktop/software.nosync/jams-journal-app/node_modules as its parent node_modules
1722 verbose linkBins expo-blur@15.0.8
1723 verbose linkMans expo-blur@15.0.8
1724 verbose rebuildBundles expo-blur@15.0.8
1725 info install expo-blur@15.0.8
1726 info postinstall expo-blur@15.0.8
1727 verbose unlock done using /Users/Duffis/.npm/_locks/expo-blur-39fcda543a4fefba.lock for /Users/Duffis/Desktop/software.nosync/jams-journal-app/node_modules/expo-blur
1728 info build /Users/Duffis/Desktop/software.nosync/jams-journal-app
1729 info linkStuff jams-journal-app@1.0.0
1730 silly linkStuff jams-journal-app@1.0.0 has /Users/Duffis/Desktop/software.nosync as its parent node_modules
1731 verbose linkBins jams-journal-app@1.0.0
1732 verbose linkMans jams-journal-app@1.0.0
1733 verbose rebuildBundles jams-journal-app@1.0.0
1734 verbose rebuildBundles [
1734 verbose rebuildBundles   '.bin',
1734 verbose rebuildBundles   '.package-lock.json',
1734 verbose rebuildBundles   '@0no-co',
1734 verbose rebuildBundles   '@apollo',
1734 verbose rebuildBundles   '@babel',
1734 verbose rebuildBundles   '@expo',
1734 verbose rebuildBundles   '@graphql-typed-document-node',
1734 verbose rebuildBundles   '@hapi',
1734 verbose rebuildBundles   '@isaacs',
1734 verbose rebuildBundles   '@istanbuljs',
1734 verbose rebuildBundles   '@jest',
1734 verbose rebuildBundles   '@jridgewell',
1734 verbose rebuildBundles   '@jsamr',
1734 verbose rebuildBundles   '@native-html',
1734 verbose rebuildBundles   '@nodelib',
1734 verbose rebuildBundles   '@react-native',
1734 verbose rebuildBundles   '@react-native-async-storage',
1734 verbose rebuildBundles   '@react-native-community',
1734 verbose rebuildBundles   '@react-navigation',
1734 verbose rebuildBundles   '@rneui',
1734 verbose rebuildBundles   '@sideway',
1734 verbose rebuildBundles   '@sinclair',
1734 verbose rebuildBundles   '@sinonjs',
1734 verbose rebuildBundles   '@supabase',
1734 verbose rebuildBundles   '@types',
1734 verbose rebuildBundles   '@ungap',
1734 verbose rebuildBundles   '@urql',
1734 verbose rebuildBundles   '@vscode',
1734 verbose rebuildBundles   '@wry',
1734 verbose rebuildBundles   '@xmldom',
1734 verbose rebuildBundles   'abort-controller',
1734 verbose rebuildBundles   'accepts',
1734 verbose rebuildBundles   'acorn',
1734 verbose rebuildBundles   'agent-base',
1734 verbose rebuildBundles   'anser',
1734 verbose rebuildBundles   'ansi-escapes',
1734 verbose rebuildBundles   'ansi-fragments',
1734 verbose rebuildBundles   'ansi-regex',
1734 verbose rebuildBundles   'ansi-styles',
1734 verbose rebuildBundles   'any-promise',
1734 verbose rebuildBundles   'anymatch',
1734 verbose rebuildBundles   'appdirsjs',
1734 verbose rebuildBundles   'arg',
1734 verbose rebuildBundles   'argparse',
1734 verbose rebuildBundles   'asap',
1734 verbose rebuildBundles   'astral-regex',
1734 verbose rebuildBundles   'async-limiter',
1734 verbose rebuildBundles   'babel-jest',
1734 verbose rebuildBundles   'babel-plugin-istanbul',
1734 verbose rebuildBundles   'babel-plugin-jest-hoist',
1734 verbose rebuildBundles   'babel-plugin-polyfill-corejs2',
1734 verbose rebuildBundles   'babel-plugin-polyfill-corejs3',
1734 verbose rebuildBundles   'babel-plugin-polyfill-regenerator',
1734 verbose rebuildBundles   'babel-plugin-react-compiler',
1734 verbose rebuildBundles   'babel-plugin-react-native-web',
1734 verbose rebuildBundles   'babel-plugin-syntax-hermes-parser',
1734 verbose rebuildBundles   'babel-plugin-transform-flow-enums',
1734 verbose rebuildBundles   'babel-preset-current-node-syntax',
1734 verbose rebuildBundles   'babel-preset-expo',
1734 verbose rebuildBundles   'babel-preset-jest',
1734 verbose rebuildBundles   'balanced-match',
1734 verbose rebuildBundles   'base64-js',
1734 verbose rebuildBundles   'baseline-browser-mapping',
1734 verbose rebuildBundles   'better-opn',
1734 verbose rebuildBundles   'big-integer',
1734 verbose rebuildBundles   'bl',
1734 verbose rebuildBundles   'body-parser',
1734 verbose rebuildBundles   'bplist-creator',
1734 verbose rebuildBundles   'bplist-parser',
1734 verbose rebuildBundles   'brace-expansion',
1734 verbose rebuildBundles   'braces',
1734 verbose rebuildBundles   'browserslist',
1734 verbose rebuildBundles   'bser',
1734 verbose rebuildBundles   'buffer',
1734 verbose rebuildBundles   'buffer-from',
1734 verbose rebuildBundles   'bytes',
1734 verbose rebuildBundles   'call-bind-apply-helpers',
1734 verbose rebuildBundles   'call-bound',
1734 verbose rebuildBundles   'callsites',
1734 verbose rebuildBundles   'camelcase',
1734 verbose rebuildBundles   'camelize',
1734 verbose rebuildBundles   'caniuse-lite',
1734 verbose rebuildBundles   'chalk',
1734 verbose rebuildBundles   'character-entities-html4',
1734 verbose rebuildBundles   'character-entities-legacy',
1734 verbose rebuildBundles   'chownr',
1734 verbose rebuildBundles   'chrome-launcher',
1734 verbose rebuildBundles   'chromium-edge-launcher',
1734 verbose rebuildBundles   'ci-info',
1734 verbose rebuildBundles   'cli-cursor',
1734 verbose rebuildBundles   'cli-spinners',
1734 verbose rebuildBundles   'cliui',
1734 verbose rebuildBundles   'clone',
1734 verbose rebuildBundles   'color',
1734 verbose rebuildBundles   'color-convert',
1734 verbose rebuildBundles   'color-name',
1734 verbose rebuildBundles   'color-string',
1734 verbose rebuildBundles   'colorette',
1734 verbose rebuildBundles   'command-exists',
1734 verbose rebuildBundles   'commander',
1734 verbose rebuildBundles   ... 434 more items
1734 verbose rebuildBundles ]
1735 verbose rebuild bundle /Users/Duffis/Desktop/software.nosync/jams-journal-app/node_modules/abort-controller
1736 info build /Users/Duffis/Desktop/software.nosync/jams-journal-app/node_modules/abort-controller
1737 info preinstall abort-controller@3.0.0
1738 info linkStuff abort-controller@3.0.0
1739 silly linkStuff abort-controller@3.0.0 has /Users/Duffis/Desktop/software.nosync/jams-journal-app/node_modules as its parent node_modules
1740 verbose linkBins abort-controller@3.0.0
1741 verbose linkMans abort-controller@3.0.0
1742 verbose rebuildBundles abort-controller@3.0.0
1743 info install abort-controller@3.0.0
1744 info postinstall abort-controller@3.0.0
1745 verbose rebuild bundle /Users/Duffis/Desktop/software.nosync/jams-journal-app/node_modules/accepts
1746 info build /Users/Duffis/Desktop/software.nosync/jams-journal-app/node_modules/accepts
1747 info preinstall accepts@1.3.8
1748 info linkStuff accepts@1.3.8
1749 silly linkStuff accepts@1.3.8 has /Users/Duffis/Desktop/software.nosync/jams-journal-app/node_modules as its parent node_modules
1750 verbose linkBins accepts@1.3.8
1751 verbose linkMans accepts@1.3.8
1752 verbose rebuildBundles accepts@1.3.8
1753 verbose rebuildBundles [ 'negotiator' ]
1754 info install accepts@1.3.8
1755 info postinstall accepts@1.3.8
1756 verbose rebuild bundle /Users/Duffis/Desktop/software.nosync/jams-journal-app/node_modules/acorn
1757 info build /Users/Duffis/Desktop/software.nosync/jams-journal-app/node_modules/acorn
1758 info preinstall acorn@8.16.0
1759 info linkStuff acorn@8.16.0
1760 silly linkStuff acorn@8.16.0 has /Users/Duffis/Desktop/software.nosync/jams-journal-app/node_modules as its parent node_modules
1761 verbose linkBins acorn@8.16.0
1762 verbose link bins [
1762 verbose link bins   { acorn: 'bin/acorn' },
1762 verbose link bins   '/Users/Duffis/Desktop/software.nosync/jams-journal-app/node_modules/.bin',
1762 verbose link bins   false
1762 verbose link bins ]
1763 verbose linkMans acorn@8.16.0
1764 verbose rebuildBundles acorn@8.16.0
1765 silly gentlyRm /Users/Duffis/Desktop/software.nosync/jams-journal-app/node_modules/.bin/acorn is being purged
1766 verbose gentlyRm don't care about contents; nuking /Users/Duffis/Desktop/software.nosync/jams-journal-app/node_modules/.bin/acorn
1767 silly vacuum-fs purging /Users/Duffis/Desktop/software.nosync/jams-journal-app/node_modules/.bin/acorn
1768 silly vacuum-fs quitting because other entries in /Users/Duffis/Desktop/software.nosync/jams-journal-app/node_modules/.bin
1769 info install acorn@8.16.0
1770 info postinstall acorn@8.16.0
1771 verbose rebuild bundle /Users/Duffis/Desktop/software.nosync/jams-journal-app/node_modules/agent-base
1772 info build /Users/Duffis/Desktop/software.nosync/jams-journal-app/node_modules/agent-base
1773 info preinstall agent-base@7.1.4
1774 info linkStuff agent-base@7.1.4
1775 silly linkStuff agent-base@7.1.4 has /Users/Duffis/Desktop/software.nosync/jams-journal-app/node_modules as its parent node_modules
1776 verbose linkBins agent-base@7.1.4
1777 verbose linkMans agent-base@7.1.4
1778 verbose rebuildBundles agent-base@7.1.4
1779 info install agent-base@7.1.4
1780 info postinstall agent-base@7.1.4
1781 verbose rebuild bundle /Users/Duffis/Desktop/software.nosync/jams-journal-app/node_modules/anser
1782 info build /Users/Duffis/Desktop/software.nosync/jams-journal-app/node_modules/anser
1783 info preinstall anser@1.4.10
1784 info linkStuff anser@1.4.10
1785 silly linkStuff anser@1.4.10 has /Users/Duffis/Desktop/software.nosync/jams-journal-app/node_modules as its parent node_modules
1786 verbose linkBins anser@1.4.10
1787 verbose linkMans anser@1.4.10
1788 verbose rebuildBundles anser@1.4.10
1789 info install anser@1.4.10
1790 info postinstall anser@1.4.10
1791 verbose rebuild bundle /Users/Duffis/Desktop/software.nosync/jams-journal-app/node_modules/ansi-escapes
1792 info build /Users/Duffis/Desktop/software.nosync/jams-journal-app/node_modules/ansi-escapes
1793 info preinstall ansi-escapes@4.3.2
1794 info linkStuff ansi-escapes@4.3.2
1795 silly linkStuff ansi-escapes@4.3.2 has /Users/Duffis/Desktop/software.nosync/jams-journal-app/node_modules as its parent node_modules
1796 verbose linkBins ansi-escapes@4.3.2
1797 verbose linkMans ansi-escapes@4.3.2
1798 verbose rebuildBundles ansi-escapes@4.3.2
1799 verbose rebuildBundles [ 'type-fest' ]
1800 info install ansi-escapes@4.3.2
1801 info postinstall ansi-escapes@4.3.2
1802 verbose rebuild bundle /Users/Duffis/Desktop/software.nosync/jams-journal-app/node_modules/ansi-fragments
1803 info build /Users/Duffis/Desktop/software.nosync/jams-journal-app/node_modules/ansi-fragments
1804 info preinstall ansi-fragments@0.2.1
1805 info linkStuff ansi-fragments@0.2.1
1806 silly linkStuff ansi-fragments@0.2.1 has /Users/Duffis/Desktop/software.nosync/jams-journal-app/node_modules as its parent node_modules
1807 verbose linkBins ansi-fragments@0.2.1
1808 verbose linkMans ansi-fragments@0.2.1
1809 verbose rebuildBundles ansi-fragments@0.2.1
1810 info install ansi-fragments@0.2.1
1811 info postinstall ansi-fragments@0.2.1
1812 verbose rebuild bundle /Users/Duffis/Desktop/software.nosync/jams-journal-app/node_modules/ansi-regex
1813 info build /Users/Duffis/Desktop/software.nosync/jams-journal-app/node_modules/ansi-regex
1814 info preinstall ansi-regex@5.0.1
1815 info linkStuff ansi-regex@5.0.1
1816 silly linkStuff ansi-regex@5.0.1 has /Users/Duffis/Desktop/software.nosync/jams-journal-app/node_modules as its parent node_modules
1817 verbose linkBins ansi-regex@5.0.1
1818 verbose linkMans ansi-regex@5.0.1
1819 verbose rebuildBundles ansi-regex@5.0.1
1820 info install ansi-regex@5.0.1
1821 info postinstall ansi-regex@5.0.1
1822 verbose rebuild bundle /Users/Duffis/Desktop/software.nosync/jams-journal-app/node_modules/ansi-styles
1823 info build /Users/Duffis/Desktop/software.nosync/jams-journal-app/node_modules/ansi-styles
1824 info preinstall ansi-styles@4.3.0
1825 info linkStuff ansi-styles@4.3.0
1826 silly linkStuff ansi-styles@4.3.0 has /Users/Duffis/Desktop/software.nosync/jams-journal-app/node_modules as its parent node_modules
1827 verbose linkBins ansi-styles@4.3.0
1828 verbose linkMans ansi-styles@4.3.0
1829 verbose rebuildBundles ansi-styles@4.3.0
1830 info install ansi-styles@4.3.0
1831 info postinstall ansi-styles@4.3.0
1832 verbose rebuild bundle /Users/Duffis/Desktop/software.nosync/jams-journal-app/node_modules/any-promise
1833 info build /Users/Duffis/Desktop/software.nosync/jams-journal-app/node_modules/any-promise
1834 info preinstall any-promise@1.3.0
1835 info linkStuff any-promise@1.3.0
1836 silly linkStuff any-promise@1.3.0 has /Users/Duffis/Desktop/software.nosync/jams-journal-app/node_modules as its parent node_modules
1837 verbose linkBins any-promise@1.3.0
1838 verbose linkMans any-promise@1.3.0
1839 verbose rebuildBundles any-promise@1.3.0
1840 info install any-promise@1.3.0
1841 info postinstall any-promise@1.3.0
1842 verbose rebuild bundle /Users/Duffis/Desktop/software.nosync/jams-journal-app/node_modules/anymatch
1843 info build /Users/Duffis/Desktop/software.nosync/jams-journal-app/node_modules/anymatch
1844 info preinstall anymatch@3.1.3
1845 info linkStuff anymatch@3.1.3
1846 silly linkStuff anymatch@3.1.3 has /Users/Duffis/Desktop/software.nosync/jams-journal-app/node_modules as its parent node_modules
1847 verbose linkBins anymatch@3.1.3
1848 verbose linkMans anymatch@3.1.3
1849 verbose rebuildBundles anymatch@3.1.3
1850 verbose rebuildBundles [ 'picomatch' ]
1851 info install anymatch@3.1.3
1852 info postinstall anymatch@3.1.3
1853 verbose rebuild bundle /Users/Duffis/Desktop/software.nosync/jams-journal-app/node_modules/appdirsjs
1854 info build /Users/Duffis/Desktop/software.nosync/jams-journal-app/node_modules/appdirsjs
1855 info preinstall appdirsjs@1.2.7
1856 info linkStuff appdirsjs@1.2.7
1857 silly linkStuff appdirsjs@1.2.7 has /Users/Duffis/Desktop/software.nosync/jams-journal-app/node_modules as its parent node_modules
1858 verbose linkBins appdirsjs@1.2.7
1859 verbose linkMans appdirsjs@1.2.7
1860 verbose rebuildBundles appdirsjs@1.2.7
1861 info install appdirsjs@1.2.7
1862 info postinstall appdirsjs@1.2.7
1863 verbose rebuild bundle /Users/Duffis/Desktop/software.nosync/jams-journal-app/node_modules/arg
1864 info build /Users/Duffis/Desktop/software.nosync/jams-journal-app/node_modules/arg
1865 info preinstall arg@5.0.2
1866 info linkStuff arg@5.0.2
1867 silly linkStuff arg@5.0.2 has /Users/Duffis/Desktop/software.nosync/jams-journal-app/node_modules as its parent node_modules
1868 verbose linkBins arg@5.0.2
1869 verbose linkMans arg@5.0.2
1870 verbose rebuildBundles arg@5.0.2
1871 info install arg@5.0.2
1872 info postinstall arg@5.0.2
1873 verbose rebuild bundle /Users/Duffis/Desktop/software.nosync/jams-journal-app/node_modules/argparse
1874 info build /Users/Duffis/Desktop/software.nosync/jams-journal-app/node_modules/argparse
1875 info preinstall argparse@2.0.1
1876 info linkStuff argparse@2.0.1
1877 silly linkStuff argparse@2.0.1 has /Users/Duffis/Desktop/software.nosync/jams-journal-app/node_modules as its parent node_modules
1878 verbose linkBins argparse@2.0.1
1879 verbose linkMans argparse@2.0.1
1880 verbose rebuildBundles argparse@2.0.1
1881 info install argparse@2.0.1
1882 info postinstall argparse@2.0.1
1883 verbose rebuild bundle /Users/Duffis/Desktop/software.nosync/jams-journal-app/node_modules/asap
1884 info build /Users/Duffis/Desktop/software.nosync/jams-journal-app/node_modules/asap
1885 info preinstall asap@2.0.6
1886 info linkStuff asap@2.0.6
1887 silly linkStuff asap@2.0.6 has /Users/Duffis/Desktop/software.nosync/jams-journal-app/node_modules as its parent node_modules
1888 verbose linkBins asap@2.0.6
1889 verbose linkMans asap@2.0.6
1890 verbose rebuildBundles asap@2.0.6
1891 info install asap@2.0.6
1892 info postinstall asap@2.0.6
1893 verbose rebuild bundle /Users/Duffis/Desktop/software.nosync/jams-journal-app/node_modules/astral-regex
1894 info build /Users/Duffis/Desktop/software.nosync/jams-journal-app/node_modules/astral-regex
1895 info preinstall astral-regex@1.0.0
1896 info linkStuff astral-regex@1.0.0
1897 silly linkStuff astral-regex@1.0.0 has /Users/Duffis/Desktop/software.nosync/jams-journal-app/node_modules as its parent node_modules
1898 verbose linkBins astral-regex@1.0.0
1899 verbose linkMans astral-regex@1.0.0
1900 verbose rebuildBundles astral-regex@1.0.0
1901 info install astral-regex@1.0.0
1902 info postinstall astral-regex@1.0.0
1903 verbose rebuild bundle /Users/Duffis/Desktop/software.nosync/jams-journal-app/node_modules/async-limiter
1904 info build /Users/Duffis/Desktop/software.nosync/jams-journal-app/node_modules/async-limiter
1905 info preinstall async-limiter@1.0.1
1906 info linkStuff async-limiter@1.0.1
1907 silly linkStuff async-limiter@1.0.1 has /Users/Duffis/Desktop/software.nosync/jams-journal-app/node_modules as its parent node_modules
1908 verbose linkBins async-limiter@1.0.1
1909 verbose linkMans async-limiter@1.0.1
1910 verbose rebuildBundles async-limiter@1.0.1
1911 info install async-limiter@1.0.1
1912 info postinstall async-limiter@1.0.1
1913 verbose rebuild bundle /Users/Duffis/Desktop/software.nosync/jams-journal-app/node_modules/babel-jest
1914 info build /Users/Duffis/Desktop/software.nosync/jams-journal-app/node_modules/babel-jest
1915 info preinstall babel-jest@29.7.0
1916 info linkStuff babel-jest@29.7.0
1917 silly linkStuff babel-jest@29.7.0 has /Users/Duffis/Desktop/software.nosync/jams-journal-app/node_modules as its parent node_modules
1918 verbose linkBins babel-jest@29.7.0
1919 verbose linkMans babel-jest@29.7.0
1920 verbose rebuildBundles babel-jest@29.7.0
1921 info install babel-jest@29.7.0
1922 info postinstall babel-jest@29.7.0
1923 verbose rebuild bundle /Users/Duffis/Desktop/software.nosync/jams-journal-app/node_modules/babel-plugin-istanbul
1924 info build /Users/Duffis/Desktop/software.nosync/jams-journal-app/node_modules/babel-plugin-istanbul
1925 info preinstall babel-plugin-istanbul@6.1.1
1926 info linkStuff babel-plugin-istanbul@6.1.1
1927 silly linkStuff babel-plugin-istanbul@6.1.1 has /Users/Duffis/Desktop/software.nosync/jams-journal-app/node_modules as its parent node_modules
1928 verbose linkBins babel-plugin-istanbul@6.1.1
1929 verbose linkMans babel-plugin-istanbul@6.1.1
1930 verbose rebuildBundles babel-plugin-istanbul@6.1.1
1931 info install babel-plugin-istanbul@6.1.1
1932 info postinstall babel-plugin-istanbul@6.1.1
1933 verbose rebuild bundle /Users/Duffis/Desktop/software.nosync/jams-journal-app/node_modules/babel-plugin-jest-hoist
1934 info build /Users/Duffis/Desktop/software.nosync/jams-journal-app/node_modules/babel-plugin-jest-hoist
1935 info preinstall babel-plugin-jest-hoist@29.6.3
1936 info linkStuff babel-plugin-jest-hoist@29.6.3
1937 silly linkStuff babel-plugin-jest-hoist@29.6.3 has /Users/Duffis/Desktop/software.nosync/jams-journal-app/node_modules as its parent node_modules
1938 verbose linkBins babel-plugin-jest-hoist@29.6.3
1939 verbose linkMans babel-plugin-jest-hoist@29.6.3
1940 verbose rebuildBundles babel-plugin-jest-hoist@29.6.3
1941 info install babel-plugin-jest-hoist@29.6.3
1942 info postinstall babel-plugin-jest-hoist@29.6.3
1943 verbose rebuild bundle /Users/Duffis/Desktop/software.nosync/jams-journal-app/node_modules/babel-plugin-polyfill-corejs2
1944 info build /Users/Duffis/Desktop/software.nosync/jams-journal-app/node_modules/babel-plugin-polyfill-corejs2
1945 info preinstall babel-plugin-polyfill-corejs2@0.4.15
1946 info linkStuff babel-plugin-polyfill-corejs2@0.4.15
1947 silly linkStuff babel-plugin-polyfill-corejs2@0.4.15 has /Users/Duffis/Desktop/software.nosync/jams-journal-app/node_modules as its parent node_modules
1948 verbose linkBins babel-plugin-polyfill-corejs2@0.4.15
1949 verbose linkMans babel-plugin-polyfill-corejs2@0.4.15
1950 verbose rebuildBundles babel-plugin-polyfill-corejs2@0.4.15
1951 info install babel-plugin-polyfill-corejs2@0.4.15
1952 info postinstall babel-plugin-polyfill-corejs2@0.4.15
1953 verbose rebuild bundle /Users/Duffis/Desktop/software.nosync/jams-journal-app/node_modules/babel-plugin-polyfill-corejs3
1954 info build /Users/Duffis/Desktop/software.nosync/jams-journal-app/node_modules/babel-plugin-polyfill-corejs3
1955 info preinstall babel-plugin-polyfill-corejs3@0.13.0
1956 info linkStuff babel-plugin-polyfill-corejs3@0.13.0
1957 silly linkStuff babel-plugin-polyfill-corejs3@0.13.0 has /Users/Duffis/Desktop/software.nosync/jams-journal-app/node_modules as its parent node_modules
1958 verbose linkBins babel-plugin-polyfill-corejs3@0.13.0
1959 verbose linkMans babel-plugin-polyfill-corejs3@0.13.0
1960 verbose rebuildBundles babel-plugin-polyfill-corejs3@0.13.0
1961 info install babel-plugin-polyfill-corejs3@0.13.0
1962 info postinstall babel-plugin-polyfill-corejs3@0.13.0
1963 verbose rebuild bundle /Users/Duffis/Desktop/software.nosync/jams-journal-app/node_modules/babel-plugin-polyfill-regenerator
1964 info build /Users/Duffis/Desktop/software.nosync/jams-journal-app/node_modules/babel-plugin-polyfill-regenerator
1965 info preinstall babel-plugin-polyfill-regenerator@0.6.6
1966 info linkStuff babel-plugin-polyfill-regenerator@0.6.6
1967 silly linkStuff babel-plugin-polyfill-regenerator@0.6.6 has /Users/Duffis/Desktop/software.nosync/jams-journal-app/node_modules as its parent node_modules
1968 verbose linkBins babel-plugin-polyfill-regenerator@0.6.6
1969 verbose linkMans babel-plugin-polyfill-regenerator@0.6.6
1970 verbose rebuildBundles babel-plugin-polyfill-regenerator@0.6.6
1971 info install babel-plugin-polyfill-regenerator@0.6.6
1972 info postinstall babel-plugin-polyfill-regenerator@0.6.6
1973 verbose rebuild bundle /Users/Duffis/Desktop/software.nosync/jams-journal-app/node_modules/babel-plugin-react-compiler
1974 info build /Users/Duffis/Desktop/software.nosync/jams-journal-app/node_modules/babel-plugin-react-compiler
1975 info preinstall babel-plugin-react-compiler@1.0.0
1976 info linkStuff babel-plugin-react-compiler@1.0.0
1977 silly linkStuff babel-plugin-react-compiler@1.0.0 has /Users/Duffis/Desktop/software.nosync/jams-journal-app/node_modules as its parent node_modules
1978 verbose linkBins babel-plugin-react-compiler@1.0.0
1979 verbose linkMans babel-plugin-react-compiler@1.0.0
1980 verbose rebuildBundles babel-plugin-react-compiler@1.0.0
1981 info install babel-plugin-react-compiler@1.0.0
1982 info postinstall babel-plugin-react-compiler@1.0.0
1983 verbose rebuild bundle /Users/Duffis/Desktop/software.nosync/jams-journal-app/node_modules/babel-plugin-react-native-web
1984 info build /Users/Duffis/Desktop/software.nosync/jams-journal-app/node_modules/babel-plugin-react-native-web
1985 info preinstall babel-plugin-react-native-web@0.21.2
1986 info linkStuff babel-plugin-react-native-web@0.21.2
1987 silly linkStuff babel-plugin-react-native-web@0.21.2 has /Users/Duffis/Desktop/software.nosync/jams-journal-app/node_modules as its parent node_modules
1988 verbose linkBins babel-plugin-react-native-web@0.21.2
1989 verbose linkMans babel-plugin-react-native-web@0.21.2
1990 verbose rebuildBundles babel-plugin-react-native-web@0.21.2
1991 info install babel-plugin-react-native-web@0.21.2
1992 info postinstall babel-plugin-react-native-web@0.21.2
1993 verbose rebuild bundle /Users/Duffis/Desktop/software.nosync/jams-journal-app/node_modules/babel-plugin-syntax-hermes-parser
1994 info build /Users/Duffis/Desktop/software.nosync/jams-journal-app/node_modules/babel-plugin-syntax-hermes-parser
1995 info preinstall babel-plugin-syntax-hermes-parser@0.29.1
1996 info linkStuff babel-plugin-syntax-hermes-parser@0.29.1
1997 silly linkStuff babel-plugin-syntax-hermes-parser@0.29.1 has /Users/Duffis/Desktop/software.nosync/jams-journal-app/node_modules as its parent node_modules
1998 verbose linkBins babel-plugin-syntax-hermes-parser@0.29.1
1999 verbose linkMans babel-plugin-syntax-hermes-parser@0.29.1
2000 verbose rebuildBundles babel-plugin-syntax-hermes-parser@0.29.1
2001 info install babel-plugin-syntax-hermes-parser@0.29.1
2002 info postinstall babel-plugin-syntax-hermes-parser@0.29.1
2003 verbose rebuild bundle /Users/Duffis/Desktop/software.nosync/jams-journal-app/node_modules/babel-plugin-transform-flow-enums
2004 info build /Users/Duffis/Desktop/software.nosync/jams-journal-app/node_modules/babel-plugin-transform-flow-enums
2005 info preinstall babel-plugin-transform-flow-enums@0.0.2
2006 info linkStuff babel-plugin-transform-flow-enums@0.0.2
2007 silly linkStuff babel-plugin-transform-flow-enums@0.0.2 has /Users/Duffis/Desktop/software.nosync/jams-journal-app/node_modules as its parent node_modules
2008 verbose linkBins babel-plugin-transform-flow-enums@0.0.2
2009 verbose linkMans babel-plugin-transform-flow-enums@0.0.2
2010 verbose rebuildBundles babel-plugin-transform-flow-enums@0.0.2
2011 info install babel-plugin-transform-flow-enums@0.0.2
2012 info postinstall babel-plugin-transform-flow-enums@0.0.2
2013 verbose rebuild bundle /Users/Duffis/Desktop/software.nosync/jams-journal-app/node_modules/babel-preset-current-node-syntax
2014 info build /Users/Duffis/Desktop/software.nosync/jams-journal-app/node_modules/babel-preset-current-node-syntax
2015 info preinstall babel-preset-current-node-syntax@1.2.0
2016 info linkStuff babel-preset-current-node-syntax@1.2.0
2017 silly linkStuff babel-preset-current-node-syntax@1.2.0 has /Users/Duffis/Desktop/software.nosync/jams-journal-app/node_modules as its parent node_modules
2018 verbose linkBins babel-preset-current-node-syntax@1.2.0
2019 verbose linkMans babel-preset-current-node-syntax@1.2.0
2020 verbose rebuildBundles babel-preset-current-node-syntax@1.2.0
2021 info install babel-preset-current-node-syntax@1.2.0
2022 info postinstall babel-preset-current-node-syntax@1.2.0
2023 verbose rebuild bundle /Users/Duffis/Desktop/software.nosync/jams-journal-app/node_modules/babel-preset-expo
2024 info build /Users/Duffis/Desktop/software.nosync/jams-journal-app/node_modules/babel-preset-expo
2025 info preinstall babel-preset-expo@54.0.10
2026 info linkStuff babel-preset-expo@54.0.10
2027 silly linkStuff babel-preset-expo@54.0.10 has /Users/Duffis/Desktop/software.nosync/jams-journal-app/node_modules as its parent node_modules
2028 verbose linkBins babel-preset-expo@54.0.10
2029 verbose linkMans babel-preset-expo@54.0.10
2030 verbose rebuildBundles babel-preset-expo@54.0.10
2031 info install babel-preset-expo@54.0.10
2032 info postinstall babel-preset-expo@54.0.10
2033 verbose rebuild bundle /Users/Duffis/Desktop/software.nosync/jams-journal-app/node_modules/babel-preset-jest
2034 info build /Users/Duffis/Desktop/software.nosync/jams-journal-app/node_modules/babel-preset-jest
2035 info preinstall babel-preset-jest@29.6.3
2036 info linkStuff babel-preset-jest@29.6.3
2037 silly linkStuff babel-preset-jest@29.6.3 has /Users/Duffis/Desktop/software.nosync/jams-journal-app/node_modules as its parent node_modules
2038 verbose linkBins babel-preset-jest@29.6.3
2039 verbose linkMans babel-preset-jest@29.6.3
2040 verbose rebuildBundles babel-preset-jest@29.6.3
2041 info install babel-preset-jest@29.6.3
2042 info postinstall babel-preset-jest@29.6.3
2043 verbose rebuild bundle /Users/Duffis/Desktop/software.nosync/jams-journal-app/node_modules/balanced-match
2044 info build /Users/Duffis/Desktop/software.nosync/jams-journal-app/node_modules/balanced-match
2045 info preinstall balanced-match@1.0.2
2046 info linkStuff balanced-match@1.0.2
2047 silly linkStuff balanced-match@1.0.2 has /Users/Duffis/Desktop/software.nosync/jams-journal-app/node_modules as its parent node_modules
2048 verbose linkBins balanced-match@1.0.2
2049 verbose linkMans balanced-match@1.0.2
2050 verbose rebuildBundles balanced-match@1.0.2
2051 info install balanced-match@1.0.2
2052 info postinstall balanced-match@1.0.2
2053 verbose rebuild bundle /Users/Duffis/Desktop/software.nosync/jams-journal-app/node_modules/base64-js
2054 info build /Users/Duffis/Desktop/software.nosync/jams-journal-app/node_modules/base64-js
2055 info preinstall base64-js@1.5.1
2056 info linkStuff base64-js@1.5.1
2057 silly linkStuff base64-js@1.5.1 has /Users/Duffis/Desktop/software.nosync/jams-journal-app/node_modules as its parent node_modules
2058 verbose linkBins base64-js@1.5.1
2059 verbose linkMans base64-js@1.5.1
2060 verbose rebuildBundles base64-js@1.5.1
2061 info install base64-js@1.5.1
2062 info postinstall base64-js@1.5.1
2063 verbose rebuild bundle /Users/Duffis/Desktop/software.nosync/jams-journal-app/node_modules/baseline-browser-mapping
2064 info build /Users/Duffis/Desktop/software.nosync/jams-journal-app/node_modules/baseline-browser-mapping
2065 info preinstall baseline-browser-mapping@2.10.0
2066 info linkStuff baseline-browser-mapping@2.10.0
2067 silly linkStuff baseline-browser-mapping@2.10.0 has /Users/Duffis/Desktop/software.nosync/jams-journal-app/node_modules as its parent node_modules
2068 verbose linkBins baseline-browser-mapping@2.10.0
2069 verbose link bins [
2069 verbose link bins   { 'baseline-browser-mapping': 'dist/cli.cjs' },
2069 verbose link bins   '/Users/Duffis/Desktop/software.nosync/jams-journal-app/node_modules/.bin',
2069 verbose link bins   false
2069 verbose link bins ]
2070 verbose linkMans baseline-browser-mapping@2.10.0
2071 verbose rebuildBundles baseline-browser-mapping@2.10.0
2072 silly gentlyRm /Users/Duffis/Desktop/software.nosync/jams-journal-app/node_modules/.bin/baseline-browser-mapping is being purged
2073 verbose gentlyRm don't care about contents; nuking /Users/Duffis/Desktop/software.nosync/jams-journal-app/node_modules/.bin/baseline-browser-mapping
2074 silly vacuum-fs purging /Users/Duffis/Desktop/software.nosync/jams-journal-app/node_modules/.bin/baseline-browser-mapping
2075 silly vacuum-fs quitting because other entries in /Users/Duffis/Desktop/software.nosync/jams-journal-app/node_modules/.bin
2076 info install baseline-browser-mapping@2.10.0
2077 info postinstall baseline-browser-mapping@2.10.0
2078 verbose rebuild bundle /Users/Duffis/Desktop/software.nosync/jams-journal-app/node_modules/better-opn
2079 info build /Users/Duffis/Desktop/software.nosync/jams-journal-app/node_modules/better-opn
2080 info preinstall better-opn@3.0.2
2081 info linkStuff better-opn@3.0.2
2082 silly linkStuff better-opn@3.0.2 has /Users/Duffis/Desktop/software.nosync/jams-journal-app/node_modules as its parent node_modules
2083 verbose linkBins better-opn@3.0.2
2084 verbose linkMans better-opn@3.0.2
2085 verbose rebuildBundles better-opn@3.0.2
2086 verbose rebuildBundles [ 'open' ]
2087 info install better-opn@3.0.2
2088 info postinstall better-opn@3.0.2
2089 verbose rebuild bundle /Users/Duffis/Desktop/software.nosync/jams-journal-app/node_modules/big-integer
2090 info build /Users/Duffis/Desktop/software.nosync/jams-journal-app/node_modules/big-integer
2091 info preinstall big-integer@1.6.52
2092 info linkStuff big-integer@1.6.52
2093 silly linkStuff big-integer@1.6.52 has /Users/Duffis/Desktop/software.nosync/jams-journal-app/node_modules as its parent node_modules
2094 verbose linkBins big-integer@1.6.52
2095 verbose link bins [
2095 verbose link bins   {},
2095 verbose link bins   '/Users/Duffis/Desktop/software.nosync/jams-journal-app/node_modules/.bin',
2095 verbose link bins   false
2095 verbose link bins ]
2096 verbose linkMans big-integer@1.6.52
2097 verbose rebuildBundles big-integer@1.6.52
2098 info install big-integer@1.6.52
2099 info postinstall big-integer@1.6.52
2100 verbose rebuild bundle /Users/Duffis/Desktop/software.nosync/jams-journal-app/node_modules/bl
2101 info build /Users/Duffis/Desktop/software.nosync/jams-journal-app/node_modules/bl
2102 info preinstall bl@4.1.0
2103 info linkStuff bl@4.1.0
2104 silly linkStuff bl@4.1.0 has /Users/Duffis/Desktop/software.nosync/jams-journal-app/node_modules as its parent node_modules
2105 verbose linkBins bl@4.1.0
2106 verbose linkMans bl@4.1.0
2107 verbose rebuildBundles bl@4.1.0
2108 info install bl@4.1.0
2109 info postinstall bl@4.1.0
2110 verbose rebuild bundle /Users/Duffis/Desktop/software.nosync/jams-journal-app/node_modules/body-parser
2111 info build /Users/Duffis/Desktop/software.nosync/jams-journal-app/node_modules/body-parser
2112 info preinstall body-parser@1.20.4
2113 info linkStuff body-parser@1.20.4
2114 silly linkStuff body-parser@1.20.4 has /Users/Duffis/Desktop/software.nosync/jams-journal-app/node_modules as its parent node_modules
2115 verbose linkBins body-parser@1.20.4
2116 verbose linkMans body-parser@1.20.4
2117 verbose rebuildBundles body-parser@1.20.4
2118 verbose rebuildBundles [ 'debug', 'ms' ]
2119 verbose rebuild bundle /Users/Duffis/Desktop/software.nosync/jams-journal-app/node_modules/body-parser/node_modules/ms
2120 info build /Users/Duffis/Desktop/software.nosync/jams-journal-app/node_modules/body-parser/node_modules/ms
2121 info preinstall ms@2.0.0
2122 info linkStuff ms@2.0.0
2123 silly linkStuff ms@2.0.0 has /Users/Duffis/Desktop/software.nosync/jams-journal-app/node_modules/body-parser/node_modules as its parent node_modules
2124 verbose linkBins ms@2.0.0
2125 verbose linkMans ms@2.0.0
2126 verbose rebuildBundles ms@2.0.0
2127 info install ms@2.0.0
2128 info postinstall ms@2.0.0
2129 info install body-parser@1.20.4
2130 info postinstall body-parser@1.20.4
2131 verbose rebuild bundle /Users/Duffis/Desktop/software.nosync/jams-journal-app/node_modules/bplist-creator
2132 info build /Users/Duffis/Desktop/software.nosync/jams-journal-app/node_modules/bplist-creator
2133 info preinstall bplist-creator@0.1.0
2134 info linkStuff bplist-creator@0.1.0
2135 silly linkStuff bplist-creator@0.1.0 has /Users/Duffis/Desktop/software.nosync/jams-journal-app/node_modules as its parent node_modules
2136 verbose linkBins bplist-creator@0.1.0
2137 verbose linkMans bplist-creator@0.1.0
2138 verbose rebuildBundles bplist-creator@0.1.0
2139 info install bplist-creator@0.1.0
2140 info postinstall bplist-creator@0.1.0
2141 verbose rebuild bundle /Users/Duffis/Desktop/software.nosync/jams-journal-app/node_modules/bplist-parser
2142 info build /Users/Duffis/Desktop/software.nosync/jams-journal-app/node_modules/bplist-parser
2143 info preinstall bplist-parser@0.3.2
2144 info linkStuff bplist-parser@0.3.2
2145 silly linkStuff bplist-parser@0.3.2 has /Users/Duffis/Desktop/software.nosync/jams-journal-app/node_modules as its parent node_modules
2146 verbose linkBins bplist-parser@0.3.2
2147 verbose linkMans bplist-parser@0.3.2
2148 verbose rebuildBundles bplist-parser@0.3.2
2149 info install bplist-parser@0.3.2
2150 info postinstall bplist-parser@0.3.2
2151 verbose rebuild bundle /Users/Duffis/Desktop/software.nosync/jams-journal-app/node_modules/brace-expansion
2152 info build /Users/Duffis/Desktop/software.nosync/jams-journal-app/node_modules/brace-expansion
2153 info preinstall brace-expansion@2.0.2
2154 info linkStuff brace-expansion@2.0.2
2155 silly linkStuff brace-expansion@2.0.2 has /Users/Duffis/Desktop/software.nosync/jams-journal-app/node_modules as its parent node_modules
2156 verbose linkBins brace-expansion@2.0.2
2157 verbose linkMans brace-expansion@2.0.2
2158 verbose rebuildBundles brace-expansion@2.0.2
2159 info install brace-expansion@2.0.2
2160 info postinstall brace-expansion@2.0.2
2161 verbose rebuild bundle /Users/Duffis/Desktop/software.nosync/jams-journal-app/node_modules/braces
2162 info build /Users/Duffis/Desktop/software.nosync/jams-journal-app/node_modules/braces
2163 info preinstall braces@3.0.3
2164 info linkStuff braces@3.0.3
2165 silly linkStuff braces@3.0.3 has /Users/Duffis/Desktop/software.nosync/jams-journal-app/node_modules as its parent node_modules
2166 verbose linkBins braces@3.0.3
2167 verbose linkMans braces@3.0.3
2168 verbose rebuildBundles braces@3.0.3
2169 info install braces@3.0.3
2170 info postinstall braces@3.0.3
2171 verbose rebuild bundle /Users/Duffis/Desktop/software.nosync/jams-journal-app/node_modules/browserslist
2172 info build /Users/Duffis/Desktop/software.nosync/jams-journal-app/node_modules/browserslist
2173 info preinstall browserslist@4.28.1
2174 info linkStuff browserslist@4.28.1
2175 silly linkStuff browserslist@4.28.1 has /Users/Duffis/Desktop/software.nosync/jams-journal-app/node_modules as its parent node_modules
2176 verbose linkBins browserslist@4.28.1
2177 verbose link bins [
2177 verbose link bins   { browserslist: 'cli.js' },
2177 verbose link bins   '/Users/Duffis/Desktop/software.nosync/jams-journal-app/node_modules/.bin',
2177 verbose link bins   false
2177 verbose link bins ]
2178 verbose linkMans browserslist@4.28.1
2179 verbose rebuildBundles browserslist@4.28.1
2180 silly gentlyRm /Users/Duffis/Desktop/software.nosync/jams-journal-app/node_modules/.bin/browserslist is being purged
2181 verbose gentlyRm don't care about contents; nuking /Users/Duffis/Desktop/software.nosync/jams-journal-app/node_modules/.bin/browserslist
2182 silly vacuum-fs purging /Users/Duffis/Desktop/software.nosync/jams-journal-app/node_modules/.bin/browserslist
2183 silly vacuum-fs quitting because other entries in /Users/Duffis/Desktop/software.nosync/jams-journal-app/node_modules/.bin
2184 info install browserslist@4.28.1
2185 info postinstall browserslist@4.28.1
2186 verbose rebuild bundle /Users/Duffis/Desktop/software.nosync/jams-journal-app/node_modules/bser
2187 info build /Users/Duffis/Desktop/software.nosync/jams-journal-app/node_modules/bser
2188 info preinstall bser@2.1.1
2189 info linkStuff bser@2.1.1
2190 silly linkStuff bser@2.1.1 has /Users/Duffis/Desktop/software.nosync/jams-journal-app/node_modules as its parent node_modules
2191 verbose linkBins bser@2.1.1
2192 verbose linkMans bser@2.1.1
2193 verbose rebuildBundles bser@2.1.1
2194 info install bser@2.1.1
2195 info postinstall bser@2.1.1
2196 verbose rebuild bundle /Users/Duffis/Desktop/software.nosync/jams-journal-app/node_modules/buffer
2197 info build /Users/Duffis/Desktop/software.nosync/jams-journal-app/node_modules/buffer
2198 info preinstall buffer@5.7.1
2199 info linkStuff buffer@5.7.1
2200 silly linkStuff buffer@5.7.1 has /Users/Duffis/Desktop/software.nosync/jams-journal-app/node_modules as its parent node_modules
2201 verbose linkBins buffer@5.7.1
2202 verbose linkMans buffer@5.7.1
2203 verbose rebuildBundles buffer@5.7.1
2204 info install buffer@5.7.1
2205 info postinstall buffer@5.7.1
2206 verbose rebuild bundle /Users/Duffis/Desktop/software.nosync/jams-journal-app/node_modules/buffer-from
2207 info build /Users/Duffis/Desktop/software.nosync/jams-journal-app/node_modules/buffer-from
2208 info preinstall buffer-from@1.1.2
2209 info linkStuff buffer-from@1.1.2
2210 silly linkStuff buffer-from@1.1.2 has /Users/Duffis/Desktop/software.nosync/jams-journal-app/node_modules as its parent node_modules
2211 verbose linkBins buffer-from@1.1.2
2212 verbose linkMans buffer-from@1.1.2
2213 verbose rebuildBundles buffer-from@1.1.2
2214 info install buffer-from@1.1.2
2215 info postinstall buffer-from@1.1.2
2216 verbose rebuild bundle /Users/Duffis/Desktop/software.nosync/jams-journal-app/node_modules/bytes
2217 info build /Users/Duffis/Desktop/software.nosync/jams-journal-app/node_modules/bytes
2218 info preinstall bytes@3.1.2
2219 info linkStuff bytes@3.1.2
2220 silly linkStuff bytes@3.1.2 has /Users/Duffis/Desktop/software.nosync/jams-journal-app/node_modules as its parent node_modules
2221 verbose linkBins bytes@3.1.2
2222 verbose linkMans bytes@3.1.2
2223 verbose rebuildBundles bytes@3.1.2
2224 info install bytes@3.1.2
2225 info postinstall bytes@3.1.2
2226 verbose rebuild bundle /Users/Duffis/Desktop/software.nosync/jams-journal-app/node_modules/call-bind-apply-helpers
2227 info build /Users/Duffis/Desktop/software.nosync/jams-journal-app/node_modules/call-bind-apply-helpers
2228 info preinstall call-bind-apply-helpers@1.0.2
2229 info linkStuff call-bind-apply-helpers@1.0.2
2230 silly linkStuff call-bind-apply-helpers@1.0.2 has /Users/Duffis/Desktop/software.nosync/jams-journal-app/node_modules as its parent node_modules
2231 verbose linkBins call-bind-apply-helpers@1.0.2
2232 verbose linkMans call-bind-apply-helpers@1.0.2
2233 verbose rebuildBundles call-bind-apply-helpers@1.0.2
2234 info install call-bind-apply-helpers@1.0.2
2235 info postinstall call-bind-apply-helpers@1.0.2
2236 verbose rebuild bundle /Users/Duffis/Desktop/software.nosync/jams-journal-app/node_modules/call-bound
2237 info build /Users/Duffis/Desktop/software.nosync/jams-journal-app/node_modules/call-bound
2238 info preinstall call-bound@1.0.4
2239 info linkStuff call-bound@1.0.4
2240 silly linkStuff call-bound@1.0.4 has /Users/Duffis/Desktop/software.nosync/jams-journal-app/node_modules as its parent node_modules
2241 verbose linkBins call-bound@1.0.4
2242 verbose linkMans call-bound@1.0.4
2243 verbose rebuildBundles call-bound@1.0.4
2244 info install call-bound@1.0.4
2245 info postinstall call-bound@1.0.4
2246 verbose rebuild bundle /Users/Duffis/Desktop/software.nosync/jams-journal-app/node_modules/callsites
2247 info build /Users/Duffis/Desktop/software.nosync/jams-journal-app/node_modules/callsites
2248 info preinstall callsites@3.1.0
2249 info linkStuff callsites@3.1.0
2250 silly linkStuff callsites@3.1.0 has /Users/Duffis/Desktop/software.nosync/jams-journal-app/node_modules as its parent node_modules
2251 verbose linkBins callsites@3.1.0
2252 verbose linkMans callsites@3.1.0
2253 verbose rebuildBundles callsites@3.1.0
2254 info install callsites@3.1.0
2255 info postinstall callsites@3.1.0
2256 verbose rebuild bundle /Users/Duffis/Desktop/software.nosync/jams-journal-app/node_modules/camelcase
2257 info build /Users/Duffis/Desktop/software.nosync/jams-journal-app/node_modules/camelcase
2258 info preinstall camelcase@6.3.0
2259 info linkStuff camelcase@6.3.0
2260 silly linkStuff camelcase@6.3.0 has /Users/Duffis/Desktop/software.nosync/jams-journal-app/node_modules as its parent node_modules
2261 verbose linkBins camelcase@6.3.0
2262 verbose linkMans camelcase@6.3.0
2263 verbose rebuildBundles camelcase@6.3.0
2264 info install camelcase@6.3.0
2265 info postinstall camelcase@6.3.0
2266 verbose rebuild bundle /Users/Duffis/Desktop/software.nosync/jams-journal-app/node_modules/camelize
2267 info build /Users/Duffis/Desktop/software.nosync/jams-journal-app/node_modules/camelize
2268 info preinstall camelize@1.0.1
2269 info linkStuff camelize@1.0.1
2270 silly linkStuff camelize@1.0.1 has /Users/Duffis/Desktop/software.nosync/jams-journal-app/node_modules as its parent node_modules
2271 verbose linkBins camelize@1.0.1
2272 verbose linkMans camelize@1.0.1
2273 verbose rebuildBundles camelize@1.0.1
2274 info install camelize@1.0.1
2275 info postinstall camelize@1.0.1
2276 verbose rebuild bundle /Users/Duffis/Desktop/software.nosync/jams-journal-app/node_modules/caniuse-lite
2277 info build /Users/Duffis/Desktop/software.nosync/jams-journal-app/node_modules/caniuse-lite
2278 info preinstall caniuse-lite@1.0.30001770
2279 info linkStuff caniuse-lite@1.0.30001770
2280 silly linkStuff caniuse-lite@1.0.30001770 has /Users/Duffis/Desktop/software.nosync/jams-journal-app/node_modules as its parent node_modules
2281 verbose linkBins caniuse-lite@1.0.30001770
2282 verbose linkMans caniuse-lite@1.0.30001770
2283 verbose rebuildBundles caniuse-lite@1.0.30001770
2284 info install caniuse-lite@1.0.30001770
2285 info postinstall caniuse-lite@1.0.30001770
2286 verbose rebuild bundle /Users/Duffis/Desktop/software.nosync/jams-journal-app/node_modules/chalk
2287 info build /Users/Duffis/Desktop/software.nosync/jams-journal-app/node_modules/chalk
2288 info preinstall chalk@4.1.2
2289 info linkStuff chalk@4.1.2
2290 silly linkStuff chalk@4.1.2 has /Users/Duffis/Desktop/software.nosync/jams-journal-app/node_modules as its parent node_modules
2291 verbose linkBins chalk@4.1.2
2292 verbose linkMans chalk@4.1.2
2293 verbose rebuildBundles chalk@4.1.2
2294 info install chalk@4.1.2
2295 info postinstall chalk@4.1.2
2296 verbose rebuild bundle /Users/Duffis/Desktop/software.nosync/jams-journal-app/node_modules/character-entities-html4
2297 info build /Users/Duffis/Desktop/software.nosync/jams-journal-app/node_modules/character-entities-html4
2298 info preinstall character-entities-html4@1.1.4
2299 info linkStuff character-entities-html4@1.1.4
2300 silly linkStuff character-entities-html4@1.1.4 has /Users/Duffis/Desktop/software.nosync/jams-journal-app/node_modules as its parent node_modules
2301 verbose linkBins character-entities-html4@1.1.4
2302 verbose linkMans character-entities-html4@1.1.4
2303 verbose rebuildBundles character-entities-html4@1.1.4
2304 info install character-entities-html4@1.1.4
2305 info postinstall character-entities-html4@1.1.4
2306 verbose rebuild bundle /Users/Duffis/Desktop/software.nosync/jams-journal-app/node_modules/character-entities-legacy
2307 info build /Users/Duffis/Desktop/software.nosync/jams-journal-app/node_modules/character-entities-legacy
2308 info preinstall character-entities-legacy@1.1.4
2309 info linkStuff character-entities-legacy@1.1.4
2310 silly linkStuff character-entities-legacy@1.1.4 has /Users/Duffis/Desktop/software.nosync/jams-journal-app/node_modules as its parent node_modules
2311 verbose linkBins character-entities-legacy@1.1.4
2312 verbose linkMans character-entities-legacy@1.1.4
2313 verbose rebuildBundles character-entities-legacy@1.1.4
2314 info install character-entities-legacy@1.1.4
2315 info postinstall character-entities-legacy@1.1.4
2316 verbose rebuild bundle /Users/Duffis/Desktop/software.nosync/jams-journal-app/node_modules/chownr
2317 info build /Users/Duffis/Desktop/software.nosync/jams-journal-app/node_modules/chownr
2318 info preinstall chownr@3.0.0
2319 info linkStuff chownr@3.0.0
2320 silly linkStuff chownr@3.0.0 has /Users/Duffis/Desktop/software.nosync/jams-journal-app/node_modules as its parent node_modules
2321 verbose linkBins chownr@3.0.0
2322 verbose linkMans chownr@3.0.0
2323 verbose rebuildBundles chownr@3.0.0
2324 info install chownr@3.0.0
2325 info postinstall chownr@3.0.0
2326 verbose rebuild bundle /Users/Duffis/Desktop/software.nosync/jams-journal-app/node_modules/chrome-launcher
2327 info build /Users/Duffis/Desktop/software.nosync/jams-journal-app/node_modules/chrome-launcher
2328 info preinstall chrome-launcher@0.15.2
2329 info linkStuff chrome-launcher@0.15.2
2330 silly linkStuff chrome-launcher@0.15.2 has /Users/Duffis/Desktop/software.nosync/jams-journal-app/node_modules as its parent node_modules
2331 verbose linkBins chrome-launcher@0.15.2
2332 verbose link bins [
2332 verbose link bins   { 'print-chrome-path': 'bin/print-chrome-path.js' },
2332 verbose link bins   '/Users/Duffis/Desktop/software.nosync/jams-journal-app/node_modules/.bin',
2332 verbose link bins   false
2332 verbose link bins ]
2333 verbose linkMans chrome-launcher@0.15.2
2334 verbose rebuildBundles chrome-launcher@0.15.2
2335 silly gentlyRm /Users/Duffis/Desktop/software.nosync/jams-journal-app/node_modules/.bin/print-chrome-path is being purged
2336 verbose gentlyRm don't care about contents; nuking /Users/Duffis/Desktop/software.nosync/jams-journal-app/node_modules/.bin/print-chrome-path
2337 silly vacuum-fs purging /Users/Duffis/Desktop/software.nosync/jams-journal-app/node_modules/.bin/print-chrome-path
2338 silly vacuum-fs quitting because other entries in /Users/Duffis/Desktop/software.nosync/jams-journal-app/node_modules/.bin
2339 info install chrome-launcher@0.15.2
2340 info postinstall chrome-launcher@0.15.2
2341 verbose rebuild bundle /Users/Duffis/Desktop/software.nosync/jams-journal-app/node_modules/chromium-edge-launcher
2342 info build /Users/Duffis/Desktop/software.nosync/jams-journal-app/node_modules/chromium-edge-launcher
2343 info preinstall chromium-edge-launcher@0.2.0
2344 info linkStuff chromium-edge-launcher@0.2.0
2345 silly linkStuff chromium-edge-launcher@0.2.0 has /Users/Duffis/Desktop/software.nosync/jams-journal-app/node_modules as its parent node_modules
2346 verbose linkBins chromium-edge-launcher@0.2.0
2347 verbose linkMans chromium-edge-launcher@0.2.0
2348 verbose rebuildBundles chromium-edge-launcher@0.2.0
2349 info install chromium-edge-launcher@0.2.0
2350 info postinstall chromium-edge-launcher@0.2.0
2351 verbose rebuild bundle /Users/Duffis/Desktop/software.nosync/jams-journal-app/node_modules/ci-info
2352 info build /Users/Duffis/Desktop/software.nosync/jams-journal-app/node_modules/ci-info
2353 info preinstall ci-info@3.9.0
2354 info linkStuff ci-info@3.9.0
2355 silly linkStuff ci-info@3.9.0 has /Users/Duffis/Desktop/software.nosync/jams-journal-app/node_modules as its parent node_modules
2356 verbose linkBins ci-info@3.9.0
2357 verbose linkMans ci-info@3.9.0
2358 verbose rebuildBundles ci-info@3.9.0
2359 info install ci-info@3.9.0
2360 info postinstall ci-info@3.9.0
2361 verbose rebuild bundle /Users/Duffis/Desktop/software.nosync/jams-journal-app/node_modules/cli-cursor
2362 info build /Users/Duffis/Desktop/software.nosync/jams-journal-app/node_modules/cli-cursor
2363 info preinstall cli-cursor@3.1.0
2364 info linkStuff cli-cursor@3.1.0
2365 silly linkStuff cli-cursor@3.1.0 has /Users/Duffis/Desktop/software.nosync/jams-journal-app/node_modules as its parent node_modules
2366 verbose linkBins cli-cursor@3.1.0
2367 verbose linkMans cli-cursor@3.1.0
2368 verbose rebuildBundles cli-cursor@3.1.0
2369 info install cli-cursor@3.1.0
2370 info postinstall cli-cursor@3.1.0
2371 verbose rebuild bundle /Users/Duffis/Desktop/software.nosync/jams-journal-app/node_modules/cli-spinners
2372 info build /Users/Duffis/Desktop/software.nosync/jams-journal-app/node_modules/cli-spinners
2373 info preinstall cli-spinners@2.9.2
2374 info linkStuff cli-spinners@2.9.2
2375 silly linkStuff cli-spinners@2.9.2 has /Users/Duffis/Desktop/software.nosync/jams-journal-app/node_modules as its parent node_modules
2376 verbose linkBins cli-spinners@2.9.2
2377 verbose linkMans cli-spinners@2.9.2
2378 verbose rebuildBundles cli-spinners@2.9.2
2379 info install cli-spinners@2.9.2
2380 info postinstall cli-spinners@2.9.2
2381 verbose rebuild bundle /Users/Duffis/Desktop/software.nosync/jams-journal-app/node_modules/cliui
2382 info build /Users/Duffis/Desktop/software.nosync/jams-journal-app/node_modules/cliui
2383 info preinstall cliui@8.0.1
2384 info linkStuff cliui@8.0.1
2385 silly linkStuff cliui@8.0.1 has /Users/Duffis/Desktop/software.nosync/jams-journal-app/node_modules as its parent node_modules
2386 verbose linkBins cliui@8.0.1
2387 verbose linkMans cliui@8.0.1
2388 verbose rebuildBundles cliui@8.0.1
2389 verbose rebuildBundles [
2389 verbose rebuildBundles   'emoji-regex',
2389 verbose rebuildBundles   'is-fullwidth-code-point',
2389 verbose rebuildBundles   'string-width',
2389 verbose rebuildBundles   'strip-ansi'
2389 verbose rebuildBundles ]
2390 verbose rebuild bundle /Users/Duffis/Desktop/software.nosync/jams-journal-app/node_modules/cliui/node_modules/emoji-regex
2391 info build /Users/Duffis/Desktop/software.nosync/jams-journal-app/node_modules/cliui/node_modules/emoji-regex
2392 info preinstall emoji-regex@8.0.0
2393 info linkStuff emoji-regex@8.0.0
2394 silly linkStuff emoji-regex@8.0.0 has /Users/Duffis/Desktop/software.nosync/jams-journal-app/node_modules/cliui/node_modules as its parent node_modules
2395 verbose linkBins emoji-regex@8.0.0
2396 verbose linkMans emoji-regex@8.0.0
2397 verbose rebuildBundles emoji-regex@8.0.0
2398 info install emoji-regex@8.0.0
2399 info postinstall emoji-regex@8.0.0
2400 verbose rebuild bundle /Users/Duffis/Desktop/software.nosync/jams-journal-app/node_modules/cliui/node_modules/is-fullwidth-code-point
2401 info build /Users/Duffis/Desktop/software.nosync/jams-journal-app/node_modules/cliui/node_modules/is-fullwidth-code-point
2402 info preinstall is-fullwidth-code-point@3.0.0
2403 info linkStuff is-fullwidth-code-point@3.0.0
2404 silly linkStuff is-fullwidth-code-point@3.0.0 has /Users/Duffis/Desktop/software.nosync/jams-journal-app/node_modules/cliui/node_modules as its parent node_modules
2405 verbose linkBins is-fullwidth-code-point@3.0.0
2406 verbose linkMans is-fullwidth-code-point@3.0.0
2407 verbose rebuildBundles is-fullwidth-code-point@3.0.0
2408 info install is-fullwidth-code-point@3.0.0
2409 info postinstall is-fullwidth-code-point@3.0.0
2410 info install cliui@8.0.1
2411 info postinstall cliui@8.0.1
2412 verbose rebuild bundle /Users/Duffis/Desktop/software.nosync/jams-journal-app/node_modules/clone
2413 info build /Users/Duffis/Desktop/software.nosync/jams-journal-app/node_modules/clone
2414 info preinstall clone@1.0.4
2415 info linkStuff clone@1.0.4
2416 silly linkStuff clone@1.0.4 has /Users/Duffis/Desktop/software.nosync/jams-journal-app/node_modules as its parent node_modules
2417 verbose linkBins clone@1.0.4
2418 verbose linkMans clone@1.0.4
2419 verbose rebuildBundles clone@1.0.4
2420 info install clone@1.0.4
2421 info postinstall clone@1.0.4
2422 verbose rebuild bundle /Users/Duffis/Desktop/software.nosync/jams-journal-app/node_modules/color
2423 info build /Users/Duffis/Desktop/software.nosync/jams-journal-app/node_modules/color
2424 info preinstall color@4.2.3
2425 info linkStuff color@4.2.3
2426 silly linkStuff color@4.2.3 has /Users/Duffis/Desktop/software.nosync/jams-journal-app/node_modules as its parent node_modules
2427 verbose linkBins color@4.2.3
2428 verbose linkMans color@4.2.3
2429 verbose rebuildBundles color@4.2.3
2430 info install color@4.2.3
2431 info postinstall color@4.2.3
2432 verbose rebuild bundle /Users/Duffis/Desktop/software.nosync/jams-journal-app/node_modules/color-convert
2433 info build /Users/Duffis/Desktop/software.nosync/jams-journal-app/node_modules/color-convert
2434 info preinstall color-convert@2.0.1
2435 info linkStuff color-convert@2.0.1
2436 silly linkStuff color-convert@2.0.1 has /Users/Duffis/Desktop/software.nosync/jams-journal-app/node_modules as its parent node_modules
2437 verbose linkBins color-convert@2.0.1
2438 verbose linkMans color-convert@2.0.1
2439 verbose rebuildBundles color-convert@2.0.1
2440 info install color-convert@2.0.1
2441 info postinstall color-convert@2.0.1
2442 verbose rebuild bundle /Users/Duffis/Desktop/software.nosync/jams-journal-app/node_modules/color-name
2443 info build /Users/Duffis/Desktop/software.nosync/jams-journal-app/node_modules/color-name
2444 info preinstall color-name@1.1.4
2445 info linkStuff color-name@1.1.4
2446 silly linkStuff color-name@1.1.4 has /Users/Duffis/Desktop/software.nosync/jams-journal-app/node_modules as its parent node_modules
2447 verbose linkBins color-name@1.1.4
2448 verbose linkMans color-name@1.1.4
2449 verbose rebuildBundles color-name@1.1.4
2450 info install color-name@1.1.4
2451 info postinstall color-name@1.1.4
2452 verbose rebuild bundle /Users/Duffis/Desktop/software.nosync/jams-journal-app/node_modules/color-string
2453 info build /Users/Duffis/Desktop/software.nosync/jams-journal-app/node_modules/color-string
2454 info preinstall color-string@1.9.1
2455 info linkStuff color-string@1.9.1
2456 silly linkStuff color-string@1.9.1 has /Users/Duffis/Desktop/software.nosync/jams-journal-app/node_modules as its parent node_modules
2457 verbose linkBins color-string@1.9.1
2458 verbose linkMans color-string@1.9.1
2459 verbose rebuildBundles color-string@1.9.1
2460 info install color-string@1.9.1
2461 info postinstall color-string@1.9.1
2462 verbose rebuild bundle /Users/Duffis/Desktop/software.nosync/jams-journal-app/node_modules/colorette
2463 info build /Users/Duffis/Desktop/software.nosync/jams-journal-app/node_modules/colorette
2464 info preinstall colorette@1.4.0
2465 info linkStuff colorette@1.4.0
2466 silly linkStuff colorette@1.4.0 has /Users/Duffis/Desktop/software.nosync/jams-journal-app/node_modules as its parent node_modules
2467 verbose linkBins colorette@1.4.0
2468 verbose linkMans colorette@1.4.0
2469 verbose rebuildBundles colorette@1.4.0
2470 info install colorette@1.4.0
2471 info postinstall colorette@1.4.0
2472 verbose rebuild bundle /Users/Duffis/Desktop/software.nosync/jams-journal-app/node_modules/command-exists
2473 info build /Users/Duffis/Desktop/software.nosync/jams-journal-app/node_modules/command-exists
2474 info preinstall command-exists@1.2.9
2475 info linkStuff command-exists@1.2.9
2476 silly linkStuff command-exists@1.2.9 has /Users/Duffis/Desktop/software.nosync/jams-journal-app/node_modules as its parent node_modules
2477 verbose linkBins command-exists@1.2.9
2478 verbose linkMans command-exists@1.2.9
2479 verbose rebuildBundles command-exists@1.2.9
2480 info install command-exists@1.2.9
2481 info postinstall command-exists@1.2.9
2482 verbose rebuild bundle /Users/Duffis/Desktop/software.nosync/jams-journal-app/node_modules/commander
2483 info build /Users/Duffis/Desktop/software.nosync/jams-journal-app/node_modules/commander
2484 info preinstall commander@9.5.0
2485 info linkStuff commander@9.5.0
2486 silly linkStuff commander@9.5.0 has /Users/Duffis/Desktop/software.nosync/jams-journal-app/node_modules as its parent node_modules
2487 verbose linkBins commander@9.5.0
2488 verbose linkMans commander@9.5.0
2489 verbose rebuildBundles commander@9.5.0
2490 info install commander@9.5.0
2491 info postinstall commander@9.5.0
2492 verbose rebuild bundle /Users/Duffis/Desktop/software.nosync/jams-journal-app/node_modules/compressible
2493 info build /Users/Duffis/Desktop/software.nosync/jams-journal-app/node_modules/compressible
2494 info preinstall compressible@2.0.18
2495 info linkStuff compressible@2.0.18
2496 silly linkStuff compressible@2.0.18 has /Users/Duffis/Desktop/software.nosync/jams-journal-app/node_modules as its parent node_modules
2497 verbose linkBins compressible@2.0.18
2498 verbose linkMans compressible@2.0.18
2499 verbose rebuildBundles compressible@2.0.18
2500 info install compressible@2.0.18
2501 info postinstall compressible@2.0.18
2502 verbose rebuild bundle /Users/Duffis/Desktop/software.nosync/jams-journal-app/node_modules/compression
2503 info build /Users/Duffis/Desktop/software.nosync/jams-journal-app/node_modules/compression
2504 info preinstall compression@1.8.1
2505 info linkStuff compression@1.8.1
2506 silly linkStuff compression@1.8.1 has /Users/Duffis/Desktop/software.nosync/jams-journal-app/node_modules as its parent node_modules
2507 verbose linkBins compression@1.8.1
2508 verbose linkMans compression@1.8.1
2509 verbose rebuildBundles compression@1.8.1
2510 verbose rebuildBundles [ 'debug', 'ms' ]
2511 verbose rebuild bundle /Users/Duffis/Desktop/software.nosync/jams-journal-app/node_modules/compression/node_modules/ms
2512 info build /Users/Duffis/Desktop/software.nosync/jams-journal-app/node_modules/compression/node_modules/ms
2513 info preinstall ms@2.0.0
2514 info linkStuff ms@2.0.0
2515 silly linkStuff ms@2.0.0 has /Users/Duffis/Desktop/software.nosync/jams-journal-app/node_modules/compression/node_modules as its parent node_modules
2516 verbose linkBins ms@2.0.0
2517 verbose linkMans ms@2.0.0
2518 verbose rebuildBundles ms@2.0.0
2519 info install ms@2.0.0
2520 info postinstall ms@2.0.0
2521 info install compression@1.8.1
2522 info postinstall compression@1.8.1
2523 verbose rebuild bundle /Users/Duffis/Desktop/software.nosync/jams-journal-app/node_modules/concat-map
2524 info build /Users/Duffis/Desktop/software.nosync/jams-journal-app/node_modules/concat-map
2525 info preinstall concat-map@0.0.1
2526 info linkStuff concat-map@0.0.1
2527 silly linkStuff concat-map@0.0.1 has /Users/Duffis/Desktop/software.nosync/jams-journal-app/node_modules as its parent node_modules
2528 verbose linkBins concat-map@0.0.1
2529 verbose linkMans concat-map@0.0.1
2530 verbose rebuildBundles concat-map@0.0.1
2531 info install concat-map@0.0.1
2532 info postinstall concat-map@0.0.1
2533 verbose rebuild bundle /Users/Duffis/Desktop/software.nosync/jams-journal-app/node_modules/connect
2534 info build /Users/Duffis/Desktop/software.nosync/jams-journal-app/node_modules/connect
2535 info preinstall connect@3.7.0
2536 info linkStuff connect@3.7.0
2537 silly linkStuff connect@3.7.0 has /Users/Duffis/Desktop/software.nosync/jams-journal-app/node_modules as its parent node_modules
2538 verbose linkBins connect@3.7.0
2539 verbose linkMans connect@3.7.0
2540 verbose rebuildBundles connect@3.7.0
2541 verbose rebuildBundles [ 'debug', 'ms' ]
2542 verbose rebuild bundle /Users/Duffis/Desktop/software.nosync/jams-journal-app/node_modules/connect/node_modules/ms
2543 info build /Users/Duffis/Desktop/software.nosync/jams-journal-app/node_modules/connect/node_modules/ms
2544 info preinstall ms@2.0.0
2545 info linkStuff ms@2.0.0
2546 silly linkStuff ms@2.0.0 has /Users/Duffis/Desktop/software.nosync/jams-journal-app/node_modules/connect/node_modules as its parent node_modules
2547 verbose linkBins ms@2.0.0
2548 verbose linkMans ms@2.0.0
2549 verbose rebuildBundles ms@2.0.0
2550 info install ms@2.0.0
2551 info postinstall ms@2.0.0
2552 info install connect@3.7.0
2553 info postinstall connect@3.7.0
2554 verbose rebuild bundle /Users/Duffis/Desktop/software.nosync/jams-journal-app/node_modules/content-type
2555 info build /Users/Duffis/Desktop/software.nosync/jams-journal-app/node_modules/content-type
2556 info preinstall content-type@1.0.5
2557 info linkStuff content-type@1.0.5
2558 silly linkStuff content-type@1.0.5 has /Users/Duffis/Desktop/software.nosync/jams-journal-app/node_modules as its parent node_modules
2559 verbose linkBins content-type@1.0.5
2560 verbose linkMans content-type@1.0.5
2561 verbose rebuildBundles content-type@1.0.5
2562 info install content-type@1.0.5
2563 info postinstall content-type@1.0.5
2564 verbose rebuild bundle /Users/Duffis/Desktop/software.nosync/jams-journal-app/node_modules/convert-source-map
2565 info build /Users/Duffis/Desktop/software.nosync/jams-journal-app/node_modules/convert-source-map
2566 info preinstall convert-source-map@2.0.0
2567 info linkStuff convert-source-map@2.0.0
2568 silly linkStuff convert-source-map@2.0.0 has /Users/Duffis/Desktop/software.nosync/jams-journal-app/node_modules as its parent node_modules
2569 verbose linkBins convert-source-map@2.0.0
2570 verbose linkMans convert-source-map@2.0.0
2571 verbose rebuildBundles convert-source-map@2.0.0
2572 info install convert-source-map@2.0.0
2573 info postinstall convert-source-map@2.0.0
2574 verbose rebuild bundle /Users/Duffis/Desktop/software.nosync/jams-journal-app/node_modules/core-js-compat
2575 info build /Users/Duffis/Desktop/software.nosync/jams-journal-app/node_modules/core-js-compat
2576 info preinstall core-js-compat@3.48.0
2577 info linkStuff core-js-compat@3.48.0
2578 silly linkStuff core-js-compat@3.48.0 has /Users/Duffis/Desktop/software.nosync/jams-journal-app/node_modules as its parent node_modules
2579 verbose linkBins core-js-compat@3.48.0
2580 verbose linkMans core-js-compat@3.48.0
2581 verbose rebuildBundles core-js-compat@3.48.0
2582 info install core-js-compat@3.48.0
2583 info postinstall core-js-compat@3.48.0
2584 verbose rebuild bundle /Users/Duffis/Desktop/software.nosync/jams-journal-app/node_modules/cosmiconfig
2585 info build /Users/Duffis/Desktop/software.nosync/jams-journal-app/node_modules/cosmiconfig
2586 info preinstall cosmiconfig@9.0.0
2587 info linkStuff cosmiconfig@9.0.0
2588 silly linkStuff cosmiconfig@9.0.0 has /Users/Duffis/Desktop/software.nosync/jams-journal-app/node_modules as its parent node_modules
2589 verbose linkBins cosmiconfig@9.0.0
2590 verbose linkMans cosmiconfig@9.0.0
2591 verbose rebuildBundles cosmiconfig@9.0.0
2592 info install cosmiconfig@9.0.0
2593 info postinstall cosmiconfig@9.0.0
2594 verbose rebuild bundle /Users/Duffis/Desktop/software.nosync/jams-journal-app/node_modules/cross-fetch
2595 info build /Users/Duffis/Desktop/software.nosync/jams-journal-app/node_modules/cross-fetch
2596 info preinstall cross-fetch@3.2.0
2597 info linkStuff cross-fetch@3.2.0
2598 silly linkStuff cross-fetch@3.2.0 has /Users/Duffis/Desktop/software.nosync/jams-journal-app/node_modules as its parent node_modules
2599 verbose linkBins cross-fetch@3.2.0
2600 verbose linkMans cross-fetch@3.2.0
2601 verbose rebuildBundles cross-fetch@3.2.0
2602 info install cross-fetch@3.2.0
2603 info postinstall cross-fetch@3.2.0
2604 verbose rebuild bundle /Users/Duffis/Desktop/software.nosync/jams-journal-app/node_modules/cross-spawn
2605 info build /Users/Duffis/Desktop/software.nosync/jams-journal-app/node_modules/cross-spawn
2606 info preinstall cross-spawn@7.0.6
2607 info linkStuff cross-spawn@7.0.6
2608 silly linkStuff cross-spawn@7.0.6 has /Users/Duffis/Desktop/software.nosync/jams-journal-app/node_modules as its parent node_modules
2609 verbose linkBins cross-spawn@7.0.6
2610 verbose linkMans cross-spawn@7.0.6
2611 verbose rebuildBundles cross-spawn@7.0.6
2612 info install cross-spawn@7.0.6
2613 info postinstall cross-spawn@7.0.6
2614 verbose rebuild bundle /Users/Duffis/Desktop/software.nosync/jams-journal-app/node_modules/crypto-random-string
2615 info build /Users/Duffis/Desktop/software.nosync/jams-journal-app/node_modules/crypto-random-string
2616 info preinstall crypto-random-string@2.0.0
2617 info linkStuff crypto-random-string@2.0.0
2618 silly linkStuff crypto-random-string@2.0.0 has /Users/Duffis/Desktop/software.nosync/jams-journal-app/node_modules as its parent node_modules
2619 verbose linkBins crypto-random-string@2.0.0
2620 verbose linkMans crypto-random-string@2.0.0
2621 verbose rebuildBundles crypto-random-string@2.0.0
2622 info install crypto-random-string@2.0.0
2623 info postinstall crypto-random-string@2.0.0
2624 verbose rebuild bundle /Users/Duffis/Desktop/software.nosync/jams-journal-app/node_modules/css-color-keywords
2625 info build /Users/Duffis/Desktop/software.nosync/jams-journal-app/node_modules/css-color-keywords
2626 info preinstall css-color-keywords@1.0.0
2627 info linkStuff css-color-keywords@1.0.0
2628 silly linkStuff css-color-keywords@1.0.0 has /Users/Duffis/Desktop/software.nosync/jams-journal-app/node_modules as its parent node_modules
2629 verbose linkBins css-color-keywords@1.0.0
2630 verbose linkMans css-color-keywords@1.0.0
2631 verbose rebuildBundles css-color-keywords@1.0.0
2632 info install css-color-keywords@1.0.0
2633 info postinstall css-color-keywords@1.0.0
2634 verbose rebuild bundle /Users/Duffis/Desktop/software.nosync/jams-journal-app/node_modules/css-in-js-utils
2635 info build /Users/Duffis/Desktop/software.nosync/jams-journal-app/node_modules/css-in-js-utils
2636 info preinstall css-in-js-utils@3.1.0
2637 info linkStuff css-in-js-utils@3.1.0
2638 silly linkStuff css-in-js-utils@3.1.0 has /Users/Duffis/Desktop/software.nosync/jams-journal-app/node_modules as its parent node_modules
2639 verbose linkBins css-in-js-utils@3.1.0
2640 verbose linkMans css-in-js-utils@3.1.0
2641 verbose rebuildBundles css-in-js-utils@3.1.0
2642 info install css-in-js-utils@3.1.0
2643 info postinstall css-in-js-utils@3.1.0
2644 verbose rebuild bundle /Users/Duffis/Desktop/software.nosync/jams-journal-app/node_modules/css-to-react-native
2645 info build /Users/Duffis/Desktop/software.nosync/jams-journal-app/node_modules/css-to-react-native
2646 info preinstall css-to-react-native@3.2.0
2647 info linkStuff css-to-react-native@3.2.0
2648 silly linkStuff css-to-react-native@3.2.0 has /Users/Duffis/Desktop/software.nosync/jams-journal-app/node_modules as its parent node_modules
2649 verbose linkBins css-to-react-native@3.2.0
2650 verbose linkMans css-to-react-native@3.2.0
2651 verbose rebuildBundles css-to-react-native@3.2.0
2652 info install css-to-react-native@3.2.0
2653 info postinstall css-to-react-native@3.2.0
2654 verbose rebuild bundle /Users/Duffis/Desktop/software.nosync/jams-journal-app/node_modules/csstype
2655 info build /Users/Duffis/Desktop/software.nosync/jams-journal-app/node_modules/csstype
2656 info preinstall csstype@3.2.3
2657 info linkStuff csstype@3.2.3
2658 silly linkStuff csstype@3.2.3 has /Users/Duffis/Desktop/software.nosync/jams-journal-app/node_modules as its parent node_modules
2659 verbose linkBins csstype@3.2.3
2660 verbose linkMans csstype@3.2.3
2661 verbose rebuildBundles csstype@3.2.3
2662 info install csstype@3.2.3
2663 info postinstall csstype@3.2.3
2664 verbose rebuild bundle /Users/Duffis/Desktop/software.nosync/jams-journal-app/node_modules/dayjs
2665 info build /Users/Duffis/Desktop/software.nosync/jams-journal-app/node_modules/dayjs
2666 info preinstall dayjs@1.11.19
2667 info linkStuff dayjs@1.11.19
2668 silly linkStuff dayjs@1.11.19 has /Users/Duffis/Desktop/software.nosync/jams-journal-app/node_modules as its parent node_modules
2669 verbose linkBins dayjs@1.11.19
2670 verbose linkMans dayjs@1.11.19
2671 verbose rebuildBundles dayjs@1.11.19
2672 info install dayjs@1.11.19
2673 info postinstall dayjs@1.11.19
2674 verbose rebuild bundle /Users/Duffis/Desktop/software.nosync/jams-journal-app/node_modules/debug
2675 info build /Users/Duffis/Desktop/software.nosync/jams-journal-app/node_modules/debug
2676 info preinstall debug@4.4.3
2677 info linkStuff debug@4.4.3
2678 silly linkStuff debug@4.4.3 has /Users/Duffis/Desktop/software.nosync/jams-journal-app/node_modules as its parent node_modules
2679 verbose linkBins debug@4.4.3
2680 verbose linkMans debug@4.4.3
2681 verbose rebuildBundles debug@4.4.3
2682 info install debug@4.4.3
2683 info postinstall debug@4.4.3
2684 verbose rebuild bundle /Users/Duffis/Desktop/software.nosync/jams-journal-app/node_modules/decamelize
2685 info build /Users/Duffis/Desktop/software.nosync/jams-journal-app/node_modules/decamelize
2686 info preinstall decamelize@1.2.0
2687 info linkStuff decamelize@1.2.0
2688 silly linkStuff decamelize@1.2.0 has /Users/Duffis/Desktop/software.nosync/jams-journal-app/node_modules as its parent node_modules
2689 verbose linkBins decamelize@1.2.0
2690 verbose linkMans decamelize@1.2.0
2691 verbose rebuildBundles decamelize@1.2.0
2692 info install decamelize@1.2.0
2693 info postinstall decamelize@1.2.0
2694 verbose rebuild bundle /Users/Duffis/Desktop/software.nosync/jams-journal-app/node_modules/decode-uri-component
2695 info build /Users/Duffis/Desktop/software.nosync/jams-journal-app/node_modules/decode-uri-component
2696 info preinstall decode-uri-component@0.2.2
2697 info linkStuff decode-uri-component@0.2.2
2698 silly linkStuff decode-uri-component@0.2.2 has /Users/Duffis/Desktop/software.nosync/jams-journal-app/node_modules as its parent node_modules
2699 verbose linkBins decode-uri-component@0.2.2
2700 verbose linkMans decode-uri-component@0.2.2
2701 verbose rebuildBundles decode-uri-component@0.2.2
2702 info install decode-uri-component@0.2.2
2703 info postinstall decode-uri-component@0.2.2
2704 verbose rebuild bundle /Users/Duffis/Desktop/software.nosync/jams-journal-app/node_modules/deep-extend
2705 info build /Users/Duffis/Desktop/software.nosync/jams-journal-app/node_modules/deep-extend
2706 info preinstall deep-extend@0.6.0
2707 info linkStuff deep-extend@0.6.0
2708 silly linkStuff deep-extend@0.6.0 has /Users/Duffis/Desktop/software.nosync/jams-journal-app/node_modules as its parent node_modules
2709 verbose linkBins deep-extend@0.6.0
2710 verbose linkMans deep-extend@0.6.0
2711 verbose rebuildBundles deep-extend@0.6.0
2712 info install deep-extend@0.6.0
2713 info postinstall deep-extend@0.6.0
2714 verbose rebuild bundle /Users/Duffis/Desktop/software.nosync/jams-journal-app/node_modules/deepmerge
2715 info build /Users/Duffis/Desktop/software.nosync/jams-journal-app/node_modules/deepmerge
2716 info preinstall deepmerge@4.3.1
2717 info linkStuff deepmerge@4.3.1
2718 silly linkStuff deepmerge@4.3.1 has /Users/Duffis/Desktop/software.nosync/jams-journal-app/node_modules as its parent node_modules
2719 verbose linkBins deepmerge@4.3.1
2720 verbose linkMans deepmerge@4.3.1
2721 verbose rebuildBundles deepmerge@4.3.1
2722 info install deepmerge@4.3.1
2723 info postinstall deepmerge@4.3.1
2724 verbose rebuild bundle /Users/Duffis/Desktop/software.nosync/jams-journal-app/node_modules/defaults
2725 info build /Users/Duffis/Desktop/software.nosync/jams-journal-app/node_modules/defaults
2726 info preinstall defaults@1.0.4
2727 info linkStuff defaults@1.0.4
2728 silly linkStuff defaults@1.0.4 has /Users/Duffis/Desktop/software.nosync/jams-journal-app/node_modules as its parent node_modules
2729 verbose linkBins defaults@1.0.4
2730 verbose linkMans defaults@1.0.4
2731 verbose rebuildBundles defaults@1.0.4
2732 info install defaults@1.0.4
2733 info postinstall defaults@1.0.4
2734 verbose rebuild bundle /Users/Duffis/Desktop/software.nosync/jams-journal-app/node_modules/define-lazy-prop
2735 info build /Users/Duffis/Desktop/software.nosync/jams-journal-app/node_modules/define-lazy-prop
2736 info preinstall define-lazy-prop@2.0.0
2737 info linkStuff define-lazy-prop@2.0.0
2738 silly linkStuff define-lazy-prop@2.0.0 has /Users/Duffis/Desktop/software.nosync/jams-journal-app/node_modules as its parent node_modules
2739 verbose linkBins define-lazy-prop@2.0.0
2740 verbose linkMans define-lazy-prop@2.0.0
2741 verbose rebuildBundles define-lazy-prop@2.0.0
2742 info install define-lazy-prop@2.0.0
2743 info postinstall define-lazy-prop@2.0.0
2744 verbose rebuild bundle /Users/Duffis/Desktop/software.nosync/jams-journal-app/node_modules/depd
2745 info build /Users/Duffis/Desktop/software.nosync/jams-journal-app/node_modules/depd
2746 info preinstall depd@2.0.0
2747 info linkStuff depd@2.0.0
2748 silly linkStuff depd@2.0.0 has /Users/Duffis/Desktop/software.nosync/jams-journal-app/node_modules as its parent node_modules
2749 verbose linkBins depd@2.0.0
2750 verbose linkMans depd@2.0.0
2751 verbose rebuildBundles depd@2.0.0
2752 info install depd@2.0.0
2753 info postinstall depd@2.0.0
2754 verbose rebuild bundle /Users/Duffis/Desktop/software.nosync/jams-journal-app/node_modules/destroy
2755 info build /Users/Duffis/Desktop/software.nosync/jams-journal-app/node_modules/destroy
2756 info preinstall destroy@1.2.0
2757 info linkStuff destroy@1.2.0
2758 silly linkStuff destroy@1.2.0 has /Users/Duffis/Desktop/software.nosync/jams-journal-app/node_modules as its parent node_modules
2759 verbose linkBins destroy@1.2.0
2760 verbose linkMans destroy@1.2.0
2761 verbose rebuildBundles destroy@1.2.0
2762 info install destroy@1.2.0
2763 info postinstall destroy@1.2.0
2764 verbose rebuild bundle /Users/Duffis/Desktop/software.nosync/jams-journal-app/node_modules/detect-libc
2765 info build /Users/Duffis/Desktop/software.nosync/jams-journal-app/node_modules/detect-libc
2766 info preinstall detect-libc@2.1.2
2767 info linkStuff detect-libc@2.1.2
2768 silly linkStuff detect-libc@2.1.2 has /Users/Duffis/Desktop/software.nosync/jams-journal-app/node_modules as its parent node_modules
2769 verbose linkBins detect-libc@2.1.2
2770 verbose linkMans detect-libc@2.1.2
2771 verbose rebuildBundles detect-libc@2.1.2
2772 info install detect-libc@2.1.2
2773 info postinstall detect-libc@2.1.2
2774 verbose rebuild bundle /Users/Duffis/Desktop/software.nosync/jams-journal-app/node_modules/dom-serializer
2775 info build /Users/Duffis/Desktop/software.nosync/jams-journal-app/node_modules/dom-serializer
2776 info preinstall dom-serializer@1.4.1
2777 info linkStuff dom-serializer@1.4.1
2778 silly linkStuff dom-serializer@1.4.1 has /Users/Duffis/Desktop/software.nosync/jams-journal-app/node_modules as its parent node_modules
2779 verbose linkBins dom-serializer@1.4.1
2780 verbose linkMans dom-serializer@1.4.1
2781 verbose rebuildBundles dom-serializer@1.4.1
2782 info install dom-serializer@1.4.1
2783 info postinstall dom-serializer@1.4.1
2784 verbose rebuild bundle /Users/Duffis/Desktop/software.nosync/jams-journal-app/node_modules/domelementtype
2785 info build /Users/Duffis/Desktop/software.nosync/jams-journal-app/node_modules/domelementtype
2786 info preinstall domelementtype@2.3.0
2787 info linkStuff domelementtype@2.3.0
2788 silly linkStuff domelementtype@2.3.0 has /Users/Duffis/Desktop/software.nosync/jams-journal-app/node_modules as its parent node_modules
2789 verbose linkBins domelementtype@2.3.0
2790 verbose linkMans domelementtype@2.3.0
2791 verbose rebuildBundles domelementtype@2.3.0
2792 info install domelementtype@2.3.0
2793 info postinstall domelementtype@2.3.0
2794 verbose rebuild bundle /Users/Duffis/Desktop/software.nosync/jams-journal-app/node_modules/domhandler
2795 info build /Users/Duffis/Desktop/software.nosync/jams-journal-app/node_modules/domhandler
2796 info preinstall domhandler@4.3.1
2797 info linkStuff domhandler@4.3.1
2798 silly linkStuff domhandler@4.3.1 has /Users/Duffis/Desktop/software.nosync/jams-journal-app/node_modules as its parent node_modules
2799 verbose linkBins domhandler@4.3.1
2800 verbose linkMans domhandler@4.3.1
2801 verbose rebuildBundles domhandler@4.3.1
2802 info install domhandler@4.3.1
2803 info postinstall domhandler@4.3.1
2804 verbose rebuild bundle /Users/Duffis/Desktop/software.nosync/jams-journal-app/node_modules/domutils
2805 info build /Users/Duffis/Desktop/software.nosync/jams-journal-app/node_modules/domutils
2806 info preinstall domutils@2.8.0
2807 info linkStuff domutils@2.8.0
2808 silly linkStuff domutils@2.8.0 has /Users/Duffis/Desktop/software.nosync/jams-journal-app/node_modules as its parent node_modules
2809 verbose linkBins domutils@2.8.0
2810 verbose linkMans domutils@2.8.0
2811 verbose rebuildBundles domutils@2.8.0
2812 info install domutils@2.8.0
2813 info postinstall domutils@2.8.0
2814 verbose rebuild bundle /Users/Duffis/Desktop/software.nosync/jams-journal-app/node_modules/dotenv
2815 info build /Users/Duffis/Desktop/software.nosync/jams-journal-app/node_modules/dotenv
2816 info preinstall dotenv@16.4.7
2817 info linkStuff dotenv@16.4.7
2818 silly linkStuff dotenv@16.4.7 has /Users/Duffis/Desktop/software.nosync/jams-journal-app/node_modules as its parent node_modules
2819 verbose linkBins dotenv@16.4.7
2820 verbose linkMans dotenv@16.4.7
2821 verbose rebuildBundles dotenv@16.4.7
2822 info install dotenv@16.4.7
2823 info postinstall dotenv@16.4.7
2824 verbose rebuild bundle /Users/Duffis/Desktop/software.nosync/jams-journal-app/node_modules/dotenv-expand
2825 info build /Users/Duffis/Desktop/software.nosync/jams-journal-app/node_modules/dotenv-expand
2826 info preinstall dotenv-expand@11.0.7
2827 info linkStuff dotenv-expand@11.0.7
2828 silly linkStuff dotenv-expand@11.0.7 has /Users/Duffis/Desktop/software.nosync/jams-journal-app/node_modules as its parent node_modules
2829 verbose linkBins dotenv-expand@11.0.7
2830 verbose linkMans dotenv-expand@11.0.7
2831 verbose rebuildBundles dotenv-expand@11.0.7
2832 info install dotenv-expand@11.0.7
2833 info postinstall dotenv-expand@11.0.7
2834 verbose rebuild bundle /Users/Duffis/Desktop/software.nosync/jams-journal-app/node_modules/dunder-proto
2835 info build /Users/Duffis/Desktop/software.nosync/jams-journal-app/node_modules/dunder-proto
2836 info preinstall dunder-proto@1.0.1
2837 info linkStuff dunder-proto@1.0.1
2838 silly linkStuff dunder-proto@1.0.1 has /Users/Duffis/Desktop/software.nosync/jams-journal-app/node_modules as its parent node_modules
2839 verbose linkBins dunder-proto@1.0.1
2840 verbose linkMans dunder-proto@1.0.1
2841 verbose rebuildBundles dunder-proto@1.0.1
2842 info install dunder-proto@1.0.1
2843 info postinstall dunder-proto@1.0.1
2844 verbose rebuild bundle /Users/Duffis/Desktop/software.nosync/jams-journal-app/node_modules/ee-first
2845 info build /Users/Duffis/Desktop/software.nosync/jams-journal-app/node_modules/ee-first
2846 info preinstall ee-first@1.1.1
2847 info linkStuff ee-first@1.1.1
2848 silly linkStuff ee-first@1.1.1 has /Users/Duffis/Desktop/software.nosync/jams-journal-app/node_modules as its parent node_modules
2849 verbose linkBins ee-first@1.1.1
2850 verbose linkMans ee-first@1.1.1
2851 verbose rebuildBundles ee-first@1.1.1
2852 info install ee-first@1.1.1
2853 info postinstall ee-first@1.1.1
2854 verbose rebuild bundle /Users/Duffis/Desktop/software.nosync/jams-journal-app/node_modules/electron-to-chromium
2855 info build /Users/Duffis/Desktop/software.nosync/jams-journal-app/node_modules/electron-to-chromium
2856 info preinstall electron-to-chromium@1.5.286
2857 info linkStuff electron-to-chromium@1.5.286
2858 silly linkStuff electron-to-chromium@1.5.286 has /Users/Duffis/Desktop/software.nosync/jams-journal-app/node_modules as its parent node_modules
2859 verbose linkBins electron-to-chromium@1.5.286
2860 verbose linkMans electron-to-chromium@1.5.286
2861 verbose rebuildBundles electron-to-chromium@1.5.286
2862 info install electron-to-chromium@1.5.286
2863 info postinstall electron-to-chromium@1.5.286
2864 verbose rebuild bundle /Users/Duffis/Desktop/software.nosync/jams-journal-app/node_modules/encodeurl
2865 info build /Users/Duffis/Desktop/software.nosync/jams-journal-app/node_modules/encodeurl
2866 info preinstall encodeurl@1.0.2
2867 info linkStuff encodeurl@1.0.2
2868 silly linkStuff encodeurl@1.0.2 has /Users/Duffis/Desktop/software.nosync/jams-journal-app/node_modules as its parent node_modules
2869 verbose linkBins encodeurl@1.0.2
2870 verbose linkMans encodeurl@1.0.2
2871 verbose rebuildBundles encodeurl@1.0.2
2872 info install encodeurl@1.0.2
2873 info postinstall encodeurl@1.0.2
2874 verbose rebuild bundle /Users/Duffis/Desktop/software.nosync/jams-journal-app/node_modules/entities
2875 info build /Users/Duffis/Desktop/software.nosync/jams-journal-app/node_modules/entities
2876 info preinstall entities@2.0.3
2877 info linkStuff entities@2.0.3
2878 silly linkStuff entities@2.0.3 has /Users/Duffis/Desktop/software.nosync/jams-journal-app/node_modules as its parent node_modules
2879 verbose linkBins entities@2.0.3
2880 verbose linkMans entities@2.0.3
2881 verbose rebuildBundles entities@2.0.3
2882 info install entities@2.0.3
2883 info postinstall entities@2.0.3
2884 verbose rebuild bundle /Users/Duffis/Desktop/software.nosync/jams-journal-app/node_modules/env-editor
2885 info build /Users/Duffis/Desktop/software.nosync/jams-journal-app/node_modules/env-editor
2886 info preinstall env-editor@0.4.2
2887 info linkStuff env-editor@0.4.2
2888 silly linkStuff env-editor@0.4.2 has /Users/Duffis/Desktop/software.nosync/jams-journal-app/node_modules as its parent node_modules
2889 verbose linkBins env-editor@0.4.2
2890 verbose linkMans env-editor@0.4.2
2891 verbose rebuildBundles env-editor@0.4.2
2892 info install env-editor@0.4.2
2893 info postinstall env-editor@0.4.2
2894 verbose rebuild bundle /Users/Duffis/Desktop/software.nosync/jams-journal-app/node_modules/env-paths
2895 info build /Users/Duffis/Desktop/software.nosync/jams-journal-app/node_modules/env-paths
2896 info preinstall env-paths@2.2.1
2897 info linkStuff env-paths@2.2.1
2898 silly linkStuff env-paths@2.2.1 has /Users/Duffis/Desktop/software.nosync/jams-journal-app/node_modules as its parent node_modules
2899 verbose linkBins env-paths@2.2.1
2900 verbose linkMans env-paths@2.2.1
2901 verbose rebuildBundles env-paths@2.2.1
2902 info install env-paths@2.2.1
2903 info postinstall env-paths@2.2.1
2904 verbose rebuild bundle /Users/Duffis/Desktop/software.nosync/jams-journal-app/node_modules/envinfo
2905 info build /Users/Duffis/Desktop/software.nosync/jams-journal-app/node_modules/envinfo
2906 info preinstall envinfo@7.21.0
2907 info linkStuff envinfo@7.21.0
2908 silly linkStuff envinfo@7.21.0 has /Users/Duffis/Desktop/software.nosync/jams-journal-app/node_modules as its parent node_modules
2909 verbose linkBins envinfo@7.21.0
2910 verbose link bins [
2910 verbose link bins   { envinfo: 'dist/cli.js' },
2910 verbose link bins   '/Users/Duffis/Desktop/software.nosync/jams-journal-app/node_modules/.bin',
2910 verbose link bins   false
2910 verbose link bins ]
2911 verbose linkMans envinfo@7.21.0
2912 verbose rebuildBundles envinfo@7.21.0
2913 silly gentlyRm /Users/Duffis/Desktop/software.nosync/jams-journal-app/node_modules/.bin/envinfo is being purged
2914 verbose gentlyRm don't care about contents; nuking /Users/Duffis/Desktop/software.nosync/jams-journal-app/node_modules/.bin/envinfo
2915 silly vacuum-fs purging /Users/Duffis/Desktop/software.nosync/jams-journal-app/node_modules/.bin/envinfo
2916 silly vacuum-fs quitting because other entries in /Users/Duffis/Desktop/software.nosync/jams-journal-app/node_modules/.bin
2917 info install envinfo@7.21.0
2918 info postinstall envinfo@7.21.0
2919 verbose rebuild bundle /Users/Duffis/Desktop/software.nosync/jams-journal-app/node_modules/error-ex
2920 info build /Users/Duffis/Desktop/software.nosync/jams-journal-app/node_modules/error-ex
2921 info preinstall error-ex@1.3.4
2922 info linkStuff error-ex@1.3.4
2923 silly linkStuff error-ex@1.3.4 has /Users/Duffis/Desktop/software.nosync/jams-journal-app/node_modules as its parent node_modules
2924 verbose linkBins error-ex@1.3.4
2925 verbose linkMans error-ex@1.3.4
2926 verbose rebuildBundles error-ex@1.3.4
2927 info install error-ex@1.3.4
2928 info postinstall error-ex@1.3.4
2929 verbose rebuild bundle /Users/Duffis/Desktop/software.nosync/jams-journal-app/node_modules/error-stack-parser
2930 info build /Users/Duffis/Desktop/software.nosync/jams-journal-app/node_modules/error-stack-parser
2931 info preinstall error-stack-parser@2.1.4
2932 info linkStuff error-stack-parser@2.1.4
2933 silly linkStuff error-stack-parser@2.1.4 has /Users/Duffis/Desktop/software.nosync/jams-journal-app/node_modules as its parent node_modules
2934 verbose linkBins error-stack-parser@2.1.4
2935 verbose linkMans error-stack-parser@2.1.4
2936 verbose rebuildBundles error-stack-parser@2.1.4
2937 info install error-stack-parser@2.1.4
2938 info postinstall error-stack-parser@2.1.4
2939 verbose rebuild bundle /Users/Duffis/Desktop/software.nosync/jams-journal-app/node_modules/errorhandler
2940 info build /Users/Duffis/Desktop/software.nosync/jams-journal-app/node_modules/errorhandler
2941 info preinstall errorhandler@1.5.2
2942 info linkStuff errorhandler@1.5.2
2943 silly linkStuff errorhandler@1.5.2 has /Users/Duffis/Desktop/software.nosync/jams-journal-app/node_modules as its parent node_modules
2944 verbose linkBins errorhandler@1.5.2
2945 verbose linkMans errorhandler@1.5.2
2946 verbose rebuildBundles errorhandler@1.5.2
2947 info install errorhandler@1.5.2
2948 info postinstall errorhandler@1.5.2
2949 verbose rebuild bundle /Users/Duffis/Desktop/software.nosync/jams-journal-app/node_modules/es-define-property
2950 info build /Users/Duffis/Desktop/software.nosync/jams-journal-app/node_modules/es-define-property
2951 info preinstall es-define-property@1.0.1
2952 info linkStuff es-define-property@1.0.1
2953 silly linkStuff es-define-property@1.0.1 has /Users/Duffis/Desktop/software.nosync/jams-journal-app/node_modules as its parent node_modules
2954 verbose linkBins es-define-property@1.0.1
2955 verbose linkMans es-define-property@1.0.1
2956 verbose rebuildBundles es-define-property@1.0.1
2957 info install es-define-property@1.0.1
2958 info postinstall es-define-property@1.0.1
2959 verbose rebuild bundle /Users/Duffis/Desktop/software.nosync/jams-journal-app/node_modules/es-errors
2960 info build /Users/Duffis/Desktop/software.nosync/jams-journal-app/node_modules/es-errors
2961 info preinstall es-errors@1.3.0
2962 info linkStuff es-errors@1.3.0
2963 silly linkStuff es-errors@1.3.0 has /Users/Duffis/Desktop/software.nosync/jams-journal-app/node_modules as its parent node_modules
2964 verbose linkBins es-errors@1.3.0
2965 verbose linkMans es-errors@1.3.0
2966 verbose rebuildBundles es-errors@1.3.0
2967 info install es-errors@1.3.0
2968 info postinstall es-errors@1.3.0
2969 verbose rebuild bundle /Users/Duffis/Desktop/software.nosync/jams-journal-app/node_modules/es-object-atoms
2970 info build /Users/Duffis/Desktop/software.nosync/jams-journal-app/node_modules/es-object-atoms
2971 info preinstall es-object-atoms@1.1.1
2972 info linkStuff es-object-atoms@1.1.1
2973 silly linkStuff es-object-atoms@1.1.1 has /Users/Duffis/Desktop/software.nosync/jams-journal-app/node_modules as its parent node_modules
2974 verbose linkBins es-object-atoms@1.1.1
2975 verbose linkMans es-object-atoms@1.1.1
2976 verbose rebuildBundles es-object-atoms@1.1.1
2977 info install es-object-atoms@1.1.1
2978 info postinstall es-object-atoms@1.1.1
2979 verbose rebuild bundle /Users/Duffis/Desktop/software.nosync/jams-journal-app/node_modules/escalade
2980 info build /Users/Duffis/Desktop/software.nosync/jams-journal-app/node_modules/escalade
2981 info preinstall escalade@3.2.0
2982 info linkStuff escalade@3.2.0
2983 silly linkStuff escalade@3.2.0 has /Users/Duffis/Desktop/software.nosync/jams-journal-app/node_modules as its parent node_modules
2984 verbose linkBins escalade@3.2.0
2985 verbose linkMans escalade@3.2.0
2986 verbose rebuildBundles escalade@3.2.0
2987 info install escalade@3.2.0
2988 info postinstall escalade@3.2.0
2989 verbose rebuild bundle /Users/Duffis/Desktop/software.nosync/jams-journal-app/node_modules/escape-html
2990 info build /Users/Duffis/Desktop/software.nosync/jams-journal-app/node_modules/escape-html
2991 info preinstall escape-html@1.0.3
2992 info linkStuff escape-html@1.0.3
2993 silly linkStuff escape-html@1.0.3 has /Users/Duffis/Desktop/software.nosync/jams-journal-app/node_modules as its parent node_modules
2994 verbose linkBins escape-html@1.0.3
2995 verbose linkMans escape-html@1.0.3
2996 verbose rebuildBundles escape-html@1.0.3
2997 info install escape-html@1.0.3
2998 info postinstall escape-html@1.0.3
2999 verbose rebuild bundle /Users/Duffis/Desktop/software.nosync/jams-journal-app/node_modules/escape-string-regexp
3000 info build /Users/Duffis/Desktop/software.nosync/jams-journal-app/node_modules/escape-string-regexp
3001 info preinstall escape-string-regexp@4.0.0
3002 info linkStuff escape-string-regexp@4.0.0
3003 silly linkStuff escape-string-regexp@4.0.0 has /Users/Duffis/Desktop/software.nosync/jams-journal-app/node_modules as its parent node_modules
3004 verbose linkBins escape-string-regexp@4.0.0
3005 verbose linkMans escape-string-regexp@4.0.0
3006 verbose rebuildBundles escape-string-regexp@4.0.0
3007 info install escape-string-regexp@4.0.0
3008 info postinstall escape-string-regexp@4.0.0
3009 verbose rebuild bundle /Users/Duffis/Desktop/software.nosync/jams-journal-app/node_modules/esprima
3010 info build /Users/Duffis/Desktop/software.nosync/jams-journal-app/node_modules/esprima
3011 info preinstall esprima@4.0.1
3012 info linkStuff esprima@4.0.1
3013 silly linkStuff esprima@4.0.1 has /Users/Duffis/Desktop/software.nosync/jams-journal-app/node_modules as its parent node_modules
3014 verbose linkBins esprima@4.0.1
3015 verbose link bins [
3015 verbose link bins   { esparse: './bin/esparse.js', esvalidate: './bin/esvalidate.js' },
3015 verbose link bins   '/Users/Duffis/Desktop/software.nosync/jams-journal-app/node_modules/.bin',
3015 verbose link bins   false
3015 verbose link bins ]
3016 verbose linkMans esprima@4.0.1
3017 verbose rebuildBundles esprima@4.0.1
3018 silly gentlyRm /Users/Duffis/Desktop/software.nosync/jams-journal-app/node_modules/.bin/esparse is being purged
3019 verbose gentlyRm don't care about contents; nuking /Users/Duffis/Desktop/software.nosync/jams-journal-app/node_modules/.bin/esparse
3020 silly gentlyRm /Users/Duffis/Desktop/software.nosync/jams-journal-app/node_modules/.bin/esvalidate is being purged
3021 verbose gentlyRm don't care about contents; nuking /Users/Duffis/Desktop/software.nosync/jams-journal-app/node_modules/.bin/esvalidate
3022 silly vacuum-fs purging /Users/Duffis/Desktop/software.nosync/jams-journal-app/node_modules/.bin/esparse
3023 silly vacuum-fs purging /Users/Duffis/Desktop/software.nosync/jams-journal-app/node_modules/.bin/esvalidate
3024 silly vacuum-fs quitting because other entries in /Users/Duffis/Desktop/software.nosync/jams-journal-app/node_modules/.bin
3025 silly vacuum-fs quitting because other entries in /Users/Duffis/Desktop/software.nosync/jams-journal-app/node_modules/.bin
3026 info install esprima@4.0.1
3027 info postinstall esprima@4.0.1
3028 verbose rebuild bundle /Users/Duffis/Desktop/software.nosync/jams-journal-app/node_modules/etag
3029 info build /Users/Duffis/Desktop/software.nosync/jams-journal-app/node_modules/etag
3030 info preinstall etag@1.8.1
3031 info linkStuff etag@1.8.1
3032 silly linkStuff etag@1.8.1 has /Users/Duffis/Desktop/software.nosync/jams-journal-app/node_modules as its parent node_modules
3033 verbose linkBins etag@1.8.1
3034 verbose linkMans etag@1.8.1
3035 verbose rebuildBundles etag@1.8.1
3036 info install etag@1.8.1
3037 info postinstall etag@1.8.1
3038 verbose rebuild bundle /Users/Duffis/Desktop/software.nosync/jams-journal-app/node_modules/event-target-shim
3039 info build /Users/Duffis/Desktop/software.nosync/jams-journal-app/node_modules/event-target-shim
3040 info preinstall event-target-shim@5.0.1
3041 info linkStuff event-target-shim@5.0.1
3042 silly linkStuff event-target-shim@5.0.1 has /Users/Duffis/Desktop/software.nosync/jams-journal-app/node_modules as its parent node_modules
3043 verbose linkBins event-target-shim@5.0.1
3044 verbose linkMans event-target-shim@5.0.1
3045 verbose rebuildBundles event-target-shim@5.0.1
3046 info install event-target-shim@5.0.1
3047 info postinstall event-target-shim@5.0.1
3048 verbose rebuild bundle /Users/Duffis/Desktop/software.nosync/jams-journal-app/node_modules/events
3049 info build /Users/Duffis/Desktop/software.nosync/jams-journal-app/node_modules/events
3050 info preinstall events@3.3.0
3051 info linkStuff events@3.3.0
3052 silly linkStuff events@3.3.0 has /Users/Duffis/Desktop/software.nosync/jams-journal-app/node_modules as its parent node_modules
3053 verbose linkBins events@3.3.0
3054 verbose linkMans events@3.3.0
3055 verbose rebuildBundles events@3.3.0
3056 info install events@3.3.0
3057 info postinstall events@3.3.0
3058 verbose rebuild bundle /Users/Duffis/Desktop/software.nosync/jams-journal-app/node_modules/exec-async
3059 info build /Users/Duffis/Desktop/software.nosync/jams-journal-app/node_modules/exec-async
3060 info preinstall exec-async@2.2.0
3061 info linkStuff exec-async@2.2.0
3062 silly linkStuff exec-async@2.2.0 has /Users/Duffis/Desktop/software.nosync/jams-journal-app/node_modules as its parent node_modules
3063 verbose linkBins exec-async@2.2.0
3064 verbose linkMans exec-async@2.2.0
3065 verbose rebuildBundles exec-async@2.2.0
3066 info install exec-async@2.2.0
3067 info postinstall exec-async@2.2.0
3068 verbose rebuild bundle /Users/Duffis/Desktop/software.nosync/jams-journal-app/node_modules/execa
3069 info build /Users/Duffis/Desktop/software.nosync/jams-journal-app/node_modules/execa
3070 info preinstall execa@5.1.1
3071 info linkStuff execa@5.1.1
3072 silly linkStuff execa@5.1.1 has /Users/Duffis/Desktop/software.nosync/jams-journal-app/node_modules as its parent node_modules
3073 verbose linkBins execa@5.1.1
3074 verbose linkMans execa@5.1.1
3075 verbose rebuildBundles execa@5.1.1
3076 info install execa@5.1.1
3077 info postinstall execa@5.1.1
3078 verbose rebuild bundle /Users/Duffis/Desktop/software.nosync/jams-journal-app/node_modules/expo-asset
3079 info build /Users/Duffis/Desktop/software.nosync/jams-journal-app/node_modules/expo-asset
3080 info preinstall expo-asset@12.0.12
3081 info linkStuff expo-asset@12.0.12
3082 silly linkStuff expo-asset@12.0.12 has /Users/Duffis/Desktop/software.nosync/jams-journal-app/node_modules as its parent node_modules
3083 verbose linkBins expo-asset@12.0.12
3084 verbose linkMans expo-asset@12.0.12
3085 verbose rebuildBundles expo-asset@12.0.12
3086 info install expo-asset@12.0.12
3087 info postinstall expo-asset@12.0.12
3088 verbose rebuild bundle /Users/Duffis/Desktop/software.nosync/jams-journal-app/node_modules/expo-file-system
3089 info build /Users/Duffis/Desktop/software.nosync/jams-journal-app/node_modules/expo-file-system
3090 info preinstall expo-file-system@19.0.21
3091 info linkStuff expo-file-system@19.0.21
3092 silly linkStuff expo-file-system@19.0.21 has /Users/Duffis/Desktop/software.nosync/jams-journal-app/node_modules as its parent node_modules
3093 verbose linkBins expo-file-system@19.0.21
3094 verbose linkMans expo-file-system@19.0.21
3095 verbose rebuildBundles expo-file-system@19.0.21
3096 info install expo-file-system@19.0.21
3097 info postinstall expo-file-system@19.0.21
3098 verbose rebuild bundle /Users/Duffis/Desktop/software.nosync/jams-journal-app/node_modules/expo-keep-awake
3099 info build /Users/Duffis/Desktop/software.nosync/jams-journal-app/node_modules/expo-keep-awake
3100 info preinstall expo-keep-awake@15.0.8
3101 info linkStuff expo-keep-awake@15.0.8
3102 silly linkStuff expo-keep-awake@15.0.8 has /Users/Duffis/Desktop/software.nosync/jams-journal-app/node_modules as its parent node_modules
3103 verbose linkBins expo-keep-awake@15.0.8
3104 verbose linkMans expo-keep-awake@15.0.8
3105 verbose rebuildBundles expo-keep-awake@15.0.8
3106 info install expo-keep-awake@15.0.8
3107 info postinstall expo-keep-awake@15.0.8
3108 verbose rebuild bundle /Users/Duffis/Desktop/software.nosync/jams-journal-app/node_modules/expo-modules-autolinking
3109 info build /Users/Duffis/Desktop/software.nosync/jams-journal-app/node_modules/expo-modules-autolinking
3110 info preinstall expo-modules-autolinking@3.0.24
3111 info linkStuff expo-modules-autolinking@3.0.24
3112 silly linkStuff expo-modules-autolinking@3.0.24 has /Users/Duffis/Desktop/software.nosync/jams-journal-app/node_modules as its parent node_modules
3113 verbose linkBins expo-modules-autolinking@3.0.24
3114 verbose link bins [
3114 verbose link bins   { 'expo-modules-autolinking': 'bin/expo-modules-autolinking.js' },
3114 verbose link bins   '/Users/Duffis/Desktop/software.nosync/jams-journal-app/node_modules/.bin',
3114 verbose link bins   false
3114 verbose link bins ]
3115 verbose linkMans expo-modules-autolinking@3.0.24
3116 verbose rebuildBundles expo-modules-autolinking@3.0.24
3117 verbose rebuildBundles [ 'commander' ]
3118 silly gentlyRm /Users/Duffis/Desktop/software.nosync/jams-journal-app/node_modules/.bin/expo-modules-autolinking is being purged
3119 verbose gentlyRm don't care about contents; nuking /Users/Duffis/Desktop/software.nosync/jams-journal-app/node_modules/.bin/expo-modules-autolinking
3120 silly vacuum-fs purging /Users/Duffis/Desktop/software.nosync/jams-journal-app/node_modules/.bin/expo-modules-autolinking
3121 silly vacuum-fs quitting because other entries in /Users/Duffis/Desktop/software.nosync/jams-journal-app/node_modules/.bin
3122 info install expo-modules-autolinking@3.0.24
3123 info postinstall expo-modules-autolinking@3.0.24
3124 verbose rebuild bundle /Users/Duffis/Desktop/software.nosync/jams-journal-app/node_modules/expo-modules-core
3125 info build /Users/Duffis/Desktop/software.nosync/jams-journal-app/node_modules/expo-modules-core
3126 info preinstall expo-modules-core@3.0.29
3127 info linkStuff expo-modules-core@3.0.29
3128 silly linkStuff expo-modules-core@3.0.29 has /Users/Duffis/Desktop/software.nosync/jams-journal-app/node_modules as its parent node_modules
3129 verbose linkBins expo-modules-core@3.0.29
3130 verbose linkMans expo-modules-core@3.0.29
3131 verbose rebuildBundles expo-modules-core@3.0.29
3132 info install expo-modules-core@3.0.29
3133 info postinstall expo-modules-core@3.0.29
3134 verbose rebuild bundle /Users/Duffis/Desktop/software.nosync/jams-journal-app/node_modules/expo-server
3135 info build /Users/Duffis/Desktop/software.nosync/jams-journal-app/node_modules/expo-server
3136 info preinstall expo-server@1.0.5
3137 info linkStuff expo-server@1.0.5
3138 silly linkStuff expo-server@1.0.5 has /Users/Duffis/Desktop/software.nosync/jams-journal-app/node_modules as its parent node_modules
3139 verbose linkBins expo-server@1.0.5
3140 verbose linkMans expo-server@1.0.5
3141 verbose rebuildBundles expo-server@1.0.5
3142 info install expo-server@1.0.5
3143 info postinstall expo-server@1.0.5
3144 verbose rebuild bundle /Users/Duffis/Desktop/software.nosync/jams-journal-app/node_modules/exponential-backoff
3145 info build /Users/Duffis/Desktop/software.nosync/jams-journal-app/node_modules/exponential-backoff
3146 info preinstall exponential-backoff@3.1.3
3147 info linkStuff exponential-backoff@3.1.3
3148 silly linkStuff exponential-backoff@3.1.3 has /Users/Duffis/Desktop/software.nosync/jams-journal-app/node_modules as its parent node_modules
3149 verbose linkBins exponential-backoff@3.1.3
3150 verbose linkMans exponential-backoff@3.1.3
3151 verbose rebuildBundles exponential-backoff@3.1.3
3152 info install exponential-backoff@3.1.3
3153 info postinstall exponential-backoff@3.1.3
3154 verbose rebuild bundle /Users/Duffis/Desktop/software.nosync/jams-journal-app/node_modules/fast-deep-equal
3155 info build /Users/Duffis/Desktop/software.nosync/jams-journal-app/node_modules/fast-deep-equal
3156 info preinstall fast-deep-equal@3.1.3
3157 info linkStuff fast-deep-equal@3.1.3
3158 silly linkStuff fast-deep-equal@3.1.3 has /Users/Duffis/Desktop/software.nosync/jams-journal-app/node_modules as its parent node_modules
3159 verbose linkBins fast-deep-equal@3.1.3
3160 verbose linkMans fast-deep-equal@3.1.3
3161 verbose rebuildBundles fast-deep-equal@3.1.3
3162 info install fast-deep-equal@3.1.3
3163 info postinstall fast-deep-equal@3.1.3
3164 verbose rebuild bundle /Users/Duffis/Desktop/software.nosync/jams-journal-app/node_modules/fast-glob
3165 info build /Users/Duffis/Desktop/software.nosync/jams-journal-app/node_modules/fast-glob
3166 info preinstall fast-glob@3.3.3
3167 info linkStuff fast-glob@3.3.3
3168 silly linkStuff fast-glob@3.3.3 has /Users/Duffis/Desktop/software.nosync/jams-journal-app/node_modules as its parent node_modules
3169 verbose linkBins fast-glob@3.3.3
3170 verbose linkMans fast-glob@3.3.3
3171 verbose rebuildBundles fast-glob@3.3.3
3172 info install fast-glob@3.3.3
3173 info postinstall fast-glob@3.3.3
3174 verbose rebuild bundle /Users/Duffis/Desktop/software.nosync/jams-journal-app/node_modules/fast-json-stable-stringify
3175 info build /Users/Duffis/Desktop/software.nosync/jams-journal-app/node_modules/fast-json-stable-stringify
3176 info preinstall fast-json-stable-stringify@2.1.0
3177 info linkStuff fast-json-stable-stringify@2.1.0
3178 silly linkStuff fast-json-stable-stringify@2.1.0 has /Users/Duffis/Desktop/software.nosync/jams-journal-app/node_modules as its parent node_modules
3179 verbose linkBins fast-json-stable-stringify@2.1.0
3180 verbose linkMans fast-json-stable-stringify@2.1.0
3181 verbose rebuildBundles fast-json-stable-stringify@2.1.0
3182 info install fast-json-stable-stringify@2.1.0
3183 info postinstall fast-json-stable-stringify@2.1.0
3184 verbose rebuild bundle /Users/Duffis/Desktop/software.nosync/jams-journal-app/node_modules/fast-xml-parser
3185 info build /Users/Duffis/Desktop/software.nosync/jams-journal-app/node_modules/fast-xml-parser
3186 info preinstall fast-xml-parser@4.5.3
3187 info linkStuff fast-xml-parser@4.5.3
3188 silly linkStuff fast-xml-parser@4.5.3 has /Users/Duffis/Desktop/software.nosync/jams-journal-app/node_modules as its parent node_modules
3189 verbose linkBins fast-xml-parser@4.5.3
3190 verbose link bins [
3190 verbose link bins   { fxparser: './src/cli/cli.js' },
3190 verbose link bins   '/Users/Duffis/Desktop/software.nosync/jams-journal-app/node_modules/.bin',
3190 verbose link bins   false
3190 verbose link bins ]
3191 verbose linkMans fast-xml-parser@4.5.3
3192 verbose rebuildBundles fast-xml-parser@4.5.3
3193 silly gentlyRm /Users/Duffis/Desktop/software.nosync/jams-journal-app/node_modules/.bin/fxparser is being purged
3194 verbose gentlyRm don't care about contents; nuking /Users/Duffis/Desktop/software.nosync/jams-journal-app/node_modules/.bin/fxparser
3195 silly vacuum-fs purging /Users/Duffis/Desktop/software.nosync/jams-journal-app/node_modules/.bin/fxparser
3196 silly vacuum-fs quitting because other entries in /Users/Duffis/Desktop/software.nosync/jams-journal-app/node_modules/.bin
3197 info install fast-xml-parser@4.5.3
3198 info postinstall fast-xml-parser@4.5.3
3199 verbose rebuild bundle /Users/Duffis/Desktop/software.nosync/jams-journal-app/node_modules/fastq
3200 info build /Users/Duffis/Desktop/software.nosync/jams-journal-app/node_modules/fastq
3201 info preinstall fastq@1.20.1
3202 info linkStuff fastq@1.20.1
3203 silly linkStuff fastq@1.20.1 has /Users/Duffis/Desktop/software.nosync/jams-journal-app/node_modules as its parent node_modules
3204 verbose linkBins fastq@1.20.1
3205 verbose linkMans fastq@1.20.1
3206 verbose rebuildBundles fastq@1.20.1
3207 info install fastq@1.20.1
3208 info postinstall fastq@1.20.1
3209 verbose rebuild bundle /Users/Duffis/Desktop/software.nosync/jams-journal-app/node_modules/fb-watchman
3210 info build /Users/Duffis/Desktop/software.nosync/jams-journal-app/node_modules/fb-watchman
3211 info preinstall fb-watchman@2.0.2
3212 info linkStuff fb-watchman@2.0.2
3213 silly linkStuff fb-watchman@2.0.2 has /Users/Duffis/Desktop/software.nosync/jams-journal-app/node_modules as its parent node_modules
3214 verbose linkBins fb-watchman@2.0.2
3215 verbose linkMans fb-watchman@2.0.2
3216 verbose rebuildBundles fb-watchman@2.0.2
3217 info install fb-watchman@2.0.2
3218 info postinstall fb-watchman@2.0.2
3219 verbose rebuild bundle /Users/Duffis/Desktop/software.nosync/jams-journal-app/node_modules/fbjs
3220 info build /Users/Duffis/Desktop/software.nosync/jams-journal-app/node_modules/fbjs
3221 info preinstall fbjs@3.0.5
3222 info linkStuff fbjs@3.0.5
3223 silly linkStuff fbjs@3.0.5 has /Users/Duffis/Desktop/software.nosync/jams-journal-app/node_modules as its parent node_modules
3224 verbose linkBins fbjs@3.0.5
3225 verbose linkMans fbjs@3.0.5
3226 verbose rebuildBundles fbjs@3.0.5
3227 verbose rebuildBundles [ 'promise' ]
3228 info install fbjs@3.0.5
3229 info postinstall fbjs@3.0.5
3230 verbose rebuild bundle /Users/Duffis/Desktop/software.nosync/jams-journal-app/node_modules/fbjs-css-vars
3231 info build /Users/Duffis/Desktop/software.nosync/jams-journal-app/node_modules/fbjs-css-vars
3232 info preinstall fbjs-css-vars@1.0.2
3233 info linkStuff fbjs-css-vars@1.0.2
3234 silly linkStuff fbjs-css-vars@1.0.2 has /Users/Duffis/Desktop/software.nosync/jams-journal-app/node_modules as its parent node_modules
3235 verbose linkBins fbjs-css-vars@1.0.2
3236 verbose linkMans fbjs-css-vars@1.0.2
3237 verbose rebuildBundles fbjs-css-vars@1.0.2
3238 info install fbjs-css-vars@1.0.2
3239 info postinstall fbjs-css-vars@1.0.2
3240 verbose rebuild bundle /Users/Duffis/Desktop/software.nosync/jams-journal-app/node_modules/fdir
3241 info build /Users/Duffis/Desktop/software.nosync/jams-journal-app/node_modules/fdir
3242 info preinstall fdir@6.5.0
3243 info linkStuff fdir@6.5.0
3244 silly linkStuff fdir@6.5.0 has /Users/Duffis/Desktop/software.nosync/jams-journal-app/node_modules as its parent node_modules
3245 verbose linkBins fdir@6.5.0
3246 verbose linkMans fdir@6.5.0
3247 verbose rebuildBundles fdir@6.5.0
3248 info install fdir@6.5.0
3249 info postinstall fdir@6.5.0
3250 verbose rebuild bundle /Users/Duffis/Desktop/software.nosync/jams-journal-app/node_modules/fill-range
3251 info build /Users/Duffis/Desktop/software.nosync/jams-journal-app/node_modules/fill-range
3252 info preinstall fill-range@7.1.1
3253 info linkStuff fill-range@7.1.1
3254 silly linkStuff fill-range@7.1.1 has /Users/Duffis/Desktop/software.nosync/jams-journal-app/node_modules as its parent node_modules
3255 verbose linkBins fill-range@7.1.1
3256 verbose linkMans fill-range@7.1.1
3257 verbose rebuildBundles fill-range@7.1.1
3258 info install fill-range@7.1.1
3259 info postinstall fill-range@7.1.1
3260 verbose rebuild bundle /Users/Duffis/Desktop/software.nosync/jams-journal-app/node_modules/filter-obj
3261 info build /Users/Duffis/Desktop/software.nosync/jams-journal-app/node_modules/filter-obj
3262 info preinstall filter-obj@1.1.0
3263 info linkStuff filter-obj@1.1.0
3264 silly linkStuff filter-obj@1.1.0 has /Users/Duffis/Desktop/software.nosync/jams-journal-app/node_modules as its parent node_modules
3265 verbose linkBins filter-obj@1.1.0
3266 verbose linkMans filter-obj@1.1.0
3267 verbose rebuildBundles filter-obj@1.1.0
3268 info install filter-obj@1.1.0
3269 info postinstall filter-obj@1.1.0
3270 verbose rebuild bundle /Users/Duffis/Desktop/software.nosync/jams-journal-app/node_modules/finalhandler
3271 info build /Users/Duffis/Desktop/software.nosync/jams-journal-app/node_modules/finalhandler
3272 info preinstall finalhandler@1.1.2
3273 info linkStuff finalhandler@1.1.2
3274 silly linkStuff finalhandler@1.1.2 has /Users/Duffis/Desktop/software.nosync/jams-journal-app/node_modules as its parent node_modules
3275 verbose linkBins finalhandler@1.1.2
3276 verbose linkMans finalhandler@1.1.2
3277 verbose rebuildBundles finalhandler@1.1.2
3278 verbose rebuildBundles [ 'debug', 'ms', 'on-finished' ]
3279 verbose rebuild bundle /Users/Duffis/Desktop/software.nosync/jams-journal-app/node_modules/finalhandler/node_modules/ms
3280 info build /Users/Duffis/Desktop/software.nosync/jams-journal-app/node_modules/finalhandler/node_modules/ms
3281 info preinstall ms@2.0.0
3282 info linkStuff ms@2.0.0
3283 silly linkStuff ms@2.0.0 has /Users/Duffis/Desktop/software.nosync/jams-journal-app/node_modules/finalhandler/node_modules as its parent node_modules
3284 verbose linkBins ms@2.0.0
3285 verbose linkMans ms@2.0.0
3286 verbose rebuildBundles ms@2.0.0
3287 info install ms@2.0.0
3288 info postinstall ms@2.0.0
3289 info install finalhandler@1.1.2
3290 info postinstall finalhandler@1.1.2
3291 verbose rebuild bundle /Users/Duffis/Desktop/software.nosync/jams-journal-app/node_modules/find-up
3292 info build /Users/Duffis/Desktop/software.nosync/jams-journal-app/node_modules/find-up
3293 info preinstall find-up@5.0.0
3294 info linkStuff find-up@5.0.0
3295 silly linkStuff find-up@5.0.0 has /Users/Duffis/Desktop/software.nosync/jams-journal-app/node_modules as its parent node_modules
3296 verbose linkBins find-up@5.0.0
3297 verbose linkMans find-up@5.0.0
3298 verbose rebuildBundles find-up@5.0.0
3299 info install find-up@5.0.0
3300 info postinstall find-up@5.0.0
3301 verbose rebuild bundle /Users/Duffis/Desktop/software.nosync/jams-journal-app/node_modules/flow-enums-runtime
3302 info build /Users/Duffis/Desktop/software.nosync/jams-journal-app/node_modules/flow-enums-runtime
3303 info preinstall flow-enums-runtime@0.0.6
3304 info linkStuff flow-enums-runtime@0.0.6
3305 silly linkStuff flow-enums-runtime@0.0.6 has /Users/Duffis/Desktop/software.nosync/jams-journal-app/node_modules as its parent node_modules
3306 verbose linkBins flow-enums-runtime@0.0.6
3307 verbose linkMans flow-enums-runtime@0.0.6
3308 verbose rebuildBundles flow-enums-runtime@0.0.6
3309 info install flow-enums-runtime@0.0.6
3310 info postinstall flow-enums-runtime@0.0.6
3311 verbose rebuild bundle /Users/Duffis/Desktop/software.nosync/jams-journal-app/node_modules/fontfaceobserver
3312 info build /Users/Duffis/Desktop/software.nosync/jams-journal-app/node_modules/fontfaceobserver
3313 info preinstall fontfaceobserver@2.3.0
3314 info linkStuff fontfaceobserver@2.3.0
3315 silly linkStuff fontfaceobserver@2.3.0 has /Users/Duffis/Desktop/software.nosync/jams-journal-app/node_modules as its parent node_modules
3316 verbose linkBins fontfaceobserver@2.3.0
3317 verbose linkMans fontfaceobserver@2.3.0
3318 verbose rebuildBundles fontfaceobserver@2.3.0
3319 info install fontfaceobserver@2.3.0
3320 info postinstall fontfaceobserver@2.3.0
3321 verbose rebuild bundle /Users/Duffis/Desktop/software.nosync/jams-journal-app/node_modules/freeport-async
3322 info build /Users/Duffis/Desktop/software.nosync/jams-journal-app/node_modules/freeport-async
3323 info preinstall freeport-async@2.0.0
3324 info linkStuff freeport-async@2.0.0
3325 silly linkStuff freeport-async@2.0.0 has /Users/Duffis/Desktop/software.nosync/jams-journal-app/node_modules as its parent node_modules
3326 verbose linkBins freeport-async@2.0.0
3327 verbose linkMans freeport-async@2.0.0
3328 verbose rebuildBundles freeport-async@2.0.0
3329 info install freeport-async@2.0.0
3330 info postinstall freeport-async@2.0.0
3331 verbose rebuild bundle /Users/Duffis/Desktop/software.nosync/jams-journal-app/node_modules/fresh
3332 info build /Users/Duffis/Desktop/software.nosync/jams-journal-app/node_modules/fresh
3333 info preinstall fresh@0.5.2
3334 info linkStuff fresh@0.5.2
3335 silly linkStuff fresh@0.5.2 has /Users/Duffis/Desktop/software.nosync/jams-journal-app/node_modules as its parent node_modules
3336 verbose linkBins fresh@0.5.2
3337 verbose linkMans fresh@0.5.2
3338 verbose rebuildBundles fresh@0.5.2
3339 info install fresh@0.5.2
3340 info postinstall fresh@0.5.2
3341 verbose rebuild bundle /Users/Duffis/Desktop/software.nosync/jams-journal-app/node_modules/fs-extra
3342 info build /Users/Duffis/Desktop/software.nosync/jams-journal-app/node_modules/fs-extra
3343 info preinstall fs-extra@8.1.0
3344 info linkStuff fs-extra@8.1.0
3345 silly linkStuff fs-extra@8.1.0 has /Users/Duffis/Desktop/software.nosync/jams-journal-app/node_modules as its parent node_modules
3346 verbose linkBins fs-extra@8.1.0
3347 verbose linkMans fs-extra@8.1.0
3348 verbose rebuildBundles fs-extra@8.1.0
3349 info install fs-extra@8.1.0
3350 info postinstall fs-extra@8.1.0
3351 verbose rebuild bundle /Users/Duffis/Desktop/software.nosync/jams-journal-app/node_modules/fs.realpath
3352 info build /Users/Duffis/Desktop/software.nosync/jams-journal-app/node_modules/fs.realpath
3353 info preinstall fs.realpath@1.0.0
3354 info linkStuff fs.realpath@1.0.0
3355 silly linkStuff fs.realpath@1.0.0 has /Users/Duffis/Desktop/software.nosync/jams-journal-app/node_modules as its parent node_modules
3356 verbose linkBins fs.realpath@1.0.0
3357 verbose linkMans fs.realpath@1.0.0
3358 verbose rebuildBundles fs.realpath@1.0.0
3359 info install fs.realpath@1.0.0
3360 info postinstall fs.realpath@1.0.0
3361 verbose rebuild bundle /Users/Duffis/Desktop/software.nosync/jams-journal-app/node_modules/fsevents
3362 info build /Users/Duffis/Desktop/software.nosync/jams-journal-app/node_modules/fsevents
3363 info preinstall fsevents@2.3.3
3364 info linkStuff fsevents@2.3.3
3365 silly linkStuff fsevents@2.3.3 has /Users/Duffis/Desktop/software.nosync/jams-journal-app/node_modules as its parent node_modules
3366 verbose linkBins fsevents@2.3.3
3367 verbose linkMans fsevents@2.3.3
3368 verbose rebuildBundles fsevents@2.3.3
3369 info install fsevents@2.3.3
3370 info postinstall fsevents@2.3.3
3371 verbose rebuild bundle /Users/Duffis/Desktop/software.nosync/jams-journal-app/node_modules/function-bind
3372 info build /Users/Duffis/Desktop/software.nosync/jams-journal-app/node_modules/function-bind
3373 info preinstall function-bind@1.1.2
3374 info linkStuff function-bind@1.1.2
3375 silly linkStuff function-bind@1.1.2 has /Users/Duffis/Desktop/software.nosync/jams-journal-app/node_modules as its parent node_modules
3376 verbose linkBins function-bind@1.1.2
3377 verbose linkMans function-bind@1.1.2
3378 verbose rebuildBundles function-bind@1.1.2
3379 info install function-bind@1.1.2
3380 info postinstall function-bind@1.1.2
3381 verbose rebuild bundle /Users/Duffis/Desktop/software.nosync/jams-journal-app/node_modules/gensync
3382 info build /Users/Duffis/Desktop/software.nosync/jams-journal-app/node_modules/gensync
3383 info preinstall gensync@1.0.0-beta.2
3384 info linkStuff gensync@1.0.0-beta.2
3385 silly linkStuff gensync@1.0.0-beta.2 has /Users/Duffis/Desktop/software.nosync/jams-journal-app/node_modules as its parent node_modules
3386 verbose linkBins gensync@1.0.0-beta.2
3387 verbose linkMans gensync@1.0.0-beta.2
3388 verbose rebuildBundles gensync@1.0.0-beta.2
3389 info install gensync@1.0.0-beta.2
3390 info postinstall gensync@1.0.0-beta.2
3391 verbose rebuild bundle /Users/Duffis/Desktop/software.nosync/jams-journal-app/node_modules/get-caller-file
3392 info build /Users/Duffis/Desktop/software.nosync/jams-journal-app/node_modules/get-caller-file
3393 info preinstall get-caller-file@2.0.5
3394 info linkStuff get-caller-file@2.0.5
3395 silly linkStuff get-caller-file@2.0.5 has /Users/Duffis/Desktop/software.nosync/jams-journal-app/node_modules as its parent node_modules
3396 verbose linkBins get-caller-file@2.0.5
3397 verbose linkMans get-caller-file@2.0.5
3398 verbose rebuildBundles get-caller-file@2.0.5
3399 info install get-caller-file@2.0.5
3400 info postinstall get-caller-file@2.0.5
3401 verbose rebuild bundle /Users/Duffis/Desktop/software.nosync/jams-journal-app/node_modules/get-intrinsic
3402 info build /Users/Duffis/Desktop/software.nosync/jams-journal-app/node_modules/get-intrinsic
3403 info preinstall get-intrinsic@1.3.0
3404 info linkStuff get-intrinsic@1.3.0
3405 silly linkStuff get-intrinsic@1.3.0 has /Users/Duffis/Desktop/software.nosync/jams-journal-app/node_modules as its parent node_modules
3406 verbose linkBins get-intrinsic@1.3.0
3407 verbose linkMans get-intrinsic@1.3.0
3408 verbose rebuildBundles get-intrinsic@1.3.0
3409 info install get-intrinsic@1.3.0
3410 info postinstall get-intrinsic@1.3.0
3411 verbose rebuild bundle /Users/Duffis/Desktop/software.nosync/jams-journal-app/node_modules/get-package-type
3412 info build /Users/Duffis/Desktop/software.nosync/jams-journal-app/node_modules/get-package-type
3413 info preinstall get-package-type@0.1.0
3414 info linkStuff get-package-type@0.1.0
3415 silly linkStuff get-package-type@0.1.0 has /Users/Duffis/Desktop/software.nosync/jams-journal-app/node_modules as its parent node_modules
3416 verbose linkBins get-package-type@0.1.0
3417 verbose linkMans get-package-type@0.1.0
3418 verbose rebuildBundles get-package-type@0.1.0
3419 info install get-package-type@0.1.0
3420 info postinstall get-package-type@0.1.0
3421 verbose rebuild bundle /Users/Duffis/Desktop/software.nosync/jams-journal-app/node_modules/get-proto
3422 info build /Users/Duffis/Desktop/software.nosync/jams-journal-app/node_modules/get-proto
3423 info preinstall get-proto@1.0.1
3424 info linkStuff get-proto@1.0.1
3425 silly linkStuff get-proto@1.0.1 has /Users/Duffis/Desktop/software.nosync/jams-journal-app/node_modules as its parent node_modules
3426 verbose linkBins get-proto@1.0.1
3427 verbose linkMans get-proto@1.0.1
3428 verbose rebuildBundles get-proto@1.0.1
3429 info install get-proto@1.0.1
3430 info postinstall get-proto@1.0.1
3431 verbose rebuild bundle /Users/Duffis/Desktop/software.nosync/jams-journal-app/node_modules/get-stream
3432 info build /Users/Duffis/Desktop/software.nosync/jams-journal-app/node_modules/get-stream
3433 info preinstall get-stream@6.0.1
3434 info linkStuff get-stream@6.0.1
3435 silly linkStuff get-stream@6.0.1 has /Users/Duffis/Desktop/software.nosync/jams-journal-app/node_modules as its parent node_modules
3436 verbose linkBins get-stream@6.0.1
3437 verbose linkMans get-stream@6.0.1
3438 verbose rebuildBundles get-stream@6.0.1
3439 info install get-stream@6.0.1
3440 info postinstall get-stream@6.0.1
3441 verbose rebuild bundle /Users/Duffis/Desktop/software.nosync/jams-journal-app/node_modules/getenv
3442 info build /Users/Duffis/Desktop/software.nosync/jams-journal-app/node_modules/getenv
3443 info preinstall getenv@2.0.0
3444 info linkStuff getenv@2.0.0
3445 silly linkStuff getenv@2.0.0 has /Users/Duffis/Desktop/software.nosync/jams-journal-app/node_modules as its parent node_modules
3446 verbose linkBins getenv@2.0.0
3447 verbose linkMans getenv@2.0.0
3448 verbose rebuildBundles getenv@2.0.0
3449 info install getenv@2.0.0
3450 info postinstall getenv@2.0.0
3451 verbose rebuild bundle /Users/Duffis/Desktop/software.nosync/jams-journal-app/node_modules/glob
3452 info build /Users/Duffis/Desktop/software.nosync/jams-journal-app/node_modules/glob
3453 info preinstall glob@13.0.6
3454 info linkStuff glob@13.0.6
3455 silly linkStuff glob@13.0.6 has /Users/Duffis/Desktop/software.nosync/jams-journal-app/node_modules as its parent node_modules
3456 verbose linkBins glob@13.0.6
3457 verbose linkMans glob@13.0.6
3458 verbose rebuildBundles glob@13.0.6
3459 verbose rebuildBundles [ 'balanced-match', 'brace-expansion', 'minimatch' ]
3460 verbose rebuild bundle /Users/Duffis/Desktop/software.nosync/jams-journal-app/node_modules/glob/node_modules/balanced-match
3461 info build /Users/Duffis/Desktop/software.nosync/jams-journal-app/node_modules/glob/node_modules/balanced-match
3462 info preinstall balanced-match@4.0.3
3463 info linkStuff balanced-match@4.0.3
3464 silly linkStuff balanced-match@4.0.3 has /Users/Duffis/Desktop/software.nosync/jams-journal-app/node_modules/glob/node_modules as its parent node_modules
3465 verbose linkBins balanced-match@4.0.3
3466 verbose linkMans balanced-match@4.0.3
3467 verbose rebuildBundles balanced-match@4.0.3
3468 info install balanced-match@4.0.3
3469 info postinstall balanced-match@4.0.3
3470 verbose rebuild bundle /Users/Duffis/Desktop/software.nosync/jams-journal-app/node_modules/glob/node_modules/brace-expansion
3471 info build /Users/Duffis/Desktop/software.nosync/jams-journal-app/node_modules/glob/node_modules/brace-expansion
3472 info preinstall brace-expansion@5.0.2
3473 info linkStuff brace-expansion@5.0.2
3474 silly linkStuff brace-expansion@5.0.2 has /Users/Duffis/Desktop/software.nosync/jams-journal-app/node_modules/glob/node_modules as its parent node_modules
3475 verbose linkBins brace-expansion@5.0.2
3476 verbose linkMans brace-expansion@5.0.2
3477 verbose rebuildBundles brace-expansion@5.0.2
3478 info install brace-expansion@5.0.2
3479 info postinstall brace-expansion@5.0.2
3480 info install glob@13.0.6
3481 info postinstall glob@13.0.6
3482 verbose rebuild bundle /Users/Duffis/Desktop/software.nosync/jams-journal-app/node_modules/glob-parent
3483 info build /Users/Duffis/Desktop/software.nosync/jams-journal-app/node_modules/glob-parent
3484 info preinstall glob-parent@5.1.2
3485 info linkStuff glob-parent@5.1.2
3486 silly linkStuff glob-parent@5.1.2 has /Users/Duffis/Desktop/software.nosync/jams-journal-app/node_modules as its parent node_modules
3487 verbose linkBins glob-parent@5.1.2
3488 verbose linkMans glob-parent@5.1.2
3489 verbose rebuildBundles glob-parent@5.1.2
3490 info install glob-parent@5.1.2
3491 info postinstall glob-parent@5.1.2
3492 verbose rebuild bundle /Users/Duffis/Desktop/software.nosync/jams-journal-app/node_modules/global-dirs
3493 info build /Users/Duffis/Desktop/software.nosync/jams-journal-app/node_modules/global-dirs
3494 info preinstall global-dirs@0.1.1
3495 info linkStuff global-dirs@0.1.1
3496 silly linkStuff global-dirs@0.1.1 has /Users/Duffis/Desktop/software.nosync/jams-journal-app/node_modules as its parent node_modules
3497 verbose linkBins global-dirs@0.1.1
3498 verbose linkMans global-dirs@0.1.1
3499 verbose rebuildBundles global-dirs@0.1.1
3500 info install global-dirs@0.1.1
3501 info postinstall global-dirs@0.1.1
3502 verbose rebuild bundle /Users/Duffis/Desktop/software.nosync/jams-journal-app/node_modules/gopd
3503 info build /Users/Duffis/Desktop/software.nosync/jams-journal-app/node_modules/gopd
3504 info preinstall gopd@1.2.0
3505 info linkStuff gopd@1.2.0
3506 silly linkStuff gopd@1.2.0 has /Users/Duffis/Desktop/software.nosync/jams-journal-app/node_modules as its parent node_modules
3507 verbose linkBins gopd@1.2.0
3508 verbose linkMans gopd@1.2.0
3509 verbose rebuildBundles gopd@1.2.0
3510 info install gopd@1.2.0
3511 info postinstall gopd@1.2.0
3512 verbose rebuild bundle /Users/Duffis/Desktop/software.nosync/jams-journal-app/node_modules/graceful-fs
3513 info build /Users/Duffis/Desktop/software.nosync/jams-journal-app/node_modules/graceful-fs
3514 info preinstall graceful-fs@4.2.11
3515 info linkStuff graceful-fs@4.2.11
3516 silly linkStuff graceful-fs@4.2.11 has /Users/Duffis/Desktop/software.nosync/jams-journal-app/node_modules as its parent node_modules
3517 verbose linkBins graceful-fs@4.2.11
3518 verbose linkMans graceful-fs@4.2.11
3519 verbose rebuildBundles graceful-fs@4.2.11
3520 info install graceful-fs@4.2.11
3521 info postinstall graceful-fs@4.2.11
3522 verbose rebuild bundle /Users/Duffis/Desktop/software.nosync/jams-journal-app/node_modules/graphql-tag
3523 info build /Users/Duffis/Desktop/software.nosync/jams-journal-app/node_modules/graphql-tag
3524 info preinstall graphql-tag@2.12.6
3525 info linkStuff graphql-tag@2.12.6
3526 silly linkStuff graphql-tag@2.12.6 has /Users/Duffis/Desktop/software.nosync/jams-journal-app/node_modules as its parent node_modules
3527 verbose linkBins graphql-tag@2.12.6
3528 verbose linkMans graphql-tag@2.12.6
3529 verbose rebuildBundles graphql-tag@2.12.6
3530 info install graphql-tag@2.12.6
3531 info postinstall graphql-tag@2.12.6
3532 verbose rebuild bundle /Users/Duffis/Desktop/software.nosync/jams-journal-app/node_modules/has-flag
3533 info build /Users/Duffis/Desktop/software.nosync/jams-journal-app/node_modules/has-flag
3534 info preinstall has-flag@4.0.0
3535 info linkStuff has-flag@4.0.0
3536 silly linkStuff has-flag@4.0.0 has /Users/Duffis/Desktop/software.nosync/jams-journal-app/node_modules as its parent node_modules
3537 verbose linkBins has-flag@4.0.0
3538 verbose linkMans has-flag@4.0.0
3539 verbose rebuildBundles has-flag@4.0.0
3540 info install has-flag@4.0.0
3541 info postinstall has-flag@4.0.0
3542 verbose rebuild bundle /Users/Duffis/Desktop/software.nosync/jams-journal-app/node_modules/has-symbols
3543 info build /Users/Duffis/Desktop/software.nosync/jams-journal-app/node_modules/has-symbols
3544 info preinstall has-symbols@1.1.0
3545 info linkStuff has-symbols@1.1.0
3546 silly linkStuff has-symbols@1.1.0 has /Users/Duffis/Desktop/software.nosync/jams-journal-app/node_modules as its parent node_modules
3547 verbose linkBins has-symbols@1.1.0
3548 verbose linkMans has-symbols@1.1.0
3549 verbose rebuildBundles has-symbols@1.1.0
3550 info install has-symbols@1.1.0
3551 info postinstall has-symbols@1.1.0
3552 verbose rebuild bundle /Users/Duffis/Desktop/software.nosync/jams-journal-app/node_modules/hasown
3553 info build /Users/Duffis/Desktop/software.nosync/jams-journal-app/node_modules/hasown
3554 info preinstall hasown@2.0.2
3555 info linkStuff hasown@2.0.2
3556 silly linkStuff hasown@2.0.2 has /Users/Duffis/Desktop/software.nosync/jams-journal-app/node_modules as its parent node_modules
3557 verbose linkBins hasown@2.0.2
3558 verbose linkMans hasown@2.0.2
3559 verbose rebuildBundles hasown@2.0.2
3560 info install hasown@2.0.2
3561 info postinstall hasown@2.0.2
3562 verbose rebuild bundle /Users/Duffis/Desktop/software.nosync/jams-journal-app/node_modules/hermes-estree
3563 info build /Users/Duffis/Desktop/software.nosync/jams-journal-app/node_modules/hermes-estree
3564 info preinstall hermes-estree@0.29.1
3565 info linkStuff hermes-estree@0.29.1
3566 silly linkStuff hermes-estree@0.29.1 has /Users/Duffis/Desktop/software.nosync/jams-journal-app/node_modules as its parent node_modules
3567 verbose linkBins hermes-estree@0.29.1
3568 verbose linkMans hermes-estree@0.29.1
3569 verbose rebuildBundles hermes-estree@0.29.1
3570 info install hermes-estree@0.29.1
3571 info postinstall hermes-estree@0.29.1
3572 verbose rebuild bundle /Users/Duffis/Desktop/software.nosync/jams-journal-app/node_modules/hermes-parser
3573 info build /Users/Duffis/Desktop/software.nosync/jams-journal-app/node_modules/hermes-parser
3574 info preinstall hermes-parser@0.29.1
3575 info linkStuff hermes-parser@0.29.1
3576 silly linkStuff hermes-parser@0.29.1 has /Users/Duffis/Desktop/software.nosync/jams-journal-app/node_modules as its parent node_modules
3577 verbose linkBins hermes-parser@0.29.1
3578 verbose linkMans hermes-parser@0.29.1
3579 verbose rebuildBundles hermes-parser@0.29.1
3580 info install hermes-parser@0.29.1
3581 info postinstall hermes-parser@0.29.1
3582 verbose rebuild bundle /Users/Duffis/Desktop/software.nosync/jams-journal-app/node_modules/hoist-non-react-statics
3583 info build /Users/Duffis/Desktop/software.nosync/jams-journal-app/node_modules/hoist-non-react-statics
3584 info preinstall hoist-non-react-statics@3.3.2
3585 info linkStuff hoist-non-react-statics@3.3.2
3586 silly linkStuff hoist-non-react-statics@3.3.2 has /Users/Duffis/Desktop/software.nosync/jams-journal-app/node_modules as its parent node_modules
3587 verbose linkBins hoist-non-react-statics@3.3.2
3588 verbose linkMans hoist-non-react-statics@3.3.2
3589 verbose rebuildBundles hoist-non-react-statics@3.3.2
3590 info install hoist-non-react-statics@3.3.2
3591 info postinstall hoist-non-react-statics@3.3.2
3592 verbose rebuild bundle /Users/Duffis/Desktop/software.nosync/jams-journal-app/node_modules/hosted-git-info
3593 info build /Users/Duffis/Desktop/software.nosync/jams-journal-app/node_modules/hosted-git-info
3594 info preinstall hosted-git-info@7.0.2
3595 info linkStuff hosted-git-info@7.0.2
3596 silly linkStuff hosted-git-info@7.0.2 has /Users/Duffis/Desktop/software.nosync/jams-journal-app/node_modules as its parent node_modules
3597 verbose linkBins hosted-git-info@7.0.2
3598 verbose linkMans hosted-git-info@7.0.2
3599 verbose rebuildBundles hosted-git-info@7.0.2
3600 verbose rebuildBundles [ 'lru-cache' ]
3601 info install hosted-git-info@7.0.2
3602 info postinstall hosted-git-info@7.0.2
3603 verbose rebuild bundle /Users/Duffis/Desktop/software.nosync/jams-journal-app/node_modules/htmlparser2
3604 info build /Users/Duffis/Desktop/software.nosync/jams-journal-app/node_modules/htmlparser2
3605 info preinstall htmlparser2@7.2.0
3606 info linkStuff htmlparser2@7.2.0
3607 silly linkStuff htmlparser2@7.2.0 has /Users/Duffis/Desktop/software.nosync/jams-journal-app/node_modules as its parent node_modules
3608 verbose linkBins htmlparser2@7.2.0
3609 verbose linkMans htmlparser2@7.2.0
3610 verbose rebuildBundles htmlparser2@7.2.0
3611 verbose rebuildBundles [ 'entities' ]
3612 info install htmlparser2@7.2.0
3613 info postinstall htmlparser2@7.2.0
3614 verbose rebuild bundle /Users/Duffis/Desktop/software.nosync/jams-journal-app/node_modules/http-errors
3615 info build /Users/Duffis/Desktop/software.nosync/jams-journal-app/node_modules/http-errors
3616 info preinstall http-errors@2.0.1
3617 info linkStuff http-errors@2.0.1
3618 silly linkStuff http-errors@2.0.1 has /Users/Duffis/Desktop/software.nosync/jams-journal-app/node_modules as its parent node_modules
3619 verbose linkBins http-errors@2.0.1
3620 verbose linkMans http-errors@2.0.1
3621 verbose rebuildBundles http-errors@2.0.1
3622 verbose rebuildBundles [ 'statuses' ]
3623 info install http-errors@2.0.1
3624 info postinstall http-errors@2.0.1
3625 verbose rebuild bundle /Users/Duffis/Desktop/software.nosync/jams-journal-app/node_modules/https-proxy-agent
3626 info build /Users/Duffis/Desktop/software.nosync/jams-journal-app/node_modules/https-proxy-agent
3627 info preinstall https-proxy-agent@7.0.6
3628 info linkStuff https-proxy-agent@7.0.6
3629 silly linkStuff https-proxy-agent@7.0.6 has /Users/Duffis/Desktop/software.nosync/jams-journal-app/node_modules as its parent node_modules
3630 verbose linkBins https-proxy-agent@7.0.6
3631 verbose linkMans https-proxy-agent@7.0.6
3632 verbose rebuildBundles https-proxy-agent@7.0.6
3633 info install https-proxy-agent@7.0.6
3634 info postinstall https-proxy-agent@7.0.6
3635 verbose rebuild bundle /Users/Duffis/Desktop/software.nosync/jams-journal-app/node_modules/human-signals
3636 info build /Users/Duffis/Desktop/software.nosync/jams-journal-app/node_modules/human-signals
3637 info preinstall human-signals@2.1.0
3638 info linkStuff human-signals@2.1.0
3639 silly linkStuff human-signals@2.1.0 has /Users/Duffis/Desktop/software.nosync/jams-journal-app/node_modules as its parent node_modules
3640 verbose linkBins human-signals@2.1.0
3641 verbose linkMans human-signals@2.1.0
3642 verbose rebuildBundles human-signals@2.1.0
3643 info install human-signals@2.1.0
3644 info postinstall human-signals@2.1.0
3645 verbose rebuild bundle /Users/Duffis/Desktop/software.nosync/jams-journal-app/node_modules/hyphenate-style-name
3646 info build /Users/Duffis/Desktop/software.nosync/jams-journal-app/node_modules/hyphenate-style-name
3647 info preinstall hyphenate-style-name@1.1.0
3648 info linkStuff hyphenate-style-name@1.1.0
3649 silly linkStuff hyphenate-style-name@1.1.0 has /Users/Duffis/Desktop/software.nosync/jams-journal-app/node_modules as its parent node_modules
3650 verbose linkBins hyphenate-style-name@1.1.0
3651 verbose linkMans hyphenate-style-name@1.1.0
3652 verbose rebuildBundles hyphenate-style-name@1.1.0
3653 info install hyphenate-style-name@1.1.0
3654 info postinstall hyphenate-style-name@1.1.0
3655 verbose rebuild bundle /Users/Duffis/Desktop/software.nosync/jams-journal-app/node_modules/iceberg-js
3656 info build /Users/Duffis/Desktop/software.nosync/jams-journal-app/node_modules/iceberg-js
3657 info preinstall iceberg-js@0.8.1
3658 info linkStuff iceberg-js@0.8.1
3659 silly linkStuff iceberg-js@0.8.1 has /Users/Duffis/Desktop/software.nosync/jams-journal-app/node_modules as its parent node_modules
3660 verbose linkBins iceberg-js@0.8.1
3661 verbose linkMans iceberg-js@0.8.1
3662 verbose rebuildBundles iceberg-js@0.8.1
3663 info install iceberg-js@0.8.1
3664 info postinstall iceberg-js@0.8.1
3665 verbose rebuild bundle /Users/Duffis/Desktop/software.nosync/jams-journal-app/node_modules/iconv-lite
3666 info build /Users/Duffis/Desktop/software.nosync/jams-journal-app/node_modules/iconv-lite
3667 info preinstall iconv-lite@0.4.24
3668 info linkStuff iconv-lite@0.4.24
3669 silly linkStuff iconv-lite@0.4.24 has /Users/Duffis/Desktop/software.nosync/jams-journal-app/node_modules as its parent node_modules
3670 verbose linkBins iconv-lite@0.4.24
3671 verbose linkMans iconv-lite@0.4.24
3672 verbose rebuildBundles iconv-lite@0.4.24
3673 info install iconv-lite@0.4.24
3674 info postinstall iconv-lite@0.4.24
3675 verbose rebuild bundle /Users/Duffis/Desktop/software.nosync/jams-journal-app/node_modules/ieee754
3676 info build /Users/Duffis/Desktop/software.nosync/jams-journal-app/node_modules/ieee754
3677 info preinstall ieee754@1.2.1
3678 info linkStuff ieee754@1.2.1
3679 silly linkStuff ieee754@1.2.1 has /Users/Duffis/Desktop/software.nosync/jams-journal-app/node_modules as its parent node_modules
3680 verbose linkBins ieee754@1.2.1
3681 verbose linkMans ieee754@1.2.1
3682 verbose rebuildBundles ieee754@1.2.1
3683 info install ieee754@1.2.1
3684 info postinstall ieee754@1.2.1
3685 verbose rebuild bundle /Users/Duffis/Desktop/software.nosync/jams-journal-app/node_modules/ignore
3686 info build /Users/Duffis/Desktop/software.nosync/jams-journal-app/node_modules/ignore
3687 info preinstall ignore@5.3.2
3688 info linkStuff ignore@5.3.2
3689 silly linkStuff ignore@5.3.2 has /Users/Duffis/Desktop/software.nosync/jams-journal-app/node_modules as its parent node_modules
3690 verbose linkBins ignore@5.3.2
3691 verbose linkMans ignore@5.3.2
3692 verbose rebuildBundles ignore@5.3.2
3693 info install ignore@5.3.2
3694 info postinstall ignore@5.3.2
3695 verbose rebuild bundle /Users/Duffis/Desktop/software.nosync/jams-journal-app/node_modules/image-size
3696 info build /Users/Duffis/Desktop/software.nosync/jams-journal-app/node_modules/image-size
3697 info preinstall image-size@1.2.1
3698 info linkStuff image-size@1.2.1
3699 silly linkStuff image-size@1.2.1 has /Users/Duffis/Desktop/software.nosync/jams-journal-app/node_modules as its parent node_modules
3700 verbose linkBins image-size@1.2.1
3701 verbose link bins [
3701 verbose link bins   { 'image-size': 'bin/image-size.js' },
3701 verbose link bins   '/Users/Duffis/Desktop/software.nosync/jams-journal-app/node_modules/.bin',
3701 verbose link bins   false
3701 verbose link bins ]
3702 verbose linkMans image-size@1.2.1
3703 verbose rebuildBundles image-size@1.2.1
3704 silly gentlyRm /Users/Duffis/Desktop/software.nosync/jams-journal-app/node_modules/.bin/image-size is being purged
3705 verbose gentlyRm don't care about contents; nuking /Users/Duffis/Desktop/software.nosync/jams-journal-app/node_modules/.bin/image-size
3706 silly vacuum-fs purging /Users/Duffis/Desktop/software.nosync/jams-journal-app/node_modules/.bin/image-size
3707 silly vacuum-fs quitting because other entries in /Users/Duffis/Desktop/software.nosync/jams-journal-app/node_modules/.bin
3708 info install image-size@1.2.1
3709 info postinstall image-size@1.2.1
3710 verbose rebuild bundle /Users/Duffis/Desktop/software.nosync/jams-journal-app/node_modules/import-fresh
3711 info build /Users/Duffis/Desktop/software.nosync/jams-journal-app/node_modules/import-fresh
3712 info preinstall import-fresh@3.3.1
3713 info linkStuff import-fresh@3.3.1
3714 silly linkStuff import-fresh@3.3.1 has /Users/Duffis/Desktop/software.nosync/jams-journal-app/node_modules as its parent node_modules
3715 verbose linkBins import-fresh@3.3.1
3716 verbose linkMans import-fresh@3.3.1
3717 verbose rebuildBundles import-fresh@3.3.1
3718 verbose rebuildBundles [ 'resolve-from' ]
3719 info install import-fresh@3.3.1
3720 info postinstall import-fresh@3.3.1
3721 verbose rebuild bundle /Users/Duffis/Desktop/software.nosync/jams-journal-app/node_modules/imurmurhash
3722 info build /Users/Duffis/Desktop/software.nosync/jams-journal-app/node_modules/imurmurhash
3723 info preinstall imurmurhash@0.1.4
3724 info linkStuff imurmurhash@0.1.4
3725 silly linkStuff imurmurhash@0.1.4 has /Users/Duffis/Desktop/software.nosync/jams-journal-app/node_modules as its parent node_modules
3726 verbose linkBins imurmurhash@0.1.4
3727 verbose linkMans imurmurhash@0.1.4
3728 verbose rebuildBundles imurmurhash@0.1.4
3729 info install imurmurhash@0.1.4
3730 info postinstall imurmurhash@0.1.4
3731 verbose rebuild bundle /Users/Duffis/Desktop/software.nosync/jams-journal-app/node_modules/inflight
3732 info build /Users/Duffis/Desktop/software.nosync/jams-journal-app/node_modules/inflight
3733 info preinstall inflight@1.0.6
3734 info linkStuff inflight@1.0.6
3735 silly linkStuff inflight@1.0.6 has /Users/Duffis/Desktop/software.nosync/jams-journal-app/node_modules as its parent node_modules
3736 verbose linkBins inflight@1.0.6
3737 verbose linkMans inflight@1.0.6
3738 verbose rebuildBundles inflight@1.0.6
3739 info install inflight@1.0.6
3740 info postinstall inflight@1.0.6
3741 verbose rebuild bundle /Users/Duffis/Desktop/software.nosync/jams-journal-app/node_modules/inherits
3742 info build /Users/Duffis/Desktop/software.nosync/jams-journal-app/node_modules/inherits
3743 info preinstall inherits@2.0.4
3744 info linkStuff inherits@2.0.4
3745 silly linkStuff inherits@2.0.4 has /Users/Duffis/Desktop/software.nosync/jams-journal-app/node_modules as its parent node_modules
3746 verbose linkBins inherits@2.0.4
3747 verbose linkMans inherits@2.0.4
3748 verbose rebuildBundles inherits@2.0.4
3749 info install inherits@2.0.4
3750 info postinstall inherits@2.0.4
3751 verbose rebuild bundle /Users/Duffis/Desktop/software.nosync/jams-journal-app/node_modules/ini
3752 info build /Users/Duffis/Desktop/software.nosync/jams-journal-app/node_modules/ini
3753 info preinstall ini@1.3.8
3754 info linkStuff ini@1.3.8
3755 silly linkStuff ini@1.3.8 has /Users/Duffis/Desktop/software.nosync/jams-journal-app/node_modules as its parent node_modules
3756 verbose linkBins ini@1.3.8
3757 verbose linkMans ini@1.3.8
3758 verbose rebuildBundles ini@1.3.8
3759 info install ini@1.3.8
3760 info postinstall ini@1.3.8
3761 verbose rebuild bundle /Users/Duffis/Desktop/software.nosync/jams-journal-app/node_modules/inline-style-prefixer
3762 info build /Users/Duffis/Desktop/software.nosync/jams-journal-app/node_modules/inline-style-prefixer
3763 info preinstall inline-style-prefixer@7.0.1
3764 info linkStuff inline-style-prefixer@7.0.1
3765 silly linkStuff inline-style-prefixer@7.0.1 has /Users/Duffis/Desktop/software.nosync/jams-journal-app/node_modules as its parent node_modules
3766 verbose linkBins inline-style-prefixer@7.0.1
3767 verbose linkMans inline-style-prefixer@7.0.1
3768 verbose rebuildBundles inline-style-prefixer@7.0.1
3769 info install inline-style-prefixer@7.0.1
3770 info postinstall inline-style-prefixer@7.0.1
3771 verbose rebuild bundle /Users/Duffis/Desktop/software.nosync/jams-journal-app/node_modules/invariant
3772 info build /Users/Duffis/Desktop/software.nosync/jams-journal-app/node_modules/invariant
3773 info preinstall invariant@2.2.4
3774 info linkStuff invariant@2.2.4
3775 silly linkStuff invariant@2.2.4 has /Users/Duffis/Desktop/software.nosync/jams-journal-app/node_modules as its parent node_modules
3776 verbose linkBins invariant@2.2.4
3777 verbose linkMans invariant@2.2.4
3778 verbose rebuildBundles invariant@2.2.4
3779 info install invariant@2.2.4
3780 info postinstall invariant@2.2.4
3781 verbose rebuild bundle /Users/Duffis/Desktop/software.nosync/jams-journal-app/node_modules/is-arrayish
3782 info build /Users/Duffis/Desktop/software.nosync/jams-journal-app/node_modules/is-arrayish
3783 info preinstall is-arrayish@0.2.1
3784 info linkStuff is-arrayish@0.2.1
3785 silly linkStuff is-arrayish@0.2.1 has /Users/Duffis/Desktop/software.nosync/jams-journal-app/node_modules as its parent node_modules
3786 verbose linkBins is-arrayish@0.2.1
3787 verbose linkMans is-arrayish@0.2.1
3788 verbose rebuildBundles is-arrayish@0.2.1
3789 info install is-arrayish@0.2.1
3790 info postinstall is-arrayish@0.2.1
3791 verbose rebuild bundle /Users/Duffis/Desktop/software.nosync/jams-journal-app/node_modules/is-core-module
3792 info build /Users/Duffis/Desktop/software.nosync/jams-journal-app/node_modules/is-core-module
3793 info preinstall is-core-module@2.16.1
3794 info linkStuff is-core-module@2.16.1
3795 silly linkStuff is-core-module@2.16.1 has /Users/Duffis/Desktop/software.nosync/jams-journal-app/node_modules as its parent node_modules
3796 verbose linkBins is-core-module@2.16.1
3797 verbose linkMans is-core-module@2.16.1
3798 verbose rebuildBundles is-core-module@2.16.1
3799 info install is-core-module@2.16.1
3800 info postinstall is-core-module@2.16.1
3801 verbose rebuild bundle /Users/Duffis/Desktop/software.nosync/jams-journal-app/node_modules/is-docker
3802 info build /Users/Duffis/Desktop/software.nosync/jams-journal-app/node_modules/is-docker
3803 info preinstall is-docker@2.2.1
3804 info linkStuff is-docker@2.2.1
3805 silly linkStuff is-docker@2.2.1 has /Users/Duffis/Desktop/software.nosync/jams-journal-app/node_modules as its parent node_modules
3806 verbose linkBins is-docker@2.2.1
3807 verbose link bins [
3807 verbose link bins   { 'is-docker': 'cli.js' },
3807 verbose link bins   '/Users/Duffis/Desktop/software.nosync/jams-journal-app/node_modules/.bin',
3807 verbose link bins   false
3807 verbose link bins ]
3808 verbose linkMans is-docker@2.2.1
3809 verbose rebuildBundles is-docker@2.2.1
3810 silly gentlyRm /Users/Duffis/Desktop/software.nosync/jams-journal-app/node_modules/.bin/is-docker is being purged
3811 verbose gentlyRm don't care about contents; nuking /Users/Duffis/Desktop/software.nosync/jams-journal-app/node_modules/.bin/is-docker
3812 silly vacuum-fs purging /Users/Duffis/Desktop/software.nosync/jams-journal-app/node_modules/.bin/is-docker
3813 silly vacuum-fs quitting because other entries in /Users/Duffis/Desktop/software.nosync/jams-journal-app/node_modules/.bin
3814 info install is-docker@2.2.1
3815 info postinstall is-docker@2.2.1
3816 verbose rebuild bundle /Users/Duffis/Desktop/software.nosync/jams-journal-app/node_modules/is-extglob
3817 info build /Users/Duffis/Desktop/software.nosync/jams-journal-app/node_modules/is-extglob
3818 info preinstall is-extglob@2.1.1
3819 info linkStuff is-extglob@2.1.1
3820 silly linkStuff is-extglob@2.1.1 has /Users/Duffis/Desktop/software.nosync/jams-journal-app/node_modules as its parent node_modules
3821 verbose linkBins is-extglob@2.1.1
3822 verbose linkMans is-extglob@2.1.1
3823 verbose rebuildBundles is-extglob@2.1.1
3824 info install is-extglob@2.1.1
3825 info postinstall is-extglob@2.1.1
3826 verbose rebuild bundle /Users/Duffis/Desktop/software.nosync/jams-journal-app/node_modules/is-fullwidth-code-point
3827 info build /Users/Duffis/Desktop/software.nosync/jams-journal-app/node_modules/is-fullwidth-code-point
3828 info preinstall is-fullwidth-code-point@2.0.0
3829 info linkStuff is-fullwidth-code-point@2.0.0
3830 silly linkStuff is-fullwidth-code-point@2.0.0 has /Users/Duffis/Desktop/software.nosync/jams-journal-app/node_modules as its parent node_modules
3831 verbose linkBins is-fullwidth-code-point@2.0.0
3832 verbose linkMans is-fullwidth-code-point@2.0.0
3833 verbose rebuildBundles is-fullwidth-code-point@2.0.0
3834 info install is-fullwidth-code-point@2.0.0
3835 info postinstall is-fullwidth-code-point@2.0.0
3836 verbose rebuild bundle /Users/Duffis/Desktop/software.nosync/jams-journal-app/node_modules/is-glob
3837 info build /Users/Duffis/Desktop/software.nosync/jams-journal-app/node_modules/is-glob
3838 info preinstall is-glob@4.0.3
3839 info linkStuff is-glob@4.0.3
3840 silly linkStuff is-glob@4.0.3 has /Users/Duffis/Desktop/software.nosync/jams-journal-app/node_modules as its parent node_modules
3841 verbose linkBins is-glob@4.0.3
3842 verbose linkMans is-glob@4.0.3
3843 verbose rebuildBundles is-glob@4.0.3
3844 info install is-glob@4.0.3
3845 info postinstall is-glob@4.0.3
3846 verbose rebuild bundle /Users/Duffis/Desktop/software.nosync/jams-journal-app/node_modules/is-interactive
3847 info build /Users/Duffis/Desktop/software.nosync/jams-journal-app/node_modules/is-interactive
3848 info preinstall is-interactive@1.0.0
3849 info linkStuff is-interactive@1.0.0
3850 silly linkStuff is-interactive@1.0.0 has /Users/Duffis/Desktop/software.nosync/jams-journal-app/node_modules as its parent node_modules
3851 verbose linkBins is-interactive@1.0.0
3852 verbose linkMans is-interactive@1.0.0
3853 verbose rebuildBundles is-interactive@1.0.0
3854 info install is-interactive@1.0.0
3855 info postinstall is-interactive@1.0.0
3856 verbose rebuild bundle /Users/Duffis/Desktop/software.nosync/jams-journal-app/node_modules/is-number
3857 info build /Users/Duffis/Desktop/software.nosync/jams-journal-app/node_modules/is-number
3858 info preinstall is-number@7.0.0
3859 info linkStuff is-number@7.0.0
3860 silly linkStuff is-number@7.0.0 has /Users/Duffis/Desktop/software.nosync/jams-journal-app/node_modules as its parent node_modules
3861 verbose linkBins is-number@7.0.0
3862 verbose linkMans is-number@7.0.0
3863 verbose rebuildBundles is-number@7.0.0
3864 info install is-number@7.0.0
3865 info postinstall is-number@7.0.0
3866 verbose rebuild bundle /Users/Duffis/Desktop/software.nosync/jams-journal-app/node_modules/is-plain-obj
3867 info build /Users/Duffis/Desktop/software.nosync/jams-journal-app/node_modules/is-plain-obj
3868 info preinstall is-plain-obj@2.1.0
3869 info linkStuff is-plain-obj@2.1.0
3870 silly linkStuff is-plain-obj@2.1.0 has /Users/Duffis/Desktop/software.nosync/jams-journal-app/node_modules as its parent node_modules
3871 verbose linkBins is-plain-obj@2.1.0
3872 verbose linkMans is-plain-obj@2.1.0
3873 verbose rebuildBundles is-plain-obj@2.1.0
3874 info install is-plain-obj@2.1.0
3875 info postinstall is-plain-obj@2.1.0
3876 verbose rebuild bundle /Users/Duffis/Desktop/software.nosync/jams-journal-app/node_modules/is-stream
3877 info build /Users/Duffis/Desktop/software.nosync/jams-journal-app/node_modules/is-stream
3878 info preinstall is-stream@2.0.1
3879 info linkStuff is-stream@2.0.1
3880 silly linkStuff is-stream@2.0.1 has /Users/Duffis/Desktop/software.nosync/jams-journal-app/node_modules as its parent node_modules
3881 verbose linkBins is-stream@2.0.1
3882 verbose linkMans is-stream@2.0.1
3883 verbose rebuildBundles is-stream@2.0.1
3884 info install is-stream@2.0.1
3885 info postinstall is-stream@2.0.1
3886 verbose rebuild bundle /Users/Duffis/Desktop/software.nosync/jams-journal-app/node_modules/is-unicode-supported
3887 info build /Users/Duffis/Desktop/software.nosync/jams-journal-app/node_modules/is-unicode-supported
3888 info preinstall is-unicode-supported@0.1.0
3889 info linkStuff is-unicode-supported@0.1.0
3890 silly linkStuff is-unicode-supported@0.1.0 has /Users/Duffis/Desktop/software.nosync/jams-journal-app/node_modules as its parent node_modules
3891 verbose linkBins is-unicode-supported@0.1.0
3892 verbose linkMans is-unicode-supported@0.1.0
3893 verbose rebuildBundles is-unicode-supported@0.1.0
3894 info install is-unicode-supported@0.1.0
3895 info postinstall is-unicode-supported@0.1.0
3896 verbose rebuild bundle /Users/Duffis/Desktop/software.nosync/jams-journal-app/node_modules/is-wsl
3897 info build /Users/Duffis/Desktop/software.nosync/jams-journal-app/node_modules/is-wsl
3898 info preinstall is-wsl@2.2.0
3899 info linkStuff is-wsl@2.2.0
3900 silly linkStuff is-wsl@2.2.0 has /Users/Duffis/Desktop/software.nosync/jams-journal-app/node_modules as its parent node_modules
3901 verbose linkBins is-wsl@2.2.0
3902 verbose linkMans is-wsl@2.2.0
3903 verbose rebuildBundles is-wsl@2.2.0
3904 info install is-wsl@2.2.0
3905 info postinstall is-wsl@2.2.0
3906 verbose rebuild bundle /Users/Duffis/Desktop/software.nosync/jams-journal-app/node_modules/isexe
3907 info build /Users/Duffis/Desktop/software.nosync/jams-journal-app/node_modules/isexe
3908 info preinstall isexe@2.0.0
3909 info linkStuff isexe@2.0.0
3910 silly linkStuff isexe@2.0.0 has /Users/Duffis/Desktop/software.nosync/jams-journal-app/node_modules as its parent node_modules
3911 verbose linkBins isexe@2.0.0
3912 verbose linkMans isexe@2.0.0
3913 verbose rebuildBundles isexe@2.0.0
3914 info install isexe@2.0.0
3915 info postinstall isexe@2.0.0
3916 verbose rebuild bundle /Users/Duffis/Desktop/software.nosync/jams-journal-app/node_modules/istanbul-lib-coverage
3917 info build /Users/Duffis/Desktop/software.nosync/jams-journal-app/node_modules/istanbul-lib-coverage
3918 info preinstall istanbul-lib-coverage@3.2.2
3919 info linkStuff istanbul-lib-coverage@3.2.2
3920 silly linkStuff istanbul-lib-coverage@3.2.2 has /Users/Duffis/Desktop/software.nosync/jams-journal-app/node_modules as its parent node_modules
3921 verbose linkBins istanbul-lib-coverage@3.2.2
3922 verbose linkMans istanbul-lib-coverage@3.2.2
3923 verbose rebuildBundles istanbul-lib-coverage@3.2.2
3924 info install istanbul-lib-coverage@3.2.2
3925 info postinstall istanbul-lib-coverage@3.2.2
3926 verbose rebuild bundle /Users/Duffis/Desktop/software.nosync/jams-journal-app/node_modules/istanbul-lib-instrument
3927 info build /Users/Duffis/Desktop/software.nosync/jams-journal-app/node_modules/istanbul-lib-instrument
3928 info preinstall istanbul-lib-instrument@5.2.1
3929 info linkStuff istanbul-lib-instrument@5.2.1
3930 silly linkStuff istanbul-lib-instrument@5.2.1 has /Users/Duffis/Desktop/software.nosync/jams-journal-app/node_modules as its parent node_modules
3931 verbose linkBins istanbul-lib-instrument@5.2.1
3932 verbose linkMans istanbul-lib-instrument@5.2.1
3933 verbose rebuildBundles istanbul-lib-instrument@5.2.1
3934 info install istanbul-lib-instrument@5.2.1
3935 info postinstall istanbul-lib-instrument@5.2.1
3936 verbose rebuild bundle /Users/Duffis/Desktop/software.nosync/jams-journal-app/node_modules/jest-environment-node
3937 info build /Users/Duffis/Desktop/software.nosync/jams-journal-app/node_modules/jest-environment-node
3938 info preinstall jest-environment-node@29.7.0
3939 info linkStuff jest-environment-node@29.7.0
3940 silly linkStuff jest-environment-node@29.7.0 has /Users/Duffis/Desktop/software.nosync/jams-journal-app/node_modules as its parent node_modules
3941 verbose linkBins jest-environment-node@29.7.0
3942 verbose linkMans jest-environment-node@29.7.0
3943 verbose rebuildBundles jest-environment-node@29.7.0
3944 info install jest-environment-node@29.7.0
3945 info postinstall jest-environment-node@29.7.0
3946 verbose rebuild bundle /Users/Duffis/Desktop/software.nosync/jams-journal-app/node_modules/jest-get-type
3947 info build /Users/Duffis/Desktop/software.nosync/jams-journal-app/node_modules/jest-get-type
3948 info preinstall jest-get-type@29.6.3
3949 info linkStuff jest-get-type@29.6.3
3950 silly linkStuff jest-get-type@29.6.3 has /Users/Duffis/Desktop/software.nosync/jams-journal-app/node_modules as its parent node_modules
3951 verbose linkBins jest-get-type@29.6.3
3952 verbose linkMans jest-get-type@29.6.3
3953 verbose rebuildBundles jest-get-type@29.6.3
3954 info install jest-get-type@29.6.3
3955 info postinstall jest-get-type@29.6.3
3956 verbose rebuild bundle /Users/Duffis/Desktop/software.nosync/jams-journal-app/node_modules/jest-haste-map
3957 info build /Users/Duffis/Desktop/software.nosync/jams-journal-app/node_modules/jest-haste-map
3958 info preinstall jest-haste-map@29.7.0
3959 info linkStuff jest-haste-map@29.7.0
3960 silly linkStuff jest-haste-map@29.7.0 has /Users/Duffis/Desktop/software.nosync/jams-journal-app/node_modules as its parent node_modules
3961 verbose linkBins jest-haste-map@29.7.0
3962 verbose linkMans jest-haste-map@29.7.0
3963 verbose rebuildBundles jest-haste-map@29.7.0
3964 info install jest-haste-map@29.7.0
3965 info postinstall jest-haste-map@29.7.0
3966 verbose rebuild bundle /Users/Duffis/Desktop/software.nosync/jams-journal-app/node_modules/jest-message-util
3967 info build /Users/Duffis/Desktop/software.nosync/jams-journal-app/node_modules/jest-message-util
3968 info preinstall jest-message-util@29.7.0
3969 info linkStuff jest-message-util@29.7.0
3970 silly linkStuff jest-message-util@29.7.0 has /Users/Duffis/Desktop/software.nosync/jams-journal-app/node_modules as its parent node_modules
3971 verbose linkBins jest-message-util@29.7.0
3972 verbose linkMans jest-message-util@29.7.0
3973 verbose rebuildBundles jest-message-util@29.7.0
3974 info install jest-message-util@29.7.0
3975 info postinstall jest-message-util@29.7.0
3976 verbose rebuild bundle /Users/Duffis/Desktop/software.nosync/jams-journal-app/node_modules/jest-mock
3977 info build /Users/Duffis/Desktop/software.nosync/jams-journal-app/node_modules/jest-mock
3978 info preinstall jest-mock@29.7.0
3979 info linkStuff jest-mock@29.7.0
3980 silly linkStuff jest-mock@29.7.0 has /Users/Duffis/Desktop/software.nosync/jams-journal-app/node_modules as its parent node_modules
3981 verbose linkBins jest-mock@29.7.0
3982 verbose linkMans jest-mock@29.7.0
3983 verbose rebuildBundles jest-mock@29.7.0
3984 info install jest-mock@29.7.0
3985 info postinstall jest-mock@29.7.0
3986 verbose rebuild bundle /Users/Duffis/Desktop/software.nosync/jams-journal-app/node_modules/jest-regex-util
3987 info build /Users/Duffis/Desktop/software.nosync/jams-journal-app/node_modules/jest-regex-util
3988 info preinstall jest-regex-util@29.6.3
3989 info linkStuff jest-regex-util@29.6.3
3990 silly linkStuff jest-regex-util@29.6.3 has /Users/Duffis/Desktop/software.nosync/jams-journal-app/node_modules as its parent node_modules
3991 verbose linkBins jest-regex-util@29.6.3
3992 verbose linkMans jest-regex-util@29.6.3
3993 verbose rebuildBundles jest-regex-util@29.6.3
3994 info install jest-regex-util@29.6.3
3995 info postinstall jest-regex-util@29.6.3
3996 verbose rebuild bundle /Users/Duffis/Desktop/software.nosync/jams-journal-app/node_modules/jest-util
3997 info build /Users/Duffis/Desktop/software.nosync/jams-journal-app/node_modules/jest-util
3998 info preinstall jest-util@29.7.0
3999 info linkStuff jest-util@29.7.0
4000 silly linkStuff jest-util@29.7.0 has /Users/Duffis/Desktop/software.nosync/jams-journal-app/node_modules as its parent node_modules
4001 verbose linkBins jest-util@29.7.0
4002 verbose linkMans jest-util@29.7.0
4003 verbose rebuildBundles jest-util@29.7.0
4004 verbose rebuildBundles [ 'picomatch' ]
4005 info install jest-util@29.7.0
4006 info postinstall jest-util@29.7.0
4007 verbose rebuild bundle /Users/Duffis/Desktop/software.nosync/jams-journal-app/node_modules/jest-validate
4008 info build /Users/Duffis/Desktop/software.nosync/jams-journal-app/node_modules/jest-validate
4009 info preinstall jest-validate@29.7.0
4010 info linkStuff jest-validate@29.7.0
4011 silly linkStuff jest-validate@29.7.0 has /Users/Duffis/Desktop/software.nosync/jams-journal-app/node_modules as its parent node_modules
4012 verbose linkBins jest-validate@29.7.0
4013 verbose linkMans jest-validate@29.7.0
4014 verbose rebuildBundles jest-validate@29.7.0
4015 info install jest-validate@29.7.0
4016 info postinstall jest-validate@29.7.0
4017 verbose rebuild bundle /Users/Duffis/Desktop/software.nosync/jams-journal-app/node_modules/jest-worker
4018 info build /Users/Duffis/Desktop/software.nosync/jams-journal-app/node_modules/jest-worker
4019 info preinstall jest-worker@29.7.0
4020 info linkStuff jest-worker@29.7.0
4021 silly linkStuff jest-worker@29.7.0 has /Users/Duffis/Desktop/software.nosync/jams-journal-app/node_modules as its parent node_modules
4022 verbose linkBins jest-worker@29.7.0
4023 verbose linkMans jest-worker@29.7.0
4024 verbose rebuildBundles jest-worker@29.7.0
4025 verbose rebuildBundles [ 'supports-color' ]
4026 info install jest-worker@29.7.0
4027 info postinstall jest-worker@29.7.0
4028 verbose rebuild bundle /Users/Duffis/Desktop/software.nosync/jams-journal-app/node_modules/jimp-compact
4029 info build /Users/Duffis/Desktop/software.nosync/jams-journal-app/node_modules/jimp-compact
4030 info preinstall jimp-compact@0.16.1
4031 info linkStuff jimp-compact@0.16.1
4032 silly linkStuff jimp-compact@0.16.1 has /Users/Duffis/Desktop/software.nosync/jams-journal-app/node_modules as its parent node_modules
4033 verbose linkBins jimp-compact@0.16.1
4034 verbose linkMans jimp-compact@0.16.1
4035 verbose rebuildBundles jimp-compact@0.16.1
4036 info install jimp-compact@0.16.1
4037 info postinstall jimp-compact@0.16.1
4038 verbose rebuild bundle /Users/Duffis/Desktop/software.nosync/jams-journal-app/node_modules/joi
4039 info build /Users/Duffis/Desktop/software.nosync/jams-journal-app/node_modules/joi
4040 info preinstall joi@17.13.3
4041 info linkStuff joi@17.13.3
4042 silly linkStuff joi@17.13.3 has /Users/Duffis/Desktop/software.nosync/jams-journal-app/node_modules as its parent node_modules
4043 verbose linkBins joi@17.13.3
4044 verbose linkMans joi@17.13.3
4045 verbose rebuildBundles joi@17.13.3
4046 info install joi@17.13.3
4047 info postinstall joi@17.13.3
4048 verbose rebuild bundle /Users/Duffis/Desktop/software.nosync/jams-journal-app/node_modules/js-tokens
4049 info build /Users/Duffis/Desktop/software.nosync/jams-journal-app/node_modules/js-tokens
4050 info preinstall js-tokens@4.0.0
4051 info linkStuff js-tokens@4.0.0
4052 silly linkStuff js-tokens@4.0.0 has /Users/Duffis/Desktop/software.nosync/jams-journal-app/node_modules as its parent node_modules
4053 verbose linkBins js-tokens@4.0.0
4054 verbose linkMans js-tokens@4.0.0
4055 verbose rebuildBundles js-tokens@4.0.0
4056 info install js-tokens@4.0.0
4057 info postinstall js-tokens@4.0.0
4058 verbose rebuild bundle /Users/Duffis/Desktop/software.nosync/jams-journal-app/node_modules/js-yaml
4059 info build /Users/Duffis/Desktop/software.nosync/jams-journal-app/node_modules/js-yaml
4060 info preinstall js-yaml@4.1.1
4061 info linkStuff js-yaml@4.1.1
4062 silly linkStuff js-yaml@4.1.1 has /Users/Duffis/Desktop/software.nosync/jams-journal-app/node_modules as its parent node_modules
4063 verbose linkBins js-yaml@4.1.1
4064 verbose link bins [
4064 verbose link bins   { 'js-yaml': 'bin/js-yaml.js' },
4064 verbose link bins   '/Users/Duffis/Desktop/software.nosync/jams-journal-app/node_modules/.bin',
4064 verbose link bins   false
4064 verbose link bins ]
4065 verbose linkMans js-yaml@4.1.1
4066 verbose rebuildBundles js-yaml@4.1.1
4067 silly gentlyRm /Users/Duffis/Desktop/software.nosync/jams-journal-app/node_modules/.bin/js-yaml is being purged
4068 verbose gentlyRm don't care about contents; nuking /Users/Duffis/Desktop/software.nosync/jams-journal-app/node_modules/.bin/js-yaml
4069 silly vacuum-fs purging /Users/Duffis/Desktop/software.nosync/jams-journal-app/node_modules/.bin/js-yaml
4070 silly vacuum-fs quitting because other entries in /Users/Duffis/Desktop/software.nosync/jams-journal-app/node_modules/.bin
4071 info install js-yaml@4.1.1
4072 info postinstall js-yaml@4.1.1
4073 verbose rebuild bundle /Users/Duffis/Desktop/software.nosync/jams-journal-app/node_modules/jsc-safe-url
4074 info build /Users/Duffis/Desktop/software.nosync/jams-journal-app/node_modules/jsc-safe-url
4075 info preinstall jsc-safe-url@0.2.4
4076 info linkStuff jsc-safe-url@0.2.4
4077 silly linkStuff jsc-safe-url@0.2.4 has /Users/Duffis/Desktop/software.nosync/jams-journal-app/node_modules as its parent node_modules
4078 verbose linkBins jsc-safe-url@0.2.4
4079 verbose linkMans jsc-safe-url@0.2.4
4080 verbose rebuildBundles jsc-safe-url@0.2.4
4081 info install jsc-safe-url@0.2.4
4082 info postinstall jsc-safe-url@0.2.4
4083 verbose rebuild bundle /Users/Duffis/Desktop/software.nosync/jams-journal-app/node_modules/jsesc
4084 info build /Users/Duffis/Desktop/software.nosync/jams-journal-app/node_modules/jsesc
4085 info preinstall jsesc@3.1.0
4086 info linkStuff jsesc@3.1.0
4087 silly linkStuff jsesc@3.1.0 has /Users/Duffis/Desktop/software.nosync/jams-journal-app/node_modules as its parent node_modules
4088 verbose linkBins jsesc@3.1.0
4089 verbose link bins [
4089 verbose link bins   { jsesc: 'bin/jsesc' },
4089 verbose link bins   '/Users/Duffis/Desktop/software.nosync/jams-journal-app/node_modules/.bin',
4089 verbose link bins   false
4089 verbose link bins ]
4090 verbose linkMans jsesc@3.1.0
4091 verbose rebuildBundles jsesc@3.1.0
4092 silly gentlyRm /Users/Duffis/Desktop/software.nosync/jams-journal-app/node_modules/.bin/jsesc is being purged
4093 verbose gentlyRm don't care about contents; nuking /Users/Duffis/Desktop/software.nosync/jams-journal-app/node_modules/.bin/jsesc
4094 silly vacuum-fs purging /Users/Duffis/Desktop/software.nosync/jams-journal-app/node_modules/.bin/jsesc
4095 silly vacuum-fs quitting because other entries in /Users/Duffis/Desktop/software.nosync/jams-journal-app/node_modules/.bin
4096 info install jsesc@3.1.0
4097 info postinstall jsesc@3.1.0
4098 verbose rebuild bundle /Users/Duffis/Desktop/software.nosync/jams-journal-app/node_modules/json-parse-even-better-errors
4099 info build /Users/Duffis/Desktop/software.nosync/jams-journal-app/node_modules/json-parse-even-better-errors
4100 info preinstall json-parse-even-better-errors@2.3.1
4101 info linkStuff json-parse-even-better-errors@2.3.1
4102 silly linkStuff json-parse-even-better-errors@2.3.1 has /Users/Duffis/Desktop/software.nosync/jams-journal-app/node_modules as its parent node_modules
4103 verbose linkBins json-parse-even-better-errors@2.3.1
4104 verbose linkMans json-parse-even-better-errors@2.3.1
4105 verbose rebuildBundles json-parse-even-better-errors@2.3.1
4106 info install json-parse-even-better-errors@2.3.1
4107 info postinstall json-parse-even-better-errors@2.3.1
4108 verbose rebuild bundle /Users/Duffis/Desktop/software.nosync/jams-journal-app/node_modules/json5
4109 info build /Users/Duffis/Desktop/software.nosync/jams-journal-app/node_modules/json5
4110 info preinstall json5@2.2.3
4111 info linkStuff json5@2.2.3
4112 silly linkStuff json5@2.2.3 has /Users/Duffis/Desktop/software.nosync/jams-journal-app/node_modules as its parent node_modules
4113 verbose linkBins json5@2.2.3
4114 verbose link bins [
4114 verbose link bins   { json5: 'lib/cli.js' },
4114 verbose link bins   '/Users/Duffis/Desktop/software.nosync/jams-journal-app/node_modules/.bin',
4114 verbose link bins   false
4114 verbose link bins ]
4115 verbose linkMans json5@2.2.3
4116 verbose rebuildBundles json5@2.2.3
4117 silly gentlyRm /Users/Duffis/Desktop/software.nosync/jams-journal-app/node_modules/.bin/json5 is being purged
4118 verbose gentlyRm don't care about contents; nuking /Users/Duffis/Desktop/software.nosync/jams-journal-app/node_modules/.bin/json5
4119 silly vacuum-fs purging /Users/Duffis/Desktop/software.nosync/jams-journal-app/node_modules/.bin/json5
4120 silly vacuum-fs quitting because other entries in /Users/Duffis/Desktop/software.nosync/jams-journal-app/node_modules/.bin
4121 info install json5@2.2.3
4122 info postinstall json5@2.2.3
4123 verbose rebuild bundle /Users/Duffis/Desktop/software.nosync/jams-journal-app/node_modules/jsonfile
4124 info build /Users/Duffis/Desktop/software.nosync/jams-journal-app/node_modules/jsonfile
4125 info preinstall jsonfile@4.0.0
4126 info linkStuff jsonfile@4.0.0
4127 silly linkStuff jsonfile@4.0.0 has /Users/Duffis/Desktop/software.nosync/jams-journal-app/node_modules as its parent node_modules
4128 verbose linkBins jsonfile@4.0.0
4129 verbose linkMans jsonfile@4.0.0
4130 verbose rebuildBundles jsonfile@4.0.0
4131 info install jsonfile@4.0.0
4132 info postinstall jsonfile@4.0.0
4133 verbose rebuild bundle /Users/Duffis/Desktop/software.nosync/jams-journal-app/node_modules/kleur
4134 info build /Users/Duffis/Desktop/software.nosync/jams-journal-app/node_modules/kleur
4135 info preinstall kleur@3.0.3
4136 info linkStuff kleur@3.0.3
4137 silly linkStuff kleur@3.0.3 has /Users/Duffis/Desktop/software.nosync/jams-journal-app/node_modules as its parent node_modules
4138 verbose linkBins kleur@3.0.3
4139 verbose linkMans kleur@3.0.3
4140 verbose rebuildBundles kleur@3.0.3
4141 info install kleur@3.0.3
4142 info postinstall kleur@3.0.3
4143 verbose rebuild bundle /Users/Duffis/Desktop/software.nosync/jams-journal-app/node_modules/lan-network
4144 info build /Users/Duffis/Desktop/software.nosync/jams-journal-app/node_modules/lan-network
4145 info preinstall lan-network@0.1.7
4146 info linkStuff lan-network@0.1.7
4147 silly linkStuff lan-network@0.1.7 has /Users/Duffis/Desktop/software.nosync/jams-journal-app/node_modules as its parent node_modules
4148 verbose linkBins lan-network@0.1.7
4149 verbose link bins [
4149 verbose link bins   { 'lan-network': './dist/lan-network-cli.js' },
4149 verbose link bins   '/Users/Duffis/Desktop/software.nosync/jams-journal-app/node_modules/.bin',
4149 verbose link bins   false
4149 verbose link bins ]
4150 verbose linkMans lan-network@0.1.7
4151 verbose rebuildBundles lan-network@0.1.7
4152 silly gentlyRm /Users/Duffis/Desktop/software.nosync/jams-journal-app/node_modules/.bin/lan-network is being purged
4153 verbose gentlyRm don't care about contents; nuking /Users/Duffis/Desktop/software.nosync/jams-journal-app/node_modules/.bin/lan-network
4154 silly vacuum-fs purging /Users/Duffis/Desktop/software.nosync/jams-journal-app/node_modules/.bin/lan-network
4155 silly vacuum-fs quitting because other entries in /Users/Duffis/Desktop/software.nosync/jams-journal-app/node_modules/.bin
4156 info install lan-network@0.1.7
4157 info postinstall lan-network@0.1.7
4158 verbose rebuild bundle /Users/Duffis/Desktop/software.nosync/jams-journal-app/node_modules/launch-editor
4159 info build /Users/Duffis/Desktop/software.nosync/jams-journal-app/node_modules/launch-editor
4160 info preinstall launch-editor@2.13.0
4161 info linkStuff launch-editor@2.13.0
4162 silly linkStuff launch-editor@2.13.0 has /Users/Duffis/Desktop/software.nosync/jams-journal-app/node_modules as its parent node_modules
4163 verbose linkBins launch-editor@2.13.0
4164 verbose linkMans launch-editor@2.13.0
4165 verbose rebuildBundles launch-editor@2.13.0
4166 info install launch-editor@2.13.0
4167 info postinstall launch-editor@2.13.0
4168 verbose rebuild bundle /Users/Duffis/Desktop/software.nosync/jams-journal-app/node_modules/leven
4169 info build /Users/Duffis/Desktop/software.nosync/jams-journal-app/node_modules/leven
4170 info preinstall leven@3.1.0
4171 info linkStuff leven@3.1.0
4172 silly linkStuff leven@3.1.0 has /Users/Duffis/Desktop/software.nosync/jams-journal-app/node_modules as its parent node_modules
4173 verbose linkBins leven@3.1.0
4174 verbose linkMans leven@3.1.0
4175 verbose rebuildBundles leven@3.1.0
4176 info install leven@3.1.0
4177 info postinstall leven@3.1.0
4178 verbose rebuild bundle /Users/Duffis/Desktop/software.nosync/jams-journal-app/node_modules/lighthouse-logger
4179 info build /Users/Duffis/Desktop/software.nosync/jams-journal-app/node_modules/lighthouse-logger
4180 info preinstall lighthouse-logger@1.4.2
4181 info linkStuff lighthouse-logger@1.4.2
4182 silly linkStuff lighthouse-logger@1.4.2 has /Users/Duffis/Desktop/software.nosync/jams-journal-app/node_modules as its parent node_modules
4183 verbose linkBins lighthouse-logger@1.4.2
4184 verbose linkMans lighthouse-logger@1.4.2
4185 verbose rebuildBundles lighthouse-logger@1.4.2
4186 verbose rebuildBundles [ 'debug', 'ms' ]
4187 verbose rebuild bundle /Users/Duffis/Desktop/software.nosync/jams-journal-app/node_modules/lighthouse-logger/node_modules/ms
4188 info build /Users/Duffis/Desktop/software.nosync/jams-journal-app/node_modules/lighthouse-logger/node_modules/ms
4189 info preinstall ms@2.0.0
4190 info linkStuff ms@2.0.0
4191 silly linkStuff ms@2.0.0 has /Users/Duffis/Desktop/software.nosync/jams-journal-app/node_modules/lighthouse-logger/node_modules as its parent node_modules
4192 verbose linkBins ms@2.0.0
4193 verbose linkMans ms@2.0.0
4194 verbose rebuildBundles ms@2.0.0
4195 info install ms@2.0.0
4196 info postinstall ms@2.0.0
4197 info install lighthouse-logger@1.4.2
4198 info postinstall lighthouse-logger@1.4.2
4199 verbose rebuild bundle /Users/Duffis/Desktop/software.nosync/jams-journal-app/node_modules/lightningcss
4200 info build /Users/Duffis/Desktop/software.nosync/jams-journal-app/node_modules/lightningcss
4201 info preinstall lightningcss@1.31.1
4202 info linkStuff lightningcss@1.31.1
4203 silly linkStuff lightningcss@1.31.1 has /Users/Duffis/Desktop/software.nosync/jams-journal-app/node_modules as its parent node_modules
4204 verbose linkBins lightningcss@1.31.1
4205 verbose linkMans lightningcss@1.31.1
4206 verbose rebuildBundles lightningcss@1.31.1
4207 info install lightningcss@1.31.1
4208 info postinstall lightningcss@1.31.1
4209 verbose rebuild bundle /Users/Duffis/Desktop/software.nosync/jams-journal-app/node_modules/lightningcss-darwin-arm64
4210 info build /Users/Duffis/Desktop/software.nosync/jams-journal-app/node_modules/lightningcss-darwin-arm64
4211 info preinstall lightningcss-darwin-arm64@1.31.1
4212 info linkStuff lightningcss-darwin-arm64@1.31.1
4213 silly linkStuff lightningcss-darwin-arm64@1.31.1 has /Users/Duffis/Desktop/software.nosync/jams-journal-app/node_modules as its parent node_modules
4214 verbose linkBins lightningcss-darwin-arm64@1.31.1
4215 verbose linkMans lightningcss-darwin-arm64@1.31.1
4216 verbose rebuildBundles lightningcss-darwin-arm64@1.31.1
4217 info install lightningcss-darwin-arm64@1.31.1
4218 info postinstall lightningcss-darwin-arm64@1.31.1
4219 verbose rebuild bundle /Users/Duffis/Desktop/software.nosync/jams-journal-app/node_modules/lines-and-columns
4220 info build /Users/Duffis/Desktop/software.nosync/jams-journal-app/node_modules/lines-and-columns
4221 info preinstall lines-and-columns@1.2.4
4222 info linkStuff lines-and-columns@1.2.4
4223 silly linkStuff lines-and-columns@1.2.4 has /Users/Duffis/Desktop/software.nosync/jams-journal-app/node_modules as its parent node_modules
4224 verbose linkBins lines-and-columns@1.2.4
4225 verbose linkMans lines-and-columns@1.2.4
4226 verbose rebuildBundles lines-and-columns@1.2.4
4227 info install lines-and-columns@1.2.4
4228 info postinstall lines-and-columns@1.2.4
4229 verbose rebuild bundle /Users/Duffis/Desktop/software.nosync/jams-journal-app/node_modules/linkify-it
4230 info build /Users/Duffis/Desktop/software.nosync/jams-journal-app/node_modules/linkify-it
4231 info preinstall linkify-it@2.2.0
4232 info linkStuff linkify-it@2.2.0
4233 silly linkStuff linkify-it@2.2.0 has /Users/Duffis/Desktop/software.nosync/jams-journal-app/node_modules as its parent node_modules
4234 verbose linkBins linkify-it@2.2.0
4235 verbose linkMans linkify-it@2.2.0
4236 verbose rebuildBundles linkify-it@2.2.0
4237 info install linkify-it@2.2.0
4238 info postinstall linkify-it@2.2.0
4239 verbose rebuild bundle /Users/Duffis/Desktop/software.nosync/jams-journal-app/node_modules/locate-path
4240 info build /Users/Duffis/Desktop/software.nosync/jams-journal-app/node_modules/locate-path
4241 info preinstall locate-path@6.0.0
4242 info linkStuff locate-path@6.0.0
4243 silly linkStuff locate-path@6.0.0 has /Users/Duffis/Desktop/software.nosync/jams-journal-app/node_modules as its parent node_modules
4244 verbose linkBins locate-path@6.0.0
4245 verbose linkMans locate-path@6.0.0
4246 verbose rebuildBundles locate-path@6.0.0
4247 info install locate-path@6.0.0
4248 info postinstall locate-path@6.0.0
4249 verbose rebuild bundle /Users/Duffis/Desktop/software.nosync/jams-journal-app/node_modules/lodash
4250 info build /Users/Duffis/Desktop/software.nosync/jams-journal-app/node_modules/lodash
4251 info preinstall lodash@4.17.23
4252 info linkStuff lodash@4.17.23
4253 silly linkStuff lodash@4.17.23 has /Users/Duffis/Desktop/software.nosync/jams-journal-app/node_modules as its parent node_modules
4254 verbose linkBins lodash@4.17.23
4255 verbose linkMans lodash@4.17.23
4256 verbose rebuildBundles lodash@4.17.23
4257 info install lodash@4.17.23
4258 info postinstall lodash@4.17.23
4259 verbose rebuild bundle /Users/Duffis/Desktop/software.nosync/jams-journal-app/node_modules/lodash.debounce
4260 info build /Users/Duffis/Desktop/software.nosync/jams-journal-app/node_modules/lodash.debounce
4261 info preinstall lodash.debounce@4.0.8
4262 info linkStuff lodash.debounce@4.0.8
4263 silly linkStuff lodash.debounce@4.0.8 has /Users/Duffis/Desktop/software.nosync/jams-journal-app/node_modules as its parent node_modules
4264 verbose linkBins lodash.debounce@4.0.8
4265 verbose linkMans lodash.debounce@4.0.8
4266 verbose rebuildBundles lodash.debounce@4.0.8
4267 info install lodash.debounce@4.0.8
4268 info postinstall lodash.debounce@4.0.8
4269 verbose rebuild bundle /Users/Duffis/Desktop/software.nosync/jams-journal-app/node_modules/lodash.throttle
4270 info build /Users/Duffis/Desktop/software.nosync/jams-journal-app/node_modules/lodash.throttle
4271 info preinstall lodash.throttle@4.1.1
4272 info linkStuff lodash.throttle@4.1.1
4273 silly linkStuff lodash.throttle@4.1.1 has /Users/Duffis/Desktop/software.nosync/jams-journal-app/node_modules as its parent node_modules
4274 verbose linkBins lodash.throttle@4.1.1
4275 verbose linkMans lodash.throttle@4.1.1
4276 verbose rebuildBundles lodash.throttle@4.1.1
4277 info install lodash.throttle@4.1.1
4278 info postinstall lodash.throttle@4.1.1
4279 verbose rebuild bundle /Users/Duffis/Desktop/software.nosync/jams-journal-app/node_modules/log-symbols
4280 info build /Users/Duffis/Desktop/software.nosync/jams-journal-app/node_modules/log-symbols
4281 info preinstall log-symbols@4.1.0
4282 info linkStuff log-symbols@4.1.0
4283 silly linkStuff log-symbols@4.1.0 has /Users/Duffis/Desktop/software.nosync/jams-journal-app/node_modules as its parent node_modules
4284 verbose linkBins log-symbols@4.1.0
4285 verbose linkMans log-symbols@4.1.0
4286 verbose rebuildBundles log-symbols@4.1.0
4287 info install log-symbols@4.1.0
4288 info postinstall log-symbols@4.1.0
4289 verbose rebuild bundle /Users/Duffis/Desktop/software.nosync/jams-journal-app/node_modules/logkitty
4290 info build /Users/Duffis/Desktop/software.nosync/jams-journal-app/node_modules/logkitty
4291 info preinstall logkitty@0.7.1
4292 info linkStuff logkitty@0.7.1
4293 silly linkStuff logkitty@0.7.1 has /Users/Duffis/Desktop/software.nosync/jams-journal-app/node_modules as its parent node_modules
4294 verbose linkBins logkitty@0.7.1
4295 verbose link bins [
4295 verbose link bins   { logkitty: 'bin/logkitty.js' },
4295 verbose link bins   '/Users/Duffis/Desktop/software.nosync/jams-journal-app/node_modules/.bin',
4295 verbose link bins   false
4295 verbose link bins ]
4296 verbose linkMans logkitty@0.7.1
4297 verbose rebuildBundles logkitty@0.7.1
4298 silly gentlyRm /Users/Duffis/Desktop/software.nosync/jams-journal-app/node_modules/.bin/logkitty is being purged
4299 verbose gentlyRm don't care about contents; nuking /Users/Duffis/Desktop/software.nosync/jams-journal-app/node_modules/.bin/logkitty
4300 silly vacuum-fs purging /Users/Duffis/Desktop/software.nosync/jams-journal-app/node_modules/.bin/logkitty
4301 silly vacuum-fs quitting because other entries in /Users/Duffis/Desktop/software.nosync/jams-journal-app/node_modules/.bin
4302 verbose rebuildBundles [
4302 verbose rebuildBundles   'camelcase',
4302 verbose rebuildBundles   'cliui',
4302 verbose rebuildBundles   'emoji-regex',
4302 verbose rebuildBundles   'find-up',
4302 verbose rebuildBundles   'is-fullwidth-code-point',
4302 verbose rebuildBundles   'locate-path',
4302 verbose rebuildBundles   'p-limit',
4302 verbose rebuildBundles   'p-locate',
4302 verbose rebuildBundles   'string-width',
4302 verbose rebuildBundles   'strip-ansi',
4302 verbose rebuildBundles   'wrap-ansi',
4302 verbose rebuildBundles   'y18n',
4302 verbose rebuildBundles   'yargs',
4302 verbose rebuildBundles   'yargs-parser'
4302 verbose rebuildBundles ]
4303 verbose rebuild bundle /Users/Duffis/Desktop/software.nosync/jams-journal-app/node_modules/logkitty/node_modules/camelcase
4304 info build /Users/Duffis/Desktop/software.nosync/jams-journal-app/node_modules/logkitty/node_modules/camelcase
4305 info preinstall camelcase@5.3.1
4306 info linkStuff camelcase@5.3.1
4307 silly linkStuff camelcase@5.3.1 has /Users/Duffis/Desktop/software.nosync/jams-journal-app/node_modules/logkitty/node_modules as its parent node_modules
4308 verbose linkBins camelcase@5.3.1
4309 verbose linkMans camelcase@5.3.1
4310 verbose rebuildBundles camelcase@5.3.1
4311 info install camelcase@5.3.1
4312 info postinstall camelcase@5.3.1
4313 verbose rebuild bundle /Users/Duffis/Desktop/software.nosync/jams-journal-app/node_modules/logkitty/node_modules/cliui
4314 info build /Users/Duffis/Desktop/software.nosync/jams-journal-app/node_modules/logkitty/node_modules/cliui
4315 info preinstall cliui@6.0.0
4316 info linkStuff cliui@6.0.0
4317 silly linkStuff cliui@6.0.0 has /Users/Duffis/Desktop/software.nosync/jams-journal-app/node_modules/logkitty/node_modules as its parent node_modules
4318 verbose linkBins cliui@6.0.0
4319 verbose linkMans cliui@6.0.0
4320 verbose rebuildBundles cliui@6.0.0
4321 info install cliui@6.0.0
4322 info postinstall cliui@6.0.0
4323 verbose rebuild bundle /Users/Duffis/Desktop/software.nosync/jams-journal-app/node_modules/logkitty/node_modules/emoji-regex
4324 info build /Users/Duffis/Desktop/software.nosync/jams-journal-app/node_modules/logkitty/node_modules/emoji-regex
4325 info preinstall emoji-regex@8.0.0
4326 info linkStuff emoji-regex@8.0.0
4327 silly linkStuff emoji-regex@8.0.0 has /Users/Duffis/Desktop/software.nosync/jams-journal-app/node_modules/logkitty/node_modules as its parent node_modules
4328 verbose linkBins emoji-regex@8.0.0
4329 verbose linkMans emoji-regex@8.0.0
4330 verbose rebuildBundles emoji-regex@8.0.0
4331 info install emoji-regex@8.0.0
4332 info postinstall emoji-regex@8.0.0
4333 verbose rebuild bundle /Users/Duffis/Desktop/software.nosync/jams-journal-app/node_modules/logkitty/node_modules/find-up
4334 info build /Users/Duffis/Desktop/software.nosync/jams-journal-app/node_modules/logkitty/node_modules/find-up
4335 info preinstall find-up@4.1.0
4336 info linkStuff find-up@4.1.0
4337 silly linkStuff find-up@4.1.0 has /Users/Duffis/Desktop/software.nosync/jams-journal-app/node_modules/logkitty/node_modules as its parent node_modules
4338 verbose linkBins find-up@4.1.0
4339 verbose linkMans find-up@4.1.0
4340 verbose rebuildBundles find-up@4.1.0
4341 info install find-up@4.1.0
4342 info postinstall find-up@4.1.0
4343 verbose rebuild bundle /Users/Duffis/Desktop/software.nosync/jams-journal-app/node_modules/logkitty/node_modules/is-fullwidth-code-point
4344 info build /Users/Duffis/Desktop/software.nosync/jams-journal-app/node_modules/logkitty/node_modules/is-fullwidth-code-point
4345 info preinstall is-fullwidth-code-point@3.0.0
4346 info linkStuff is-fullwidth-code-point@3.0.0
4347 silly linkStuff is-fullwidth-code-point@3.0.0 has /Users/Duffis/Desktop/software.nosync/jams-journal-app/node_modules/logkitty/node_modules as its parent node_modules
4348 verbose linkBins is-fullwidth-code-point@3.0.0
4349 verbose linkMans is-fullwidth-code-point@3.0.0
4350 verbose rebuildBundles is-fullwidth-code-point@3.0.0
4351 info install is-fullwidth-code-point@3.0.0
4352 info postinstall is-fullwidth-code-point@3.0.0
4353 verbose rebuild bundle /Users/Duffis/Desktop/software.nosync/jams-journal-app/node_modules/logkitty/node_modules/locate-path
4354 info build /Users/Duffis/Desktop/software.nosync/jams-journal-app/node_modules/logkitty/node_modules/locate-path
4355 info preinstall locate-path@5.0.0
4356 info linkStuff locate-path@5.0.0
4357 silly linkStuff locate-path@5.0.0 has /Users/Duffis/Desktop/software.nosync/jams-journal-app/node_modules/logkitty/node_modules as its parent node_modules
4358 verbose linkBins locate-path@5.0.0
4359 verbose linkMans locate-path@5.0.0
4360 verbose rebuildBundles locate-path@5.0.0
4361 info install locate-path@5.0.0
4362 info postinstall locate-path@5.0.0
4363 verbose rebuild bundle /Users/Duffis/Desktop/software.nosync/jams-journal-app/node_modules/logkitty/node_modules/p-limit
4364 info build /Users/Duffis/Desktop/software.nosync/jams-journal-app/node_modules/logkitty/node_modules/p-limit
4365 info preinstall p-limit@2.3.0
4366 info linkStuff p-limit@2.3.0
4367 silly linkStuff p-limit@2.3.0 has /Users/Duffis/Desktop/software.nosync/jams-journal-app/node_modules/logkitty/node_modules as its parent node_modules
4368 verbose linkBins p-limit@2.3.0
4369 verbose linkMans p-limit@2.3.0
4370 verbose rebuildBundles p-limit@2.3.0
4371 info install p-limit@2.3.0
4372 info postinstall p-limit@2.3.0
4373 verbose rebuild bundle /Users/Duffis/Desktop/software.nosync/jams-journal-app/node_modules/logkitty/node_modules/p-locate
4374 info build /Users/Duffis/Desktop/software.nosync/jams-journal-app/node_modules/logkitty/node_modules/p-locate
4375 info preinstall p-locate@4.1.0
4376 info linkStuff p-locate@4.1.0
4377 silly linkStuff p-locate@4.1.0 has /Users/Duffis/Desktop/software.nosync/jams-journal-app/node_modules/logkitty/node_modules as its parent node_modules
4378 verbose linkBins p-locate@4.1.0
4379 verbose linkMans p-locate@4.1.0
4380 verbose rebuildBundles p-locate@4.1.0
4381 info install p-locate@4.1.0
4382 info postinstall p-locate@4.1.0
4383 verbose rebuild bundle /Users/Duffis/Desktop/software.nosync/jams-journal-app/node_modules/logkitty/node_modules/string-width
4384 info build /Users/Duffis/Desktop/software.nosync/jams-journal-app/node_modules/logkitty/node_modules/string-width
4385 info preinstall string-width@4.2.3
4386 info linkStuff string-width@4.2.3
4387 silly linkStuff string-width@4.2.3 has /Users/Duffis/Desktop/software.nosync/jams-journal-app/node_modules/logkitty/node_modules as its parent node_modules
4388 verbose linkBins string-width@4.2.3
4389 verbose linkMans string-width@4.2.3
4390 verbose rebuildBundles string-width@4.2.3
4391 info install string-width@4.2.3
4392 info postinstall string-width@4.2.3
4393 verbose rebuild bundle /Users/Duffis/Desktop/software.nosync/jams-journal-app/node_modules/logkitty/node_modules/strip-ansi
4394 info build /Users/Duffis/Desktop/software.nosync/jams-journal-app/node_modules/logkitty/node_modules/strip-ansi
4395 info preinstall strip-ansi@6.0.1
4396 info linkStuff strip-ansi@6.0.1
4397 silly linkStuff strip-ansi@6.0.1 has /Users/Duffis/Desktop/software.nosync/jams-journal-app/node_modules/logkitty/node_modules as its parent node_modules
4398 verbose linkBins strip-ansi@6.0.1
4399 verbose linkMans strip-ansi@6.0.1
4400 verbose rebuildBundles strip-ansi@6.0.1
4401 info install strip-ansi@6.0.1
4402 info postinstall strip-ansi@6.0.1
4403 verbose rebuild bundle /Users/Duffis/Desktop/software.nosync/jams-journal-app/node_modules/logkitty/node_modules/wrap-ansi
4404 info build /Users/Duffis/Desktop/software.nosync/jams-journal-app/node_modules/logkitty/node_modules/wrap-ansi
4405 info preinstall wrap-ansi@6.2.0
4406 info linkStuff wrap-ansi@6.2.0
4407 silly linkStuff wrap-ansi@6.2.0 has /Users/Duffis/Desktop/software.nosync/jams-journal-app/node_modules/logkitty/node_modules as its parent node_modules
4408 verbose linkBins wrap-ansi@6.2.0
4409 verbose linkMans wrap-ansi@6.2.0
4410 verbose rebuildBundles wrap-ansi@6.2.0
4411 info install wrap-ansi@6.2.0
4412 info postinstall wrap-ansi@6.2.0
4413 verbose rebuild bundle /Users/Duffis/Desktop/software.nosync/jams-journal-app/node_modules/logkitty/node_modules/y18n
4414 info build /Users/Duffis/Desktop/software.nosync/jams-journal-app/node_modules/logkitty/node_modules/y18n
4415 info preinstall y18n@4.0.3
4416 info linkStuff y18n@4.0.3
4417 silly linkStuff y18n@4.0.3 has /Users/Duffis/Desktop/software.nosync/jams-journal-app/node_modules/logkitty/node_modules as its parent node_modules
4418 verbose linkBins y18n@4.0.3
4419 verbose linkMans y18n@4.0.3
4420 verbose rebuildBundles y18n@4.0.3
4421 info install y18n@4.0.3
4422 info postinstall y18n@4.0.3
4423 verbose rebuild bundle /Users/Duffis/Desktop/software.nosync/jams-journal-app/node_modules/logkitty/node_modules/yargs-parser
4424 info build /Users/Duffis/Desktop/software.nosync/jams-journal-app/node_modules/logkitty/node_modules/yargs-parser
4425 info preinstall yargs-parser@18.1.3
4426 info linkStuff yargs-parser@18.1.3
4427 silly linkStuff yargs-parser@18.1.3 has /Users/Duffis/Desktop/software.nosync/jams-journal-app/node_modules/logkitty/node_modules as its parent node_modules
4428 verbose linkBins yargs-parser@18.1.3
4429 verbose linkMans yargs-parser@18.1.3
4430 verbose rebuildBundles yargs-parser@18.1.3
4431 info install yargs-parser@18.1.3
4432 info postinstall yargs-parser@18.1.3
4433 info install logkitty@0.7.1
4434 info postinstall logkitty@0.7.1
4435 verbose rebuild bundle /Users/Duffis/Desktop/software.nosync/jams-journal-app/node_modules/loose-envify
4436 info build /Users/Duffis/Desktop/software.nosync/jams-journal-app/node_modules/loose-envify
4437 info preinstall loose-envify@1.4.0
4438 info linkStuff loose-envify@1.4.0
4439 silly linkStuff loose-envify@1.4.0 has /Users/Duffis/Desktop/software.nosync/jams-journal-app/node_modules as its parent node_modules
4440 verbose linkBins loose-envify@1.4.0
4441 verbose link bins [
4441 verbose link bins   { 'loose-envify': 'cli.js' },
4441 verbose link bins   '/Users/Duffis/Desktop/software.nosync/jams-journal-app/node_modules/.bin',
4441 verbose link bins   false
4441 verbose link bins ]
4442 verbose linkMans loose-envify@1.4.0
4443 verbose rebuildBundles loose-envify@1.4.0
4444 silly gentlyRm /Users/Duffis/Desktop/software.nosync/jams-journal-app/node_modules/.bin/loose-envify is being purged
4445 verbose gentlyRm don't care about contents; nuking /Users/Duffis/Desktop/software.nosync/jams-journal-app/node_modules/.bin/loose-envify
4446 silly vacuum-fs purging /Users/Duffis/Desktop/software.nosync/jams-journal-app/node_modules/.bin/loose-envify
4447 silly vacuum-fs quitting because other entries in /Users/Duffis/Desktop/software.nosync/jams-journal-app/node_modules/.bin
4448 info install loose-envify@1.4.0
4449 info postinstall loose-envify@1.4.0
4450 verbose rebuild bundle /Users/Duffis/Desktop/software.nosync/jams-journal-app/node_modules/lru-cache
4451 info build /Users/Duffis/Desktop/software.nosync/jams-journal-app/node_modules/lru-cache
4452 info preinstall lru-cache@5.1.1
4453 info linkStuff lru-cache@5.1.1
4454 silly linkStuff lru-cache@5.1.1 has /Users/Duffis/Desktop/software.nosync/jams-journal-app/node_modules as its parent node_modules
4455 verbose linkBins lru-cache@5.1.1
4456 verbose linkMans lru-cache@5.1.1
4457 verbose rebuildBundles lru-cache@5.1.1
4458 info install lru-cache@5.1.1
4459 info postinstall lru-cache@5.1.1
4460 verbose rebuild bundle /Users/Duffis/Desktop/software.nosync/jams-journal-app/node_modules/makeerror
4461 info build /Users/Duffis/Desktop/software.nosync/jams-journal-app/node_modules/makeerror
4462 info preinstall makeerror@1.0.12
4463 info linkStuff makeerror@1.0.12
4464 silly linkStuff makeerror@1.0.12 has /Users/Duffis/Desktop/software.nosync/jams-journal-app/node_modules as its parent node_modules
4465 verbose linkBins makeerror@1.0.12
4466 verbose linkMans makeerror@1.0.12
4467 verbose rebuildBundles makeerror@1.0.12
4468 info install makeerror@1.0.12
4469 info postinstall makeerror@1.0.12
4470 verbose rebuild bundle /Users/Duffis/Desktop/software.nosync/jams-journal-app/node_modules/markdown-it
4471 info build /Users/Duffis/Desktop/software.nosync/jams-journal-app/node_modules/markdown-it
4472 info preinstall markdown-it@10.0.0
4473 info linkStuff markdown-it@10.0.0
4474 silly linkStuff markdown-it@10.0.0 has /Users/Duffis/Desktop/software.nosync/jams-journal-app/node_modules as its parent node_modules
4475 verbose linkBins markdown-it@10.0.0
4476 verbose link bins [
4476 verbose link bins   { 'markdown-it': 'bin/markdown-it.js' },
4476 verbose link bins   '/Users/Duffis/Desktop/software.nosync/jams-journal-app/node_modules/.bin',
4476 verbose link bins   false
4476 verbose link bins ]
4477 verbose linkMans markdown-it@10.0.0
4478 verbose rebuildBundles markdown-it@10.0.0
4479 verbose rebuildBundles [ 'argparse' ]
4480 silly gentlyRm /Users/Duffis/Desktop/software.nosync/jams-journal-app/node_modules/.bin/markdown-it is being purged
4481 verbose gentlyRm don't care about contents; nuking /Users/Duffis/Desktop/software.nosync/jams-journal-app/node_modules/.bin/markdown-it
4482 silly vacuum-fs purging /Users/Duffis/Desktop/software.nosync/jams-journal-app/node_modules/.bin/markdown-it
4483 silly vacuum-fs quitting because other entries in /Users/Duffis/Desktop/software.nosync/jams-journal-app/node_modules/.bin
4484 info install markdown-it@10.0.0
4485 info postinstall markdown-it@10.0.0
4486 verbose rebuild bundle /Users/Duffis/Desktop/software.nosync/jams-journal-app/node_modules/marky
4487 info build /Users/Duffis/Desktop/software.nosync/jams-journal-app/node_modules/marky
4488 info preinstall marky@1.3.0
4489 info linkStuff marky@1.3.0
4490 silly linkStuff marky@1.3.0 has /Users/Duffis/Desktop/software.nosync/jams-journal-app/node_modules as its parent node_modules
4491 verbose linkBins marky@1.3.0
4492 verbose linkMans marky@1.3.0
4493 verbose rebuildBundles marky@1.3.0
4494 info install marky@1.3.0
4495 info postinstall marky@1.3.0
4496 verbose rebuild bundle /Users/Duffis/Desktop/software.nosync/jams-journal-app/node_modules/math-intrinsics
4497 info build /Users/Duffis/Desktop/software.nosync/jams-journal-app/node_modules/math-intrinsics
4498 info preinstall math-intrinsics@1.1.0
4499 info linkStuff math-intrinsics@1.1.0
4500 silly linkStuff math-intrinsics@1.1.0 has /Users/Duffis/Desktop/software.nosync/jams-journal-app/node_modules as its parent node_modules
4501 verbose linkBins math-intrinsics@1.1.0
4502 verbose linkMans math-intrinsics@1.1.0
4503 verbose rebuildBundles math-intrinsics@1.1.0
4504 info install math-intrinsics@1.1.0
4505 info postinstall math-intrinsics@1.1.0
4506 verbose rebuild bundle /Users/Duffis/Desktop/software.nosync/jams-journal-app/node_modules/mdurl
4507 info build /Users/Duffis/Desktop/software.nosync/jams-journal-app/node_modules/mdurl
4508 info preinstall mdurl@1.0.1
4509 info linkStuff mdurl@1.0.1
4510 silly linkStuff mdurl@1.0.1 has /Users/Duffis/Desktop/software.nosync/jams-journal-app/node_modules as its parent node_modules
4511 verbose linkBins mdurl@1.0.1
4512 verbose linkMans mdurl@1.0.1
4513 verbose rebuildBundles mdurl@1.0.1
4514 info install mdurl@1.0.1
4515 info postinstall mdurl@1.0.1
4516 verbose rebuild bundle /Users/Duffis/Desktop/software.nosync/jams-journal-app/node_modules/media-typer
4517 info build /Users/Duffis/Desktop/software.nosync/jams-journal-app/node_modules/media-typer
4518 info preinstall media-typer@0.3.0
4519 info linkStuff media-typer@0.3.0
4520 silly linkStuff media-typer@0.3.0 has /Users/Duffis/Desktop/software.nosync/jams-journal-app/node_modules as its parent node_modules
4521 verbose linkBins media-typer@0.3.0
4522 verbose linkMans media-typer@0.3.0
4523 verbose rebuildBundles media-typer@0.3.0
4524 info install media-typer@0.3.0
4525 info postinstall media-typer@0.3.0
4526 verbose rebuild bundle /Users/Duffis/Desktop/software.nosync/jams-journal-app/node_modules/memoize-one
4527 info build /Users/Duffis/Desktop/software.nosync/jams-journal-app/node_modules/memoize-one
4528 info preinstall memoize-one@5.2.1
4529 info linkStuff memoize-one@5.2.1
4530 silly linkStuff memoize-one@5.2.1 has /Users/Duffis/Desktop/software.nosync/jams-journal-app/node_modules as its parent node_modules
4531 verbose linkBins memoize-one@5.2.1
4532 verbose linkMans memoize-one@5.2.1
4533 verbose rebuildBundles memoize-one@5.2.1
4534 info install memoize-one@5.2.1
4535 info postinstall memoize-one@5.2.1
4536 verbose rebuild bundle /Users/Duffis/Desktop/software.nosync/jams-journal-app/node_modules/merge-options
4537 info build /Users/Duffis/Desktop/software.nosync/jams-journal-app/node_modules/merge-options
4538 info preinstall merge-options@3.0.4
4539 info linkStuff merge-options@3.0.4
4540 silly linkStuff merge-options@3.0.4 has /Users/Duffis/Desktop/software.nosync/jams-journal-app/node_modules as its parent node_modules
4541 verbose linkBins merge-options@3.0.4
4542 verbose linkMans merge-options@3.0.4
4543 verbose rebuildBundles merge-options@3.0.4
4544 info install merge-options@3.0.4
4545 info postinstall merge-options@3.0.4
4546 verbose rebuild bundle /Users/Duffis/Desktop/software.nosync/jams-journal-app/node_modules/merge-stream
4547 info build /Users/Duffis/Desktop/software.nosync/jams-journal-app/node_modules/merge-stream
4548 info preinstall merge-stream@2.0.0
4549 info linkStuff merge-stream@2.0.0
4550 silly linkStuff merge-stream@2.0.0 has /Users/Duffis/Desktop/software.nosync/jams-journal-app/node_modules as its parent node_modules
4551 verbose linkBins merge-stream@2.0.0
4552 verbose linkMans merge-stream@2.0.0
4553 verbose rebuildBundles merge-stream@2.0.0
4554 info install merge-stream@2.0.0
4555 info postinstall merge-stream@2.0.0
4556 verbose rebuild bundle /Users/Duffis/Desktop/software.nosync/jams-journal-app/node_modules/merge2
4557 info build /Users/Duffis/Desktop/software.nosync/jams-journal-app/node_modules/merge2
4558 info preinstall merge2@1.4.1
4559 info linkStuff merge2@1.4.1
4560 silly linkStuff merge2@1.4.1 has /Users/Duffis/Desktop/software.nosync/jams-journal-app/node_modules as its parent node_modules
4561 verbose linkBins merge2@1.4.1
4562 verbose linkMans merge2@1.4.1
4563 verbose rebuildBundles merge2@1.4.1
4564 info install merge2@1.4.1
4565 info postinstall merge2@1.4.1
4566 verbose rebuild bundle /Users/Duffis/Desktop/software.nosync/jams-journal-app/node_modules/metro
4567 info build /Users/Duffis/Desktop/software.nosync/jams-journal-app/node_modules/metro
4568 info preinstall metro@0.83.2
4569 info linkStuff metro@0.83.2
4570 silly linkStuff metro@0.83.2 has /Users/Duffis/Desktop/software.nosync/jams-journal-app/node_modules as its parent node_modules
4571 verbose linkBins metro@0.83.2
4572 verbose link bins [
4572 verbose link bins   { metro: 'src/cli.js' },
4572 verbose link bins   '/Users/Duffis/Desktop/software.nosync/jams-journal-app/node_modules/.bin',
4572 verbose link bins   false
4572 verbose link bins ]
4573 verbose linkMans metro@0.83.2
4574 verbose rebuildBundles metro@0.83.2
4575 verbose rebuildBundles [ 'ci-info', 'hermes-estree', 'hermes-parser', 'ws' ]
4576 verbose rebuild bundle /Users/Duffis/Desktop/software.nosync/jams-journal-app/node_modules/metro/node_modules/hermes-estree
4577 silly gentlyRm /Users/Duffis/Desktop/software.nosync/jams-journal-app/node_modules/.bin/metro is being purged
4578 verbose gentlyRm don't care about contents; nuking /Users/Duffis/Desktop/software.nosync/jams-journal-app/node_modules/.bin/metro
4579 silly vacuum-fs purging /Users/Duffis/Desktop/software.nosync/jams-journal-app/node_modules/.bin/metro
4580 silly vacuum-fs quitting because other entries in /Users/Duffis/Desktop/software.nosync/jams-journal-app/node_modules/.bin
4581 info build /Users/Duffis/Desktop/software.nosync/jams-journal-app/node_modules/metro/node_modules/hermes-estree
4582 info preinstall hermes-estree@0.32.0
4583 info linkStuff hermes-estree@0.32.0
4584 silly linkStuff hermes-estree@0.32.0 has /Users/Duffis/Desktop/software.nosync/jams-journal-app/node_modules/metro/node_modules as its parent node_modules
4585 verbose linkBins hermes-estree@0.32.0
4586 verbose linkMans hermes-estree@0.32.0
4587 verbose rebuildBundles hermes-estree@0.32.0
4588 info install hermes-estree@0.32.0
4589 info postinstall hermes-estree@0.32.0
4590 info install metro@0.83.2
4591 info postinstall metro@0.83.2
4592 verbose rebuild bundle /Users/Duffis/Desktop/software.nosync/jams-journal-app/node_modules/metro-babel-transformer
4593 info build /Users/Duffis/Desktop/software.nosync/jams-journal-app/node_modules/metro-babel-transformer
4594 info preinstall metro-babel-transformer@0.83.2
4595 info linkStuff metro-babel-transformer@0.83.2
4596 silly linkStuff metro-babel-transformer@0.83.2 has /Users/Duffis/Desktop/software.nosync/jams-journal-app/node_modules as its parent node_modules
4597 verbose linkBins metro-babel-transformer@0.83.2
4598 verbose linkMans metro-babel-transformer@0.83.2
4599 verbose rebuildBundles metro-babel-transformer@0.83.2
4600 verbose rebuildBundles [ 'hermes-estree', 'hermes-parser' ]
4601 verbose rebuild bundle /Users/Duffis/Desktop/software.nosync/jams-journal-app/node_modules/metro-babel-transformer/node_modules/hermes-estree
4602 info build /Users/Duffis/Desktop/software.nosync/jams-journal-app/node_modules/metro-babel-transformer/node_modules/hermes-estree
4603 info preinstall hermes-estree@0.32.0
4604 info linkStuff hermes-estree@0.32.0
4605 silly linkStuff hermes-estree@0.32.0 has /Users/Duffis/Desktop/software.nosync/jams-journal-app/node_modules/metro-babel-transformer/node_modules as its parent node_modules
4606 verbose linkBins hermes-estree@0.32.0
4607 verbose linkMans hermes-estree@0.32.0
4608 verbose rebuildBundles hermes-estree@0.32.0
4609 info install hermes-estree@0.32.0
4610 info postinstall hermes-estree@0.32.0
4611 info install metro-babel-transformer@0.83.2
4612 info postinstall metro-babel-transformer@0.83.2
4613 verbose rebuild bundle /Users/Duffis/Desktop/software.nosync/jams-journal-app/node_modules/metro-cache
4614 info build /Users/Duffis/Desktop/software.nosync/jams-journal-app/node_modules/metro-cache
4615 info preinstall metro-cache@0.83.2
4616 info linkStuff metro-cache@0.83.2
4617 silly linkStuff metro-cache@0.83.2 has /Users/Duffis/Desktop/software.nosync/jams-journal-app/node_modules as its parent node_modules
4618 verbose linkBins metro-cache@0.83.2
4619 verbose linkMans metro-cache@0.83.2
4620 verbose rebuildBundles metro-cache@0.83.2
4621 info install metro-cache@0.83.2
4622 info postinstall metro-cache@0.83.2
4623 verbose rebuild bundle /Users/Duffis/Desktop/software.nosync/jams-journal-app/node_modules/metro-cache-key
4624 info build /Users/Duffis/Desktop/software.nosync/jams-journal-app/node_modules/metro-cache-key
4625 info preinstall metro-cache-key@0.83.2
4626 info linkStuff metro-cache-key@0.83.2
4627 silly linkStuff metro-cache-key@0.83.2 has /Users/Duffis/Desktop/software.nosync/jams-journal-app/node_modules as its parent node_modules
4628 verbose linkBins metro-cache-key@0.83.2
4629 verbose linkMans metro-cache-key@0.83.2
4630 verbose rebuildBundles metro-cache-key@0.83.2
4631 info install metro-cache-key@0.83.2
4632 info postinstall metro-cache-key@0.83.2
4633 verbose rebuild bundle /Users/Duffis/Desktop/software.nosync/jams-journal-app/node_modules/metro-config
4634 info build /Users/Duffis/Desktop/software.nosync/jams-journal-app/node_modules/metro-config
4635 info preinstall metro-config@0.83.2
4636 info linkStuff metro-config@0.83.2
4637 silly linkStuff metro-config@0.83.2 has /Users/Duffis/Desktop/software.nosync/jams-journal-app/node_modules as its parent node_modules
4638 verbose linkBins metro-config@0.83.2
4639 verbose linkMans metro-config@0.83.2
4640 verbose rebuildBundles metro-config@0.83.2
4641 info install metro-config@0.83.2
4642 info postinstall metro-config@0.83.2
4643 verbose rebuild bundle /Users/Duffis/Desktop/software.nosync/jams-journal-app/node_modules/metro-core
4644 info build /Users/Duffis/Desktop/software.nosync/jams-journal-app/node_modules/metro-core
4645 info preinstall metro-core@0.83.2
4646 info linkStuff metro-core@0.83.2
4647 silly linkStuff metro-core@0.83.2 has /Users/Duffis/Desktop/software.nosync/jams-journal-app/node_modules as its parent node_modules
4648 verbose linkBins metro-core@0.83.2
4649 verbose linkMans metro-core@0.83.2
4650 verbose rebuildBundles metro-core@0.83.2
4651 info install metro-core@0.83.2
4652 info postinstall metro-core@0.83.2
4653 verbose rebuild bundle /Users/Duffis/Desktop/software.nosync/jams-journal-app/node_modules/metro-file-map
4654 info build /Users/Duffis/Desktop/software.nosync/jams-journal-app/node_modules/metro-file-map
4655 info preinstall metro-file-map@0.83.2
4656 info linkStuff metro-file-map@0.83.2
4657 silly linkStuff metro-file-map@0.83.2 has /Users/Duffis/Desktop/software.nosync/jams-journal-app/node_modules as its parent node_modules
4658 verbose linkBins metro-file-map@0.83.2
4659 verbose linkMans metro-file-map@0.83.2
4660 verbose rebuildBundles metro-file-map@0.83.2
4661 info install metro-file-map@0.83.2
4662 info postinstall metro-file-map@0.83.2
4663 verbose rebuild bundle /Users/Duffis/Desktop/software.nosync/jams-journal-app/node_modules/metro-minify-terser
4664 info build /Users/Duffis/Desktop/software.nosync/jams-journal-app/node_modules/metro-minify-terser
4665 info preinstall metro-minify-terser@0.83.2
4666 info linkStuff metro-minify-terser@0.83.2
4667 silly linkStuff metro-minify-terser@0.83.2 has /Users/Duffis/Desktop/software.nosync/jams-journal-app/node_modules as its parent node_modules
4668 verbose linkBins metro-minify-terser@0.83.2
4669 verbose linkMans metro-minify-terser@0.83.2
4670 verbose rebuildBundles metro-minify-terser@0.83.2
4671 info install metro-minify-terser@0.83.2
4672 info postinstall metro-minify-terser@0.83.2
4673 verbose rebuild bundle /Users/Duffis/Desktop/software.nosync/jams-journal-app/node_modules/metro-resolver
4674 info build /Users/Duffis/Desktop/software.nosync/jams-journal-app/node_modules/metro-resolver
4675 info preinstall metro-resolver@0.83.2
4676 info linkStuff metro-resolver@0.83.2
4677 silly linkStuff metro-resolver@0.83.2 has /Users/Duffis/Desktop/software.nosync/jams-journal-app/node_modules as its parent node_modules
4678 verbose linkBins metro-resolver@0.83.2
4679 verbose linkMans metro-resolver@0.83.2
4680 verbose rebuildBundles metro-resolver@0.83.2
4681 info install metro-resolver@0.83.2
4682 info postinstall metro-resolver@0.83.2
4683 verbose rebuild bundle /Users/Duffis/Desktop/software.nosync/jams-journal-app/node_modules/metro-runtime
4684 info build /Users/Duffis/Desktop/software.nosync/jams-journal-app/node_modules/metro-runtime
4685 info preinstall metro-runtime@0.83.2
4686 info linkStuff metro-runtime@0.83.2
4687 silly linkStuff metro-runtime@0.83.2 has /Users/Duffis/Desktop/software.nosync/jams-journal-app/node_modules as its parent node_modules
4688 verbose linkBins metro-runtime@0.83.2
4689 verbose linkMans metro-runtime@0.83.2
4690 verbose rebuildBundles metro-runtime@0.83.2
4691 info install metro-runtime@0.83.2
4692 info postinstall metro-runtime@0.83.2
4693 verbose rebuild bundle /Users/Duffis/Desktop/software.nosync/jams-journal-app/node_modules/metro-source-map
4694 info build /Users/Duffis/Desktop/software.nosync/jams-journal-app/node_modules/metro-source-map
4695 info preinstall metro-source-map@0.83.2
4696 info linkStuff metro-source-map@0.83.2
4697 silly linkStuff metro-source-map@0.83.2 has /Users/Duffis/Desktop/software.nosync/jams-journal-app/node_modules as its parent node_modules
4698 verbose linkBins metro-source-map@0.83.2
4699 verbose linkMans metro-source-map@0.83.2
4700 verbose rebuildBundles metro-source-map@0.83.2
4701 info install metro-source-map@0.83.2
4702 info postinstall metro-source-map@0.83.2
4703 verbose rebuild bundle /Users/Duffis/Desktop/software.nosync/jams-journal-app/node_modules/metro-symbolicate
4704 info build /Users/Duffis/Desktop/software.nosync/jams-journal-app/node_modules/metro-symbolicate
4705 info preinstall metro-symbolicate@0.83.2
4706 info linkStuff metro-symbolicate@0.83.2
4707 silly linkStuff metro-symbolicate@0.83.2 has /Users/Duffis/Desktop/software.nosync/jams-journal-app/node_modules as its parent node_modules
4708 verbose linkBins metro-symbolicate@0.83.2
4709 verbose link bins [
4709 verbose link bins   { 'metro-symbolicate': './src/index.js' },
4709 verbose link bins   '/Users/Duffis/Desktop/software.nosync/jams-journal-app/node_modules/.bin',
4709 verbose link bins   false
4709 verbose link bins ]
4710 verbose linkMans metro-symbolicate@0.83.2
4711 verbose rebuildBundles metro-symbolicate@0.83.2
4712 silly gentlyRm /Users/Duffis/Desktop/software.nosync/jams-journal-app/node_modules/.bin/metro-symbolicate is being purged
4713 verbose gentlyRm don't care about contents; nuking /Users/Duffis/Desktop/software.nosync/jams-journal-app/node_modules/.bin/metro-symbolicate
4714 silly vacuum-fs purging /Users/Duffis/Desktop/software.nosync/jams-journal-app/node_modules/.bin/metro-symbolicate
4715 silly vacuum-fs quitting because other entries in /Users/Duffis/Desktop/software.nosync/jams-journal-app/node_modules/.bin
4716 info install metro-symbolicate@0.83.2
4717 info postinstall metro-symbolicate@0.83.2
4718 verbose rebuild bundle /Users/Duffis/Desktop/software.nosync/jams-journal-app/node_modules/metro-transform-plugins
4719 info build /Users/Duffis/Desktop/software.nosync/jams-journal-app/node_modules/metro-transform-plugins
4720 info preinstall metro-transform-plugins@0.83.2
4721 info linkStuff metro-transform-plugins@0.83.2
4722 silly linkStuff metro-transform-plugins@0.83.2 has /Users/Duffis/Desktop/software.nosync/jams-journal-app/node_modules as its parent node_modules
4723 verbose linkBins metro-transform-plugins@0.83.2
4724 verbose linkMans metro-transform-plugins@0.83.2
4725 verbose rebuildBundles metro-transform-plugins@0.83.2
4726 info install metro-transform-plugins@0.83.2
4727 info postinstall metro-transform-plugins@0.83.2
4728 verbose rebuild bundle /Users/Duffis/Desktop/software.nosync/jams-journal-app/node_modules/metro-transform-worker
4729 info build /Users/Duffis/Desktop/software.nosync/jams-journal-app/node_modules/metro-transform-worker
4730 info preinstall metro-transform-worker@0.83.2
4731 info linkStuff metro-transform-worker@0.83.2
4732 silly linkStuff metro-transform-worker@0.83.2 has /Users/Duffis/Desktop/software.nosync/jams-journal-app/node_modules as its parent node_modules
4733 verbose linkBins metro-transform-worker@0.83.2
4734 verbose linkMans metro-transform-worker@0.83.2
4735 verbose rebuildBundles metro-transform-worker@0.83.2
4736 info install metro-transform-worker@0.83.2
4737 info postinstall metro-transform-worker@0.83.2
4738 verbose rebuild bundle /Users/Duffis/Desktop/software.nosync/jams-journal-app/node_modules/micromatch
4739 info build /Users/Duffis/Desktop/software.nosync/jams-journal-app/node_modules/micromatch
4740 info preinstall micromatch@4.0.8
4741 info linkStuff micromatch@4.0.8
4742 silly linkStuff micromatch@4.0.8 has /Users/Duffis/Desktop/software.nosync/jams-journal-app/node_modules as its parent node_modules
4743 verbose linkBins micromatch@4.0.8
4744 verbose linkMans micromatch@4.0.8
4745 verbose rebuildBundles micromatch@4.0.8
4746 verbose rebuildBundles [ 'picomatch' ]
4747 info install micromatch@4.0.8
4748 info postinstall micromatch@4.0.8
4749 verbose rebuild bundle /Users/Duffis/Desktop/software.nosync/jams-journal-app/node_modules/mime
4750 info build /Users/Duffis/Desktop/software.nosync/jams-journal-app/node_modules/mime
4751 info preinstall mime@2.6.0
4752 info linkStuff mime@2.6.0
4753 silly linkStuff mime@2.6.0 has /Users/Duffis/Desktop/software.nosync/jams-journal-app/node_modules as its parent node_modules
4754 verbose linkBins mime@2.6.0
4755 verbose link bins [
4755 verbose link bins   { mime: 'cli.js' },
4755 verbose link bins   '/Users/Duffis/Desktop/software.nosync/jams-journal-app/node_modules/.bin',
4755 verbose link bins   false
4755 verbose link bins ]
4756 verbose linkMans mime@2.6.0
4757 verbose rebuildBundles mime@2.6.0
4758 silly gentlyRm /Users/Duffis/Desktop/software.nosync/jams-journal-app/node_modules/.bin/mime is being purged
4759 verbose gentlyRm don't care about contents; nuking /Users/Duffis/Desktop/software.nosync/jams-journal-app/node_modules/.bin/mime
4760 silly vacuum-fs purging /Users/Duffis/Desktop/software.nosync/jams-journal-app/node_modules/.bin/mime
4761 silly vacuum-fs quitting because other entries in /Users/Duffis/Desktop/software.nosync/jams-journal-app/node_modules/.bin
4762 info install mime@2.6.0
4763 info postinstall mime@2.6.0
4764 verbose rebuild bundle /Users/Duffis/Desktop/software.nosync/jams-journal-app/node_modules/mime-db
4765 info build /Users/Duffis/Desktop/software.nosync/jams-journal-app/node_modules/mime-db
4766 info preinstall mime-db@1.54.0
4767 info linkStuff mime-db@1.54.0
4768 silly linkStuff mime-db@1.54.0 has /Users/Duffis/Desktop/software.nosync/jams-journal-app/node_modules as its parent node_modules
4769 verbose linkBins mime-db@1.54.0
4770 verbose linkMans mime-db@1.54.0
4771 verbose rebuildBundles mime-db@1.54.0
4772 info install mime-db@1.54.0
4773 info postinstall mime-db@1.54.0
4774 verbose rebuild bundle /Users/Duffis/Desktop/software.nosync/jams-journal-app/node_modules/mime-types
4775 info build /Users/Duffis/Desktop/software.nosync/jams-journal-app/node_modules/mime-types
4776 info preinstall mime-types@2.1.35
4777 info linkStuff mime-types@2.1.35
4778 silly linkStuff mime-types@2.1.35 has /Users/Duffis/Desktop/software.nosync/jams-journal-app/node_modules as its parent node_modules
4779 verbose linkBins mime-types@2.1.35
4780 verbose linkMans mime-types@2.1.35
4781 verbose rebuildBundles mime-types@2.1.35
4782 verbose rebuildBundles [ 'mime-db' ]
4783 info install mime-types@2.1.35
4784 info postinstall mime-types@2.1.35
4785 verbose rebuild bundle /Users/Duffis/Desktop/software.nosync/jams-journal-app/node_modules/mimic-fn
4786 info build /Users/Duffis/Desktop/software.nosync/jams-journal-app/node_modules/mimic-fn
4787 info preinstall mimic-fn@2.1.0
4788 info linkStuff mimic-fn@2.1.0
4789 silly linkStuff mimic-fn@2.1.0 has /Users/Duffis/Desktop/software.nosync/jams-journal-app/node_modules as its parent node_modules
4790 verbose linkBins mimic-fn@2.1.0
4791 verbose linkMans mimic-fn@2.1.0
4792 verbose rebuildBundles mimic-fn@2.1.0
4793 info install mimic-fn@2.1.0
4794 info postinstall mimic-fn@2.1.0
4795 verbose rebuild bundle /Users/Duffis/Desktop/software.nosync/jams-journal-app/node_modules/minimatch
4796 info build /Users/Duffis/Desktop/software.nosync/jams-journal-app/node_modules/minimatch
4797 info preinstall minimatch@9.0.5
4798 info linkStuff minimatch@9.0.5
4799 silly linkStuff minimatch@9.0.5 has /Users/Duffis/Desktop/software.nosync/jams-journal-app/node_modules as its parent node_modules
4800 verbose linkBins minimatch@9.0.5
4801 verbose linkMans minimatch@9.0.5
4802 verbose rebuildBundles minimatch@9.0.5
4803 info install minimatch@9.0.5
4804 info postinstall minimatch@9.0.5
4805 verbose rebuild bundle /Users/Duffis/Desktop/software.nosync/jams-journal-app/node_modules/minimist
4806 info build /Users/Duffis/Desktop/software.nosync/jams-journal-app/node_modules/minimist
4807 info preinstall minimist@1.2.8
4808 info linkStuff minimist@1.2.8
4809 silly linkStuff minimist@1.2.8 has /Users/Duffis/Desktop/software.nosync/jams-journal-app/node_modules as its parent node_modules
4810 verbose linkBins minimist@1.2.8
4811 verbose linkMans minimist@1.2.8
4812 verbose rebuildBundles minimist@1.2.8
4813 info install minimist@1.2.8
4814 info postinstall minimist@1.2.8
4815 verbose rebuild bundle /Users/Duffis/Desktop/software.nosync/jams-journal-app/node_modules/minipass
4816 info build /Users/Duffis/Desktop/software.nosync/jams-journal-app/node_modules/minipass
4817 info preinstall minipass@7.1.3
4818 info linkStuff minipass@7.1.3
4819 silly linkStuff minipass@7.1.3 has /Users/Duffis/Desktop/software.nosync/jams-journal-app/node_modules as its parent node_modules
4820 verbose linkBins minipass@7.1.3
4821 verbose linkMans minipass@7.1.3
4822 verbose rebuildBundles minipass@7.1.3
4823 info install minipass@7.1.3
4824 info postinstall minipass@7.1.3
4825 verbose rebuild bundle /Users/Duffis/Desktop/software.nosync/jams-journal-app/node_modules/minizlib
4826 info build /Users/Duffis/Desktop/software.nosync/jams-journal-app/node_modules/minizlib
4827 info preinstall minizlib@3.1.0
4828 info linkStuff minizlib@3.1.0
4829 silly linkStuff minizlib@3.1.0 has /Users/Duffis/Desktop/software.nosync/jams-journal-app/node_modules as its parent node_modules
4830 verbose linkBins minizlib@3.1.0
4831 verbose linkMans minizlib@3.1.0
4832 verbose rebuildBundles minizlib@3.1.0
4833 info install minizlib@3.1.0
4834 info postinstall minizlib@3.1.0
4835 verbose rebuild bundle /Users/Duffis/Desktop/software.nosync/jams-journal-app/node_modules/mkdirp
4836 info build /Users/Duffis/Desktop/software.nosync/jams-journal-app/node_modules/mkdirp
4837 info preinstall mkdirp@1.0.4
4838 info linkStuff mkdirp@1.0.4
4839 silly linkStuff mkdirp@1.0.4 has /Users/Duffis/Desktop/software.nosync/jams-journal-app/node_modules as its parent node_modules
4840 verbose linkBins mkdirp@1.0.4
4841 verbose link bins [
4841 verbose link bins   { mkdirp: 'bin/cmd.js' },
4841 verbose link bins   '/Users/Duffis/Desktop/software.nosync/jams-journal-app/node_modules/.bin',
4841 verbose link bins   false
4841 verbose link bins ]
4842 verbose linkMans mkdirp@1.0.4
4843 verbose rebuildBundles mkdirp@1.0.4
4844 silly gentlyRm /Users/Duffis/Desktop/software.nosync/jams-journal-app/node_modules/.bin/mkdirp is being purged
4845 verbose gentlyRm don't care about contents; nuking /Users/Duffis/Desktop/software.nosync/jams-journal-app/node_modules/.bin/mkdirp
4846 silly vacuum-fs purging /Users/Duffis/Desktop/software.nosync/jams-journal-app/node_modules/.bin/mkdirp
4847 silly vacuum-fs quitting because other entries in /Users/Duffis/Desktop/software.nosync/jams-journal-app/node_modules/.bin
4848 info install mkdirp@1.0.4
4849 info postinstall mkdirp@1.0.4
4850 verbose rebuild bundle /Users/Duffis/Desktop/software.nosync/jams-journal-app/node_modules/ms
4851 info build /Users/Duffis/Desktop/software.nosync/jams-journal-app/node_modules/ms
4852 info preinstall ms@2.1.3
4853 info linkStuff ms@2.1.3
4854 silly linkStuff ms@2.1.3 has /Users/Duffis/Desktop/software.nosync/jams-journal-app/node_modules as its parent node_modules
4855 verbose linkBins ms@2.1.3
4856 verbose linkMans ms@2.1.3
4857 verbose rebuildBundles ms@2.1.3
4858 info install ms@2.1.3
4859 info postinstall ms@2.1.3
4860 verbose rebuild bundle /Users/Duffis/Desktop/software.nosync/jams-journal-app/node_modules/mz
4861 info build /Users/Duffis/Desktop/software.nosync/jams-journal-app/node_modules/mz
4862 info preinstall mz@2.7.0
4863 info linkStuff mz@2.7.0
4864 silly linkStuff mz@2.7.0 has /Users/Duffis/Desktop/software.nosync/jams-journal-app/node_modules as its parent node_modules
4865 verbose linkBins mz@2.7.0
4866 verbose linkMans mz@2.7.0
4867 verbose rebuildBundles mz@2.7.0
4868 info install mz@2.7.0
4869 info postinstall mz@2.7.0
4870 verbose rebuild bundle /Users/Duffis/Desktop/software.nosync/jams-journal-app/node_modules/nanoid
4871 info build /Users/Duffis/Desktop/software.nosync/jams-journal-app/node_modules/nanoid
4872 info preinstall nanoid@3.3.11
4873 info linkStuff nanoid@3.3.11
4874 silly linkStuff nanoid@3.3.11 has /Users/Duffis/Desktop/software.nosync/jams-journal-app/node_modules as its parent node_modules
4875 verbose linkBins nanoid@3.3.11
4876 verbose link bins [
4876 verbose link bins   { nanoid: './bin/nanoid.cjs' },
4876 verbose link bins   '/Users/Duffis/Desktop/software.nosync/jams-journal-app/node_modules/.bin',
4876 verbose link bins   false
4876 verbose link bins ]
4877 verbose linkMans nanoid@3.3.11
4878 verbose rebuildBundles nanoid@3.3.11
4879 silly gentlyRm /Users/Duffis/Desktop/software.nosync/jams-journal-app/node_modules/.bin/nanoid is being purged
4880 verbose gentlyRm don't care about contents; nuking /Users/Duffis/Desktop/software.nosync/jams-journal-app/node_modules/.bin/nanoid
4881 silly vacuum-fs purging /Users/Duffis/Desktop/software.nosync/jams-journal-app/node_modules/.bin/nanoid
4882 silly vacuum-fs quitting because other entries in /Users/Duffis/Desktop/software.nosync/jams-journal-app/node_modules/.bin
4883 info install nanoid@3.3.11
4884 info postinstall nanoid@3.3.11
4885 verbose rebuild bundle /Users/Duffis/Desktop/software.nosync/jams-journal-app/node_modules/negotiator
4886 info build /Users/Duffis/Desktop/software.nosync/jams-journal-app/node_modules/negotiator
4887 info preinstall negotiator@0.6.4
4888 info linkStuff negotiator@0.6.4
4889 silly linkStuff negotiator@0.6.4 has /Users/Duffis/Desktop/software.nosync/jams-journal-app/node_modules as its parent node_modules
4890 verbose linkBins negotiator@0.6.4
4891 verbose linkMans negotiator@0.6.4
4892 verbose rebuildBundles negotiator@0.6.4
4893 info install negotiator@0.6.4
4894 info postinstall negotiator@0.6.4
4895 verbose rebuild bundle /Users/Duffis/Desktop/software.nosync/jams-journal-app/node_modules/nested-error-stacks
4896 info build /Users/Duffis/Desktop/software.nosync/jams-journal-app/node_modules/nested-error-stacks
4897 info preinstall nested-error-stacks@2.0.1
4898 info linkStuff nested-error-stacks@2.0.1
4899 silly linkStuff nested-error-stacks@2.0.1 has /Users/Duffis/Desktop/software.nosync/jams-journal-app/node_modules as its parent node_modules
4900 verbose linkBins nested-error-stacks@2.0.1
4901 verbose linkMans nested-error-stacks@2.0.1
4902 verbose rebuildBundles nested-error-stacks@2.0.1
4903 info install nested-error-stacks@2.0.1
4904 info postinstall nested-error-stacks@2.0.1
4905 verbose rebuild bundle /Users/Duffis/Desktop/software.nosync/jams-journal-app/node_modules/nocache
4906 info build /Users/Duffis/Desktop/software.nosync/jams-journal-app/node_modules/nocache
4907 info preinstall nocache@3.0.4
4908 info linkStuff nocache@3.0.4
4909 silly linkStuff nocache@3.0.4 has /Users/Duffis/Desktop/software.nosync/jams-journal-app/node_modules as its parent node_modules
4910 verbose linkBins nocache@3.0.4
4911 verbose linkMans nocache@3.0.4
4912 verbose rebuildBundles nocache@3.0.4
4913 info install nocache@3.0.4
4914 info postinstall nocache@3.0.4
4915 verbose rebuild bundle /Users/Duffis/Desktop/software.nosync/jams-journal-app/node_modules/node-fetch
4916 info build /Users/Duffis/Desktop/software.nosync/jams-journal-app/node_modules/node-fetch
4917 info preinstall node-fetch@2.7.0
4918 info linkStuff node-fetch@2.7.0
4919 silly linkStuff node-fetch@2.7.0 has /Users/Duffis/Desktop/software.nosync/jams-journal-app/node_modules as its parent node_modules
4920 verbose linkBins node-fetch@2.7.0
4921 verbose linkMans node-fetch@2.7.0
4922 verbose rebuildBundles node-fetch@2.7.0
4923 info install node-fetch@2.7.0
4924 info postinstall node-fetch@2.7.0
4925 verbose rebuild bundle /Users/Duffis/Desktop/software.nosync/jams-journal-app/node_modules/node-forge
4926 info build /Users/Duffis/Desktop/software.nosync/jams-journal-app/node_modules/node-forge
4927 info preinstall node-forge@1.3.3
4928 info linkStuff node-forge@1.3.3
4929 silly linkStuff node-forge@1.3.3 has /Users/Duffis/Desktop/software.nosync/jams-journal-app/node_modules as its parent node_modules
4930 verbose linkBins node-forge@1.3.3
4931 verbose linkMans node-forge@1.3.3
4932 verbose rebuildBundles node-forge@1.3.3
4933 info install node-forge@1.3.3
4934 info postinstall node-forge@1.3.3
4935 verbose rebuild bundle /Users/Duffis/Desktop/software.nosync/jams-journal-app/node_modules/node-int64
4936 info build /Users/Duffis/Desktop/software.nosync/jams-journal-app/node_modules/node-int64
4937 info preinstall node-int64@0.4.0
4938 info linkStuff node-int64@0.4.0
4939 silly linkStuff node-int64@0.4.0 has /Users/Duffis/Desktop/software.nosync/jams-journal-app/node_modules as its parent node_modules
4940 verbose linkBins node-int64@0.4.0
4941 verbose linkMans node-int64@0.4.0
4942 verbose rebuildBundles node-int64@0.4.0
4943 info install node-int64@0.4.0
4944 info postinstall node-int64@0.4.0
4945 verbose rebuild bundle /Users/Duffis/Desktop/software.nosync/jams-journal-app/node_modules/node-releases
4946 info build /Users/Duffis/Desktop/software.nosync/jams-journal-app/node_modules/node-releases
4947 info preinstall node-releases@2.0.27
4948 info linkStuff node-releases@2.0.27
4949 silly linkStuff node-releases@2.0.27 has /Users/Duffis/Desktop/software.nosync/jams-journal-app/node_modules as its parent node_modules
4950 verbose linkBins node-releases@2.0.27
4951 verbose linkMans node-releases@2.0.27
4952 verbose rebuildBundles node-releases@2.0.27
4953 info install node-releases@2.0.27
4954 info postinstall node-releases@2.0.27
4955 verbose rebuild bundle /Users/Duffis/Desktop/software.nosync/jams-journal-app/node_modules/node-stream-zip
4956 info build /Users/Duffis/Desktop/software.nosync/jams-journal-app/node_modules/node-stream-zip
4957 info preinstall node-stream-zip@1.15.0
4958 info linkStuff node-stream-zip@1.15.0
4959 silly linkStuff node-stream-zip@1.15.0 has /Users/Duffis/Desktop/software.nosync/jams-journal-app/node_modules as its parent node_modules
4960 verbose linkBins node-stream-zip@1.15.0
4961 verbose linkMans node-stream-zip@1.15.0
4962 verbose rebuildBundles node-stream-zip@1.15.0
4963 info install node-stream-zip@1.15.0
4964 info postinstall node-stream-zip@1.15.0
4965 verbose rebuild bundle /Users/Duffis/Desktop/software.nosync/jams-journal-app/node_modules/normalize-path
4966 info build /Users/Duffis/Desktop/software.nosync/jams-journal-app/node_modules/normalize-path
4967 info preinstall normalize-path@3.0.0
4968 info linkStuff normalize-path@3.0.0
4969 silly linkStuff normalize-path@3.0.0 has /Users/Duffis/Desktop/software.nosync/jams-journal-app/node_modules as its parent node_modules
4970 verbose linkBins normalize-path@3.0.0
4971 verbose linkMans normalize-path@3.0.0
4972 verbose rebuildBundles normalize-path@3.0.0
4973 info install normalize-path@3.0.0
4974 info postinstall normalize-path@3.0.0
4975 verbose rebuild bundle /Users/Duffis/Desktop/software.nosync/jams-journal-app/node_modules/npm-package-arg
4976 info build /Users/Duffis/Desktop/software.nosync/jams-journal-app/node_modules/npm-package-arg
4977 info preinstall npm-package-arg@11.0.3
4978 info linkStuff npm-package-arg@11.0.3
4979 silly linkStuff npm-package-arg@11.0.3 has /Users/Duffis/Desktop/software.nosync/jams-journal-app/node_modules as its parent node_modules
4980 verbose linkBins npm-package-arg@11.0.3
4981 verbose linkMans npm-package-arg@11.0.3
4982 verbose rebuildBundles npm-package-arg@11.0.3
4983 verbose rebuildBundles [ '.bin', 'semver' ]
4984 info install npm-package-arg@11.0.3
4985 info postinstall npm-package-arg@11.0.3
4986 verbose rebuild bundle /Users/Duffis/Desktop/software.nosync/jams-journal-app/node_modules/npm-run-path
4987 info build /Users/Duffis/Desktop/software.nosync/jams-journal-app/node_modules/npm-run-path
4988 info preinstall npm-run-path@4.0.1
4989 info linkStuff npm-run-path@4.0.1
4990 silly linkStuff npm-run-path@4.0.1 has /Users/Duffis/Desktop/software.nosync/jams-journal-app/node_modules as its parent node_modules
4991 verbose linkBins npm-run-path@4.0.1
4992 verbose linkMans npm-run-path@4.0.1
4993 verbose rebuildBundles npm-run-path@4.0.1
4994 info install npm-run-path@4.0.1
4995 info postinstall npm-run-path@4.0.1
4996 verbose rebuild bundle /Users/Duffis/Desktop/software.nosync/jams-journal-app/node_modules/nullthrows
4997 info build /Users/Duffis/Desktop/software.nosync/jams-journal-app/node_modules/nullthrows
4998 info preinstall nullthrows@1.1.1
4999 info linkStuff nullthrows@1.1.1
5000 silly linkStuff nullthrows@1.1.1 has /Users/Duffis/Desktop/software.nosync/jams-journal-app/node_modules as its parent node_modules
5001 verbose linkBins nullthrows@1.1.1
5002 verbose linkMans nullthrows@1.1.1
5003 verbose rebuildBundles nullthrows@1.1.1
5004 info install nullthrows@1.1.1
5005 info postinstall nullthrows@1.1.1
5006 verbose rebuild bundle /Users/Duffis/Desktop/software.nosync/jams-journal-app/node_modules/ob1
5007 info build /Users/Duffis/Desktop/software.nosync/jams-journal-app/node_modules/ob1
5008 info preinstall ob1@0.83.2
5009 info linkStuff ob1@0.83.2
5010 silly linkStuff ob1@0.83.2 has /Users/Duffis/Desktop/software.nosync/jams-journal-app/node_modules as its parent node_modules
5011 verbose linkBins ob1@0.83.2
5012 verbose linkMans ob1@0.83.2
5013 verbose rebuildBundles ob1@0.83.2
5014 info install ob1@0.83.2
5015 info postinstall ob1@0.83.2
5016 verbose rebuild bundle /Users/Duffis/Desktop/software.nosync/jams-journal-app/node_modules/object-assign
5017 info build /Users/Duffis/Desktop/software.nosync/jams-journal-app/node_modules/object-assign
5018 info preinstall object-assign@4.1.1
5019 info linkStuff object-assign@4.1.1
5020 silly linkStuff object-assign@4.1.1 has /Users/Duffis/Desktop/software.nosync/jams-journal-app/node_modules as its parent node_modules
5021 verbose linkBins object-assign@4.1.1
5022 verbose linkMans object-assign@4.1.1
5023 verbose rebuildBundles object-assign@4.1.1
5024 info install object-assign@4.1.1
5025 info postinstall object-assign@4.1.1
5026 verbose rebuild bundle /Users/Duffis/Desktop/software.nosync/jams-journal-app/node_modules/object-inspect
5027 info build /Users/Duffis/Desktop/software.nosync/jams-journal-app/node_modules/object-inspect
5028 info preinstall object-inspect@1.13.4
5029 info linkStuff object-inspect@1.13.4
5030 silly linkStuff object-inspect@1.13.4 has /Users/Duffis/Desktop/software.nosync/jams-journal-app/node_modules as its parent node_modules
5031 verbose linkBins object-inspect@1.13.4
5032 verbose linkMans object-inspect@1.13.4
5033 verbose rebuildBundles object-inspect@1.13.4
5034 info install object-inspect@1.13.4
5035 info postinstall object-inspect@1.13.4
5036 verbose rebuild bundle /Users/Duffis/Desktop/software.nosync/jams-journal-app/node_modules/on-finished
5037 info build /Users/Duffis/Desktop/software.nosync/jams-journal-app/node_modules/on-finished
5038 info preinstall on-finished@2.4.1
5039 info linkStuff on-finished@2.4.1
5040 silly linkStuff on-finished@2.4.1 has /Users/Duffis/Desktop/software.nosync/jams-journal-app/node_modules as its parent node_modules
5041 verbose linkBins on-finished@2.4.1
5042 verbose linkMans on-finished@2.4.1
5043 verbose rebuildBundles on-finished@2.4.1
5044 info install on-finished@2.4.1
5045 info postinstall on-finished@2.4.1
5046 verbose rebuild bundle /Users/Duffis/Desktop/software.nosync/jams-journal-app/node_modules/on-headers
5047 info build /Users/Duffis/Desktop/software.nosync/jams-journal-app/node_modules/on-headers
5048 info preinstall on-headers@1.1.0
5049 info linkStuff on-headers@1.1.0
5050 silly linkStuff on-headers@1.1.0 has /Users/Duffis/Desktop/software.nosync/jams-journal-app/node_modules as its parent node_modules
5051 verbose linkBins on-headers@1.1.0
5052 verbose linkMans on-headers@1.1.0
5053 verbose rebuildBundles on-headers@1.1.0
5054 info install on-headers@1.1.0
5055 info postinstall on-headers@1.1.0
5056 verbose rebuild bundle /Users/Duffis/Desktop/software.nosync/jams-journal-app/node_modules/once
5057 info build /Users/Duffis/Desktop/software.nosync/jams-journal-app/node_modules/once
5058 info preinstall once@1.4.0
5059 info linkStuff once@1.4.0
5060 silly linkStuff once@1.4.0 has /Users/Duffis/Desktop/software.nosync/jams-journal-app/node_modules as its parent node_modules
5061 verbose linkBins once@1.4.0
5062 verbose linkMans once@1.4.0
5063 verbose rebuildBundles once@1.4.0
5064 info install once@1.4.0
5065 info postinstall once@1.4.0
5066 verbose rebuild bundle /Users/Duffis/Desktop/software.nosync/jams-journal-app/node_modules/onetime
5067 info build /Users/Duffis/Desktop/software.nosync/jams-journal-app/node_modules/onetime
5068 info preinstall onetime@5.1.2
5069 info linkStuff onetime@5.1.2
5070 silly linkStuff onetime@5.1.2 has /Users/Duffis/Desktop/software.nosync/jams-journal-app/node_modules as its parent node_modules
5071 verbose linkBins onetime@5.1.2
5072 verbose linkMans onetime@5.1.2
5073 verbose rebuildBundles onetime@5.1.2
5074 info install onetime@5.1.2
5075 info postinstall onetime@5.1.2
5076 verbose rebuild bundle /Users/Duffis/Desktop/software.nosync/jams-journal-app/node_modules/open
5077 info build /Users/Duffis/Desktop/software.nosync/jams-journal-app/node_modules/open
5078 info preinstall open@6.4.0
5079 info linkStuff open@6.4.0
5080 silly linkStuff open@6.4.0 has /Users/Duffis/Desktop/software.nosync/jams-journal-app/node_modules as its parent node_modules
5081 verbose linkBins open@6.4.0
5082 verbose linkMans open@6.4.0
5083 verbose rebuildBundles open@6.4.0
5084 verbose rebuildBundles [ 'is-wsl' ]
5085 info install open@6.4.0
5086 info postinstall open@6.4.0
5087 verbose rebuild bundle /Users/Duffis/Desktop/software.nosync/jams-journal-app/node_modules/optimism
5088 info build /Users/Duffis/Desktop/software.nosync/jams-journal-app/node_modules/optimism
5089 info preinstall optimism@0.18.1
5090 info linkStuff optimism@0.18.1
5091 silly linkStuff optimism@0.18.1 has /Users/Duffis/Desktop/software.nosync/jams-journal-app/node_modules as its parent node_modules
5092 verbose linkBins optimism@0.18.1
5093 verbose linkMans optimism@0.18.1
5094 verbose rebuildBundles optimism@0.18.1
5095 info install optimism@0.18.1
5096 info postinstall optimism@0.18.1
5097 verbose rebuild bundle /Users/Duffis/Desktop/software.nosync/jams-journal-app/node_modules/ora
5098 info build /Users/Duffis/Desktop/software.nosync/jams-journal-app/node_modules/ora
5099 info preinstall ora@5.4.1
5100 info linkStuff ora@5.4.1
5101 silly linkStuff ora@5.4.1 has /Users/Duffis/Desktop/software.nosync/jams-journal-app/node_modules as its parent node_modules
5102 verbose linkBins ora@5.4.1
5103 verbose linkMans ora@5.4.1
5104 verbose rebuildBundles ora@5.4.1
5105 verbose rebuildBundles [ 'strip-ansi' ]
5106 info install ora@5.4.1
5107 info postinstall ora@5.4.1
5108 verbose rebuild bundle /Users/Duffis/Desktop/software.nosync/jams-journal-app/node_modules/p-limit
5109 info build /Users/Duffis/Desktop/software.nosync/jams-journal-app/node_modules/p-limit
5110 info preinstall p-limit@3.1.0
5111 info linkStuff p-limit@3.1.0
5112 silly linkStuff p-limit@3.1.0 has /Users/Duffis/Desktop/software.nosync/jams-journal-app/node_modules as its parent node_modules
5113 verbose linkBins p-limit@3.1.0
5114 verbose linkMans p-limit@3.1.0
5115 verbose rebuildBundles p-limit@3.1.0
5116 info install p-limit@3.1.0
5117 info postinstall p-limit@3.1.0
5118 verbose rebuild bundle /Users/Duffis/Desktop/software.nosync/jams-journal-app/node_modules/p-locate
5119 info build /Users/Duffis/Desktop/software.nosync/jams-journal-app/node_modules/p-locate
5120 info preinstall p-locate@5.0.0
5121 info linkStuff p-locate@5.0.0
5122 silly linkStuff p-locate@5.0.0 has /Users/Duffis/Desktop/software.nosync/jams-journal-app/node_modules as its parent node_modules
5123 verbose linkBins p-locate@5.0.0
5124 verbose linkMans p-locate@5.0.0
5125 verbose rebuildBundles p-locate@5.0.0
5126 info install p-locate@5.0.0
5127 info postinstall p-locate@5.0.0
5128 verbose rebuild bundle /Users/Duffis/Desktop/software.nosync/jams-journal-app/node_modules/p-try
5129 info build /Users/Duffis/Desktop/software.nosync/jams-journal-app/node_modules/p-try
5130 info preinstall p-try@2.2.0
5131 info linkStuff p-try@2.2.0
5132 silly linkStuff p-try@2.2.0 has /Users/Duffis/Desktop/software.nosync/jams-journal-app/node_modules as its parent node_modules
5133 verbose linkBins p-try@2.2.0
5134 verbose linkMans p-try@2.2.0
5135 verbose rebuildBundles p-try@2.2.0
5136 info install p-try@2.2.0
5137 info postinstall p-try@2.2.0
5138 verbose rebuild bundle /Users/Duffis/Desktop/software.nosync/jams-journal-app/node_modules/parent-module
5139 info build /Users/Duffis/Desktop/software.nosync/jams-journal-app/node_modules/parent-module
5140 info preinstall parent-module@1.0.1
5141 info linkStuff parent-module@1.0.1
5142 silly linkStuff parent-module@1.0.1 has /Users/Duffis/Desktop/software.nosync/jams-journal-app/node_modules as its parent node_modules
5143 verbose linkBins parent-module@1.0.1
5144 verbose linkMans parent-module@1.0.1
5145 verbose rebuildBundles parent-module@1.0.1
5146 info install parent-module@1.0.1
5147 info postinstall parent-module@1.0.1
5148 verbose rebuild bundle /Users/Duffis/Desktop/software.nosync/jams-journal-app/node_modules/parse-json
5149 info build /Users/Duffis/Desktop/software.nosync/jams-journal-app/node_modules/parse-json
5150 info preinstall parse-json@5.2.0
5151 info linkStuff parse-json@5.2.0
5152 silly linkStuff parse-json@5.2.0 has /Users/Duffis/Desktop/software.nosync/jams-journal-app/node_modules as its parent node_modules
5153 verbose linkBins parse-json@5.2.0
5154 verbose linkMans parse-json@5.2.0
5155 verbose rebuildBundles parse-json@5.2.0
5156 info install parse-json@5.2.0
5157 info postinstall parse-json@5.2.0
5158 verbose rebuild bundle /Users/Duffis/Desktop/software.nosync/jams-journal-app/node_modules/parse-png
5159 info build /Users/Duffis/Desktop/software.nosync/jams-journal-app/node_modules/parse-png
5160 info preinstall parse-png@2.1.0
5161 info linkStuff parse-png@2.1.0
5162 silly linkStuff parse-png@2.1.0 has /Users/Duffis/Desktop/software.nosync/jams-journal-app/node_modules as its parent node_modules
5163 verbose linkBins parse-png@2.1.0
5164 verbose linkMans parse-png@2.1.0
5165 verbose rebuildBundles parse-png@2.1.0
5166 info install parse-png@2.1.0
5167 info postinstall parse-png@2.1.0
5168 verbose rebuild bundle /Users/Duffis/Desktop/software.nosync/jams-journal-app/node_modules/parseurl
5169 info build /Users/Duffis/Desktop/software.nosync/jams-journal-app/node_modules/parseurl
5170 info preinstall parseurl@1.3.3
5171 info linkStuff parseurl@1.3.3
5172 silly linkStuff parseurl@1.3.3 has /Users/Duffis/Desktop/software.nosync/jams-journal-app/node_modules as its parent node_modules
5173 verbose linkBins parseurl@1.3.3
5174 verbose linkMans parseurl@1.3.3
5175 verbose rebuildBundles parseurl@1.3.3
5176 info install parseurl@1.3.3
5177 info postinstall parseurl@1.3.3
5178 verbose rebuild bundle /Users/Duffis/Desktop/software.nosync/jams-journal-app/node_modules/path-exists
5179 info build /Users/Duffis/Desktop/software.nosync/jams-journal-app/node_modules/path-exists
5180 info preinstall path-exists@4.0.0
5181 info linkStuff path-exists@4.0.0
5182 silly linkStuff path-exists@4.0.0 has /Users/Duffis/Desktop/software.nosync/jams-journal-app/node_modules as its parent node_modules
5183 verbose linkBins path-exists@4.0.0
5184 verbose linkMans path-exists@4.0.0
5185 verbose rebuildBundles path-exists@4.0.0
5186 info install path-exists@4.0.0
5187 info postinstall path-exists@4.0.0
5188 verbose rebuild bundle /Users/Duffis/Desktop/software.nosync/jams-journal-app/node_modules/path-is-absolute
5189 info build /Users/Duffis/Desktop/software.nosync/jams-journal-app/node_modules/path-is-absolute
5190 info preinstall path-is-absolute@1.0.1
5191 info linkStuff path-is-absolute@1.0.1
5192 silly linkStuff path-is-absolute@1.0.1 has /Users/Duffis/Desktop/software.nosync/jams-journal-app/node_modules as its parent node_modules
5193 verbose linkBins path-is-absolute@1.0.1
5194 verbose linkMans path-is-absolute@1.0.1
5195 verbose rebuildBundles path-is-absolute@1.0.1
5196 info install path-is-absolute@1.0.1
5197 info postinstall path-is-absolute@1.0.1
5198 verbose rebuild bundle /Users/Duffis/Desktop/software.nosync/jams-journal-app/node_modules/path-key
5199 info build /Users/Duffis/Desktop/software.nosync/jams-journal-app/node_modules/path-key
5200 info preinstall path-key@3.1.1
5201 info linkStuff path-key@3.1.1
5202 silly linkStuff path-key@3.1.1 has /Users/Duffis/Desktop/software.nosync/jams-journal-app/node_modules as its parent node_modules
5203 verbose linkBins path-key@3.1.1
5204 verbose linkMans path-key@3.1.1
5205 verbose rebuildBundles path-key@3.1.1
5206 info install path-key@3.1.1
5207 info postinstall path-key@3.1.1
5208 verbose rebuild bundle /Users/Duffis/Desktop/software.nosync/jams-journal-app/node_modules/path-parse
5209 info build /Users/Duffis/Desktop/software.nosync/jams-journal-app/node_modules/path-parse
5210 info preinstall path-parse@1.0.7
5211 info linkStuff path-parse@1.0.7
5212 silly linkStuff path-parse@1.0.7 has /Users/Duffis/Desktop/software.nosync/jams-journal-app/node_modules as its parent node_modules
5213 verbose linkBins path-parse@1.0.7
5214 verbose linkMans path-parse@1.0.7
5215 verbose rebuildBundles path-parse@1.0.7
5216 info install path-parse@1.0.7
5217 info postinstall path-parse@1.0.7
5218 verbose rebuild bundle /Users/Duffis/Desktop/software.nosync/jams-journal-app/node_modules/path-scurry
5219 info build /Users/Duffis/Desktop/software.nosync/jams-journal-app/node_modules/path-scurry
5220 info preinstall path-scurry@2.0.2
5221 info linkStuff path-scurry@2.0.2
5222 silly linkStuff path-scurry@2.0.2 has /Users/Duffis/Desktop/software.nosync/jams-journal-app/node_modules as its parent node_modules
5223 verbose linkBins path-scurry@2.0.2
5224 verbose linkMans path-scurry@2.0.2
5225 verbose rebuildBundles path-scurry@2.0.2
5226 verbose rebuildBundles [ 'lru-cache' ]
5227 info install path-scurry@2.0.2
5228 info postinstall path-scurry@2.0.2
5229 verbose rebuild bundle /Users/Duffis/Desktop/software.nosync/jams-journal-app/node_modules/picocolors
5230 info build /Users/Duffis/Desktop/software.nosync/jams-journal-app/node_modules/picocolors
5231 info preinstall picocolors@1.1.1
5232 info linkStuff picocolors@1.1.1
5233 silly linkStuff picocolors@1.1.1 has /Users/Duffis/Desktop/software.nosync/jams-journal-app/node_modules as its parent node_modules
5234 verbose linkBins picocolors@1.1.1
5235 verbose linkMans picocolors@1.1.1
5236 verbose rebuildBundles picocolors@1.1.1
5237 info install picocolors@1.1.1
5238 info postinstall picocolors@1.1.1
5239 verbose rebuild bundle /Users/Duffis/Desktop/software.nosync/jams-journal-app/node_modules/picomatch
5240 info build /Users/Duffis/Desktop/software.nosync/jams-journal-app/node_modules/picomatch
5241 info preinstall picomatch@3.0.1
5242 info linkStuff picomatch@3.0.1
5243 silly linkStuff picomatch@3.0.1 has /Users/Duffis/Desktop/software.nosync/jams-journal-app/node_modules as its parent node_modules
5244 verbose linkBins picomatch@3.0.1
5245 verbose linkMans picomatch@3.0.1
5246 verbose rebuildBundles picomatch@3.0.1
5247 info install picomatch@3.0.1
5248 info postinstall picomatch@3.0.1
5249 verbose rebuild bundle /Users/Duffis/Desktop/software.nosync/jams-journal-app/node_modules/pirates
5250 info build /Users/Duffis/Desktop/software.nosync/jams-journal-app/node_modules/pirates
5251 info preinstall pirates@4.0.7
5252 info linkStuff pirates@4.0.7
5253 silly linkStuff pirates@4.0.7 has /Users/Duffis/Desktop/software.nosync/jams-journal-app/node_modules as its parent node_modules
5254 verbose linkBins pirates@4.0.7
5255 verbose linkMans pirates@4.0.7
5256 verbose rebuildBundles pirates@4.0.7
5257 info install pirates@4.0.7
5258 info postinstall pirates@4.0.7
5259 verbose rebuild bundle /Users/Duffis/Desktop/software.nosync/jams-journal-app/node_modules/plist
5260 info build /Users/Duffis/Desktop/software.nosync/jams-journal-app/node_modules/plist
5261 info preinstall plist@3.1.0
5262 info linkStuff plist@3.1.0
5263 silly linkStuff plist@3.1.0 has /Users/Duffis/Desktop/software.nosync/jams-journal-app/node_modules as its parent node_modules
5264 verbose linkBins plist@3.1.0
5265 verbose linkMans plist@3.1.0
5266 verbose rebuildBundles plist@3.1.0
5267 info install plist@3.1.0
5268 info postinstall plist@3.1.0
5269 verbose rebuild bundle /Users/Duffis/Desktop/software.nosync/jams-journal-app/node_modules/pngjs
5270 info build /Users/Duffis/Desktop/software.nosync/jams-journal-app/node_modules/pngjs
5271 info preinstall pngjs@3.4.0
5272 info linkStuff pngjs@3.4.0
5273 silly linkStuff pngjs@3.4.0 has /Users/Duffis/Desktop/software.nosync/jams-journal-app/node_modules as its parent node_modules
5274 verbose linkBins pngjs@3.4.0
5275 verbose linkMans pngjs@3.4.0
5276 verbose rebuildBundles pngjs@3.4.0
5277 info install pngjs@3.4.0
5278 info postinstall pngjs@3.4.0
5279 verbose rebuild bundle /Users/Duffis/Desktop/software.nosync/jams-journal-app/node_modules/postcss
5280 info build /Users/Duffis/Desktop/software.nosync/jams-journal-app/node_modules/postcss
5281 info preinstall postcss@8.4.49
5282 info linkStuff postcss@8.4.49
5283 silly linkStuff postcss@8.4.49 has /Users/Duffis/Desktop/software.nosync/jams-journal-app/node_modules as its parent node_modules
5284 verbose linkBins postcss@8.4.49
5285 verbose linkMans postcss@8.4.49
5286 verbose rebuildBundles postcss@8.4.49
5287 info install postcss@8.4.49
5288 info postinstall postcss@8.4.49
5289 verbose rebuild bundle /Users/Duffis/Desktop/software.nosync/jams-journal-app/node_modules/postcss-value-parser
5290 info build /Users/Duffis/Desktop/software.nosync/jams-journal-app/node_modules/postcss-value-parser
5291 info preinstall postcss-value-parser@4.2.0
5292 info linkStuff postcss-value-parser@4.2.0
5293 silly linkStuff postcss-value-parser@4.2.0 has /Users/Duffis/Desktop/software.nosync/jams-journal-app/node_modules as its parent node_modules
5294 verbose linkBins postcss-value-parser@4.2.0
5295 verbose linkMans postcss-value-parser@4.2.0
5296 verbose rebuildBundles postcss-value-parser@4.2.0
5297 info install postcss-value-parser@4.2.0
5298 info postinstall postcss-value-parser@4.2.0
5299 verbose rebuild bundle /Users/Duffis/Desktop/software.nosync/jams-journal-app/node_modules/pretty-bytes
5300 info build /Users/Duffis/Desktop/software.nosync/jams-journal-app/node_modules/pretty-bytes
5301 info preinstall pretty-bytes@5.6.0
5302 info linkStuff pretty-bytes@5.6.0
5303 silly linkStuff pretty-bytes@5.6.0 has /Users/Duffis/Desktop/software.nosync/jams-journal-app/node_modules as its parent node_modules
5304 verbose linkBins pretty-bytes@5.6.0
5305 verbose linkMans pretty-bytes@5.6.0
5306 verbose rebuildBundles pretty-bytes@5.6.0
5307 info install pretty-bytes@5.6.0
5308 info postinstall pretty-bytes@5.6.0
5309 verbose rebuild bundle /Users/Duffis/Desktop/software.nosync/jams-journal-app/node_modules/pretty-format
5310 info build /Users/Duffis/Desktop/software.nosync/jams-journal-app/node_modules/pretty-format
5311 info preinstall pretty-format@29.7.0
5312 info linkStuff pretty-format@29.7.0
5313 silly linkStuff pretty-format@29.7.0 has /Users/Duffis/Desktop/software.nosync/jams-journal-app/node_modules as its parent node_modules
5314 verbose linkBins pretty-format@29.7.0
5315 verbose linkMans pretty-format@29.7.0
5316 verbose rebuildBundles pretty-format@29.7.0
5317 verbose rebuildBundles [ 'ansi-styles', 'react-is' ]
5318 info install pretty-format@29.7.0
5319 info postinstall pretty-format@29.7.0
5320 verbose rebuild bundle /Users/Duffis/Desktop/software.nosync/jams-journal-app/node_modules/proc-log
5321 info build /Users/Duffis/Desktop/software.nosync/jams-journal-app/node_modules/proc-log
5322 info preinstall proc-log@4.2.0
5323 info linkStuff proc-log@4.2.0
5324 silly linkStuff proc-log@4.2.0 has /Users/Duffis/Desktop/software.nosync/jams-journal-app/node_modules as its parent node_modules
5325 verbose linkBins proc-log@4.2.0
5326 verbose linkMans proc-log@4.2.0
5327 verbose rebuildBundles proc-log@4.2.0
5328 info install proc-log@4.2.0
5329 info postinstall proc-log@4.2.0
5330 verbose rebuild bundle /Users/Duffis/Desktop/software.nosync/jams-journal-app/node_modules/progress
5331 info build /Users/Duffis/Desktop/software.nosync/jams-journal-app/node_modules/progress
5332 info preinstall progress@2.0.3
5333 info linkStuff progress@2.0.3
5334 silly linkStuff progress@2.0.3 has /Users/Duffis/Desktop/software.nosync/jams-journal-app/node_modules as its parent node_modules
5335 verbose linkBins progress@2.0.3
5336 verbose linkMans progress@2.0.3
5337 verbose rebuildBundles progress@2.0.3
5338 info install progress@2.0.3
5339 info postinstall progress@2.0.3
5340 verbose rebuild bundle /Users/Duffis/Desktop/software.nosync/jams-journal-app/node_modules/promise
5341 info build /Users/Duffis/Desktop/software.nosync/jams-journal-app/node_modules/promise
5342 info preinstall promise@8.3.0
5343 info linkStuff promise@8.3.0
5344 silly linkStuff promise@8.3.0 has /Users/Duffis/Desktop/software.nosync/jams-journal-app/node_modules as its parent node_modules
5345 verbose linkBins promise@8.3.0
5346 verbose linkMans promise@8.3.0
5347 verbose rebuildBundles promise@8.3.0
5348 info install promise@8.3.0
5349 info postinstall promise@8.3.0
5350 verbose rebuild bundle /Users/Duffis/Desktop/software.nosync/jams-journal-app/node_modules/prompts
5351 info build /Users/Duffis/Desktop/software.nosync/jams-journal-app/node_modules/prompts
5352 info preinstall prompts@2.4.2
5353 info linkStuff prompts@2.4.2
5354 silly linkStuff prompts@2.4.2 has /Users/Duffis/Desktop/software.nosync/jams-journal-app/node_modules as its parent node_modules
5355 verbose linkBins prompts@2.4.2
5356 verbose linkMans prompts@2.4.2
5357 verbose rebuildBundles prompts@2.4.2
5358 info install prompts@2.4.2
5359 info postinstall prompts@2.4.2
5360 verbose rebuild bundle /Users/Duffis/Desktop/software.nosync/jams-journal-app/node_modules/prop-types
5361 info build /Users/Duffis/Desktop/software.nosync/jams-journal-app/node_modules/prop-types
5362 info preinstall prop-types@15.8.1
5363 info linkStuff prop-types@15.8.1
5364 silly linkStuff prop-types@15.8.1 has /Users/Duffis/Desktop/software.nosync/jams-journal-app/node_modules as its parent node_modules
5365 verbose linkBins prop-types@15.8.1
5366 verbose linkMans prop-types@15.8.1
5367 verbose rebuildBundles prop-types@15.8.1
5368 info install prop-types@15.8.1
5369 info postinstall prop-types@15.8.1
5370 verbose rebuild bundle /Users/Duffis/Desktop/software.nosync/jams-journal-app/node_modules/punycode
5371 info build /Users/Duffis/Desktop/software.nosync/jams-journal-app/node_modules/punycode
5372 info preinstall punycode@2.3.1
5373 info linkStuff punycode@2.3.1
5374 silly linkStuff punycode@2.3.1 has /Users/Duffis/Desktop/software.nosync/jams-journal-app/node_modules as its parent node_modules
5375 verbose linkBins punycode@2.3.1
5376 verbose linkMans punycode@2.3.1
5377 verbose rebuildBundles punycode@2.3.1
5378 info install punycode@2.3.1
5379 info postinstall punycode@2.3.1
5380 verbose rebuild bundle /Users/Duffis/Desktop/software.nosync/jams-journal-app/node_modules/qrcode-terminal
5381 info build /Users/Duffis/Desktop/software.nosync/jams-journal-app/node_modules/qrcode-terminal
5382 info preinstall qrcode-terminal@0.11.0
5383 info linkStuff qrcode-terminal@0.11.0
5384 silly linkStuff qrcode-terminal@0.11.0 has /Users/Duffis/Desktop/software.nosync/jams-journal-app/node_modules as its parent node_modules
5385 verbose linkBins qrcode-terminal@0.11.0
5386 verbose link bins [
5386 verbose link bins   { 'qrcode-terminal': './bin/qrcode-terminal.js' },
5386 verbose link bins   '/Users/Duffis/Desktop/software.nosync/jams-journal-app/node_modules/.bin',
5386 verbose link bins   false
5386 verbose link bins ]
5387 verbose linkMans qrcode-terminal@0.11.0
5388 verbose rebuildBundles qrcode-terminal@0.11.0
5389 silly gentlyRm /Users/Duffis/Desktop/software.nosync/jams-journal-app/node_modules/.bin/qrcode-terminal is being purged
5390 verbose gentlyRm don't care about contents; nuking /Users/Duffis/Desktop/software.nosync/jams-journal-app/node_modules/.bin/qrcode-terminal
5391 silly vacuum-fs purging /Users/Duffis/Desktop/software.nosync/jams-journal-app/node_modules/.bin/qrcode-terminal
5392 silly vacuum-fs quitting because other entries in /Users/Duffis/Desktop/software.nosync/jams-journal-app/node_modules/.bin
5393 info install qrcode-terminal@0.11.0
5394 info postinstall qrcode-terminal@0.11.0
5395 verbose rebuild bundle /Users/Duffis/Desktop/software.nosync/jams-journal-app/node_modules/qs
5396 info build /Users/Duffis/Desktop/software.nosync/jams-journal-app/node_modules/qs
5397 info preinstall qs@6.14.2
5398 info linkStuff qs@6.14.2
5399 silly linkStuff qs@6.14.2 has /Users/Duffis/Desktop/software.nosync/jams-journal-app/node_modules as its parent node_modules
5400 verbose linkBins qs@6.14.2
5401 verbose linkMans qs@6.14.2
5402 verbose rebuildBundles qs@6.14.2
5403 info install qs@6.14.2
5404 info postinstall qs@6.14.2
5405 verbose rebuild bundle /Users/Duffis/Desktop/software.nosync/jams-journal-app/node_modules/query-string
5406 info build /Users/Duffis/Desktop/software.nosync/jams-journal-app/node_modules/query-string
5407 info preinstall query-string@7.1.3
5408 info linkStuff query-string@7.1.3
5409 silly linkStuff query-string@7.1.3 has /Users/Duffis/Desktop/software.nosync/jams-journal-app/node_modules as its parent node_modules
5410 verbose linkBins query-string@7.1.3
5411 verbose linkMans query-string@7.1.3
5412 verbose rebuildBundles query-string@7.1.3
5413 info install query-string@7.1.3
5414 info postinstall query-string@7.1.3
5415 verbose rebuild bundle /Users/Duffis/Desktop/software.nosync/jams-journal-app/node_modules/queue
5416 info build /Users/Duffis/Desktop/software.nosync/jams-journal-app/node_modules/queue
5417 info preinstall queue@6.0.2
5418 info linkStuff queue@6.0.2
5419 silly linkStuff queue@6.0.2 has /Users/Duffis/Desktop/software.nosync/jams-journal-app/node_modules as its parent node_modules
5420 verbose linkBins queue@6.0.2
5421 verbose linkMans queue@6.0.2
5422 verbose rebuildBundles queue@6.0.2
5423 info install queue@6.0.2
5424 info postinstall queue@6.0.2
5425 verbose rebuild bundle /Users/Duffis/Desktop/software.nosync/jams-journal-app/node_modules/queue-microtask
5426 info build /Users/Duffis/Desktop/software.nosync/jams-journal-app/node_modules/queue-microtask
5427 info preinstall queue-microtask@1.2.3
5428 info linkStuff queue-microtask@1.2.3
5429 silly linkStuff queue-microtask@1.2.3 has /Users/Duffis/Desktop/software.nosync/jams-journal-app/node_modules as its parent node_modules
5430 verbose linkBins queue-microtask@1.2.3
5431 verbose linkMans queue-microtask@1.2.3
5432 verbose rebuildBundles queue-microtask@1.2.3
5433 info install queue-microtask@1.2.3
5434 info postinstall queue-microtask@1.2.3
5435 verbose rebuild bundle /Users/Duffis/Desktop/software.nosync/jams-journal-app/node_modules/ramda
5436 info build /Users/Duffis/Desktop/software.nosync/jams-journal-app/node_modules/ramda
5437 info preinstall ramda@0.27.2
5438 info linkStuff ramda@0.27.2
5439 silly linkStuff ramda@0.27.2 has /Users/Duffis/Desktop/software.nosync/jams-journal-app/node_modules as its parent node_modules
5440 verbose linkBins ramda@0.27.2
5441 verbose linkMans ramda@0.27.2
5442 verbose rebuildBundles ramda@0.27.2
5443 info install ramda@0.27.2
5444 info postinstall ramda@0.27.2
5445 verbose rebuild bundle /Users/Duffis/Desktop/software.nosync/jams-journal-app/node_modules/range-parser
5446 info build /Users/Duffis/Desktop/software.nosync/jams-journal-app/node_modules/range-parser
5447 info preinstall range-parser@1.2.1
5448 info linkStuff range-parser@1.2.1
5449 silly linkStuff range-parser@1.2.1 has /Users/Duffis/Desktop/software.nosync/jams-journal-app/node_modules as its parent node_modules
5450 verbose linkBins range-parser@1.2.1
5451 verbose linkMans range-parser@1.2.1
5452 verbose rebuildBundles range-parser@1.2.1
5453 info install range-parser@1.2.1
5454 info postinstall range-parser@1.2.1
5455 verbose rebuild bundle /Users/Duffis/Desktop/software.nosync/jams-journal-app/node_modules/raw-body
5456 info build /Users/Duffis/Desktop/software.nosync/jams-journal-app/node_modules/raw-body
5457 info preinstall raw-body@2.5.3
5458 info linkStuff raw-body@2.5.3
5459 silly linkStuff raw-body@2.5.3 has /Users/Duffis/Desktop/software.nosync/jams-journal-app/node_modules as its parent node_modules
5460 verbose linkBins raw-body@2.5.3
5461 verbose linkMans raw-body@2.5.3
5462 verbose rebuildBundles raw-body@2.5.3
5463 info install raw-body@2.5.3
5464 info postinstall raw-body@2.5.3
5465 verbose rebuild bundle /Users/Duffis/Desktop/software.nosync/jams-journal-app/node_modules/rc
5466 info build /Users/Duffis/Desktop/software.nosync/jams-journal-app/node_modules/rc
5467 info preinstall rc@1.2.8
5468 info linkStuff rc@1.2.8
5469 silly linkStuff rc@1.2.8 has /Users/Duffis/Desktop/software.nosync/jams-journal-app/node_modules as its parent node_modules
5470 verbose linkBins rc@1.2.8
5471 verbose link bins [
5471 verbose link bins   { rc: './cli.js' },
5471 verbose link bins   '/Users/Duffis/Desktop/software.nosync/jams-journal-app/node_modules/.bin',
5471 verbose link bins   false
5471 verbose link bins ]
5472 verbose linkMans rc@1.2.8
5473 verbose rebuildBundles rc@1.2.8
5474 silly gentlyRm /Users/Duffis/Desktop/software.nosync/jams-journal-app/node_modules/.bin/rc is being purged
5475 verbose gentlyRm don't care about contents; nuking /Users/Duffis/Desktop/software.nosync/jams-journal-app/node_modules/.bin/rc
5476 silly vacuum-fs purging /Users/Duffis/Desktop/software.nosync/jams-journal-app/node_modules/.bin/rc
5477 silly vacuum-fs quitting because other entries in /Users/Duffis/Desktop/software.nosync/jams-journal-app/node_modules/.bin
5478 info install rc@1.2.8
5479 info postinstall rc@1.2.8
5480 verbose rebuild bundle /Users/Duffis/Desktop/software.nosync/jams-journal-app/node_modules/react-devtools-core
5481 info build /Users/Duffis/Desktop/software.nosync/jams-journal-app/node_modules/react-devtools-core
5482 info preinstall react-devtools-core@6.1.5
5483 info linkStuff react-devtools-core@6.1.5
5484 silly linkStuff react-devtools-core@6.1.5 has /Users/Duffis/Desktop/software.nosync/jams-journal-app/node_modules as its parent node_modules
5485 verbose linkBins react-devtools-core@6.1.5
5486 verbose linkMans react-devtools-core@6.1.5
5487 verbose rebuildBundles react-devtools-core@6.1.5
5488 verbose rebuildBundles [ 'ws' ]
5489 info install react-devtools-core@6.1.5
5490 info postinstall react-devtools-core@6.1.5
5491 verbose rebuild bundle /Users/Duffis/Desktop/software.nosync/jams-journal-app/node_modules/react-freeze
5492 info build /Users/Duffis/Desktop/software.nosync/jams-journal-app/node_modules/react-freeze
5493 info preinstall react-freeze@1.0.4
5494 info linkStuff react-freeze@1.0.4
5495 silly linkStuff react-freeze@1.0.4 has /Users/Duffis/Desktop/software.nosync/jams-journal-app/node_modules as its parent node_modules
5496 verbose linkBins react-freeze@1.0.4
5497 verbose linkMans react-freeze@1.0.4
5498 verbose rebuildBundles react-freeze@1.0.4
5499 info install react-freeze@1.0.4
5500 info postinstall react-freeze@1.0.4
5501 verbose rebuild bundle /Users/Duffis/Desktop/software.nosync/jams-journal-app/node_modules/react-is
5502 info build /Users/Duffis/Desktop/software.nosync/jams-journal-app/node_modules/react-is
5503 info preinstall react-is@16.13.1
5504 info linkStuff react-is@16.13.1
5505 silly linkStuff react-is@16.13.1 has /Users/Duffis/Desktop/software.nosync/jams-journal-app/node_modules as its parent node_modules
5506 verbose linkBins react-is@16.13.1
5507 verbose linkMans react-is@16.13.1
5508 verbose rebuildBundles react-is@16.13.1
5509 info install react-is@16.13.1
5510 info postinstall react-is@16.13.1
5511 verbose rebuild bundle /Users/Duffis/Desktop/software.nosync/jams-journal-app/node_modules/react-native-fit-image
5512 info build /Users/Duffis/Desktop/software.nosync/jams-journal-app/node_modules/react-native-fit-image
5513 info preinstall react-native-fit-image@1.5.5
5514 info linkStuff react-native-fit-image@1.5.5
5515 silly linkStuff react-native-fit-image@1.5.5 has /Users/Duffis/Desktop/software.nosync/jams-journal-app/node_modules as its parent node_modules
5516 verbose linkBins react-native-fit-image@1.5.5
5517 verbose linkMans react-native-fit-image@1.5.5
5518 verbose rebuildBundles react-native-fit-image@1.5.5
5519 info install react-native-fit-image@1.5.5
5520 info postinstall react-native-fit-image@1.5.5
5521 verbose rebuild bundle /Users/Duffis/Desktop/software.nosync/jams-journal-app/node_modules/react-native-is-edge-to-edge
5522 info build /Users/Duffis/Desktop/software.nosync/jams-journal-app/node_modules/react-native-is-edge-to-edge
5523 info preinstall react-native-is-edge-to-edge@1.2.1
5524 info linkStuff react-native-is-edge-to-edge@1.2.1
5525 silly linkStuff react-native-is-edge-to-edge@1.2.1 has /Users/Duffis/Desktop/software.nosync/jams-journal-app/node_modules as its parent node_modules
5526 verbose linkBins react-native-is-edge-to-edge@1.2.1
5527 verbose linkMans react-native-is-edge-to-edge@1.2.1
5528 verbose rebuildBundles react-native-is-edge-to-edge@1.2.1
5529 info install react-native-is-edge-to-edge@1.2.1
5530 info postinstall react-native-is-edge-to-edge@1.2.1
5531 verbose rebuild bundle /Users/Duffis/Desktop/software.nosync/jams-journal-app/node_modules/react-native-ratings
5532 info build /Users/Duffis/Desktop/software.nosync/jams-journal-app/node_modules/react-native-ratings
5533 info preinstall react-native-ratings@8.1.0
5534 info linkStuff react-native-ratings@8.1.0
5535 silly linkStuff react-native-ratings@8.1.0 has /Users/Duffis/Desktop/software.nosync/jams-journal-app/node_modules as its parent node_modules
5536 verbose linkBins react-native-ratings@8.1.0
5537 verbose linkMans react-native-ratings@8.1.0
5538 verbose rebuildBundles react-native-ratings@8.1.0
5539 info install react-native-ratings@8.1.0
5540 info postinstall react-native-ratings@8.1.0
5541 verbose rebuild bundle /Users/Duffis/Desktop/software.nosync/jams-journal-app/node_modules/react-native-size-matters
5542 info build /Users/Duffis/Desktop/software.nosync/jams-journal-app/node_modules/react-native-size-matters
5543 info preinstall react-native-size-matters@0.4.2
5544 info linkStuff react-native-size-matters@0.4.2
5545 silly linkStuff react-native-size-matters@0.4.2 has /Users/Duffis/Desktop/software.nosync/jams-journal-app/node_modules as its parent node_modules
5546 verbose linkBins react-native-size-matters@0.4.2
5547 verbose linkMans react-native-size-matters@0.4.2
5548 verbose rebuildBundles react-native-size-matters@0.4.2
5549 info install react-native-size-matters@0.4.2
5550 info postinstall react-native-size-matters@0.4.2
5551 verbose rebuild bundle /Users/Duffis/Desktop/software.nosync/jams-journal-app/node_modules/react-refresh
5552 info build /Users/Duffis/Desktop/software.nosync/jams-journal-app/node_modules/react-refresh
5553 info preinstall react-refresh@0.14.2
5554 info linkStuff react-refresh@0.14.2
5555 silly linkStuff react-refresh@0.14.2 has /Users/Duffis/Desktop/software.nosync/jams-journal-app/node_modules as its parent node_modules
5556 verbose linkBins react-refresh@0.14.2
5557 verbose linkMans react-refresh@0.14.2
5558 verbose rebuildBundles react-refresh@0.14.2
5559 info install react-refresh@0.14.2
5560 info postinstall react-refresh@0.14.2
5561 verbose rebuild bundle /Users/Duffis/Desktop/software.nosync/jams-journal-app/node_modules/readable-stream
5562 info build /Users/Duffis/Desktop/software.nosync/jams-journal-app/node_modules/readable-stream
5563 info preinstall readable-stream@3.6.2
5564 info linkStuff readable-stream@3.6.2
5565 silly linkStuff readable-stream@3.6.2 has /Users/Duffis/Desktop/software.nosync/jams-journal-app/node_modules as its parent node_modules
5566 verbose linkBins readable-stream@3.6.2
5567 verbose linkMans readable-stream@3.6.2
5568 verbose rebuildBundles readable-stream@3.6.2
5569 info install readable-stream@3.6.2
5570 info postinstall readable-stream@3.6.2
5571 verbose rebuild bundle /Users/Duffis/Desktop/software.nosync/jams-journal-app/node_modules/regenerate
5572 info build /Users/Duffis/Desktop/software.nosync/jams-journal-app/node_modules/regenerate
5573 info preinstall regenerate@1.4.2
5574 info linkStuff regenerate@1.4.2
5575 silly linkStuff regenerate@1.4.2 has /Users/Duffis/Desktop/software.nosync/jams-journal-app/node_modules as its parent node_modules
5576 verbose linkBins regenerate@1.4.2
5577 verbose linkMans regenerate@1.4.2
5578 verbose rebuildBundles regenerate@1.4.2
5579 info install regenerate@1.4.2
5580 info postinstall regenerate@1.4.2
5581 verbose rebuild bundle /Users/Duffis/Desktop/software.nosync/jams-journal-app/node_modules/regenerate-unicode-properties
5582 info build /Users/Duffis/Desktop/software.nosync/jams-journal-app/node_modules/regenerate-unicode-properties
5583 info preinstall regenerate-unicode-properties@10.2.2
5584 info linkStuff regenerate-unicode-properties@10.2.2
5585 silly linkStuff regenerate-unicode-properties@10.2.2 has /Users/Duffis/Desktop/software.nosync/jams-journal-app/node_modules as its parent node_modules
5586 verbose linkBins regenerate-unicode-properties@10.2.2
5587 verbose linkMans regenerate-unicode-properties@10.2.2
5588 verbose rebuildBundles regenerate-unicode-properties@10.2.2
5589 info install regenerate-unicode-properties@10.2.2
5590 info postinstall regenerate-unicode-properties@10.2.2
5591 verbose rebuild bundle /Users/Duffis/Desktop/software.nosync/jams-journal-app/node_modules/regenerator-runtime
5592 info build /Users/Duffis/Desktop/software.nosync/jams-journal-app/node_modules/regenerator-runtime
5593 info preinstall regenerator-runtime@0.13.11
5594 info linkStuff regenerator-runtime@0.13.11
5595 silly linkStuff regenerator-runtime@0.13.11 has /Users/Duffis/Desktop/software.nosync/jams-journal-app/node_modules as its parent node_modules
5596 verbose linkBins regenerator-runtime@0.13.11
5597 verbose linkMans regenerator-runtime@0.13.11
5598 verbose rebuildBundles regenerator-runtime@0.13.11
5599 info install regenerator-runtime@0.13.11
5600 info postinstall regenerator-runtime@0.13.11
5601 verbose rebuild bundle /Users/Duffis/Desktop/software.nosync/jams-journal-app/node_modules/regexpu-core
5602 info build /Users/Duffis/Desktop/software.nosync/jams-journal-app/node_modules/regexpu-core
5603 info preinstall regexpu-core@6.4.0
5604 info linkStuff regexpu-core@6.4.0
5605 silly linkStuff regexpu-core@6.4.0 has /Users/Duffis/Desktop/software.nosync/jams-journal-app/node_modules as its parent node_modules
5606 verbose linkBins regexpu-core@6.4.0
5607 verbose linkMans regexpu-core@6.4.0
5608 verbose rebuildBundles regexpu-core@6.4.0
5609 info install regexpu-core@6.4.0
5610 info postinstall regexpu-core@6.4.0
5611 verbose rebuild bundle /Users/Duffis/Desktop/software.nosync/jams-journal-app/node_modules/regjsgen
5612 info build /Users/Duffis/Desktop/software.nosync/jams-journal-app/node_modules/regjsgen
5613 info preinstall regjsgen@0.8.0
5614 info linkStuff regjsgen@0.8.0
5615 silly linkStuff regjsgen@0.8.0 has /Users/Duffis/Desktop/software.nosync/jams-journal-app/node_modules as its parent node_modules
5616 verbose linkBins regjsgen@0.8.0
5617 verbose linkMans regjsgen@0.8.0
5618 verbose rebuildBundles regjsgen@0.8.0
5619 info install regjsgen@0.8.0
5620 info postinstall regjsgen@0.8.0
5621 verbose rebuild bundle /Users/Duffis/Desktop/software.nosync/jams-journal-app/node_modules/regjsparser
5622 info build /Users/Duffis/Desktop/software.nosync/jams-journal-app/node_modules/regjsparser
5623 info preinstall regjsparser@0.13.0
5624 info linkStuff regjsparser@0.13.0
5625 silly linkStuff regjsparser@0.13.0 has /Users/Duffis/Desktop/software.nosync/jams-journal-app/node_modules as its parent node_modules
5626 verbose linkBins regjsparser@0.13.0
5627 verbose link bins [
5627 verbose link bins   { regjsparser: 'bin/parser' },
5627 verbose link bins   '/Users/Duffis/Desktop/software.nosync/jams-journal-app/node_modules/.bin',
5627 verbose link bins   false
5627 verbose link bins ]
5628 verbose linkMans regjsparser@0.13.0
5629 verbose rebuildBundles regjsparser@0.13.0
5630 silly gentlyRm /Users/Duffis/Desktop/software.nosync/jams-journal-app/node_modules/.bin/regjsparser is being purged
5631 verbose gentlyRm don't care about contents; nuking /Users/Duffis/Desktop/software.nosync/jams-journal-app/node_modules/.bin/regjsparser
5632 silly vacuum-fs purging /Users/Duffis/Desktop/software.nosync/jams-journal-app/node_modules/.bin/regjsparser
5633 silly vacuum-fs quitting because other entries in /Users/Duffis/Desktop/software.nosync/jams-journal-app/node_modules/.bin
5634 info install regjsparser@0.13.0
5635 info postinstall regjsparser@0.13.0
5636 verbose rebuild bundle /Users/Duffis/Desktop/software.nosync/jams-journal-app/node_modules/require-directory
5637 info build /Users/Duffis/Desktop/software.nosync/jams-journal-app/node_modules/require-directory
5638 info preinstall require-directory@2.1.1
5639 info linkStuff require-directory@2.1.1
5640 silly linkStuff require-directory@2.1.1 has /Users/Duffis/Desktop/software.nosync/jams-journal-app/node_modules as its parent node_modules
5641 verbose linkBins require-directory@2.1.1
5642 verbose linkMans require-directory@2.1.1
5643 verbose rebuildBundles require-directory@2.1.1
5644 info install require-directory@2.1.1
5645 info postinstall require-directory@2.1.1
5646 verbose rebuild bundle /Users/Duffis/Desktop/software.nosync/jams-journal-app/node_modules/require-from-string
5647 info build /Users/Duffis/Desktop/software.nosync/jams-journal-app/node_modules/require-from-string
5648 info preinstall require-from-string@2.0.2
5649 info linkStuff require-from-string@2.0.2
5650 silly linkStuff require-from-string@2.0.2 has /Users/Duffis/Desktop/software.nosync/jams-journal-app/node_modules as its parent node_modules
5651 verbose linkBins require-from-string@2.0.2
5652 verbose linkMans require-from-string@2.0.2
5653 verbose rebuildBundles require-from-string@2.0.2
5654 info install require-from-string@2.0.2
5655 info postinstall require-from-string@2.0.2
5656 verbose rebuild bundle /Users/Duffis/Desktop/software.nosync/jams-journal-app/node_modules/require-main-filename
5657 info build /Users/Duffis/Desktop/software.nosync/jams-journal-app/node_modules/require-main-filename
5658 info preinstall require-main-filename@2.0.0
5659 info linkStuff require-main-filename@2.0.0
5660 silly linkStuff require-main-filename@2.0.0 has /Users/Duffis/Desktop/software.nosync/jams-journal-app/node_modules as its parent node_modules
5661 verbose linkBins require-main-filename@2.0.0
5662 verbose linkMans require-main-filename@2.0.0
5663 verbose rebuildBundles require-main-filename@2.0.0
5664 info install require-main-filename@2.0.0
5665 info postinstall require-main-filename@2.0.0
5666 verbose rebuild bundle /Users/Duffis/Desktop/software.nosync/jams-journal-app/node_modules/requireg
5667 info build /Users/Duffis/Desktop/software.nosync/jams-journal-app/node_modules/requireg
5668 info preinstall requireg@0.2.2
5669 info linkStuff requireg@0.2.2
5670 silly linkStuff requireg@0.2.2 has /Users/Duffis/Desktop/software.nosync/jams-journal-app/node_modules as its parent node_modules
5671 verbose linkBins requireg@0.2.2
5672 verbose linkMans requireg@0.2.2
5673 verbose rebuildBundles requireg@0.2.2
5674 verbose rebuildBundles [ 'resolve' ]
5675 info install requireg@0.2.2
5676 info postinstall requireg@0.2.2
5677 verbose rebuild bundle /Users/Duffis/Desktop/software.nosync/jams-journal-app/node_modules/resolve
5678 info build /Users/Duffis/Desktop/software.nosync/jams-journal-app/node_modules/resolve
5679 info preinstall resolve@1.22.11
5680 info linkStuff resolve@1.22.11
5681 silly linkStuff resolve@1.22.11 has /Users/Duffis/Desktop/software.nosync/jams-journal-app/node_modules as its parent node_modules
5682 verbose linkBins resolve@1.22.11
5683 verbose link bins [
5683 verbose link bins   { resolve: './bin/resolve' },
5683 verbose link bins   '/Users/Duffis/Desktop/software.nosync/jams-journal-app/node_modules/.bin',
5683 verbose link bins   false
5683 verbose link bins ]
5684 verbose linkMans resolve@1.22.11
5685 verbose rebuildBundles resolve@1.22.11
5686 silly gentlyRm /Users/Duffis/Desktop/software.nosync/jams-journal-app/node_modules/.bin/resolve is being purged
5687 verbose gentlyRm don't care about contents; nuking /Users/Duffis/Desktop/software.nosync/jams-journal-app/node_modules/.bin/resolve
5688 silly vacuum-fs purging /Users/Duffis/Desktop/software.nosync/jams-journal-app/node_modules/.bin/resolve
5689 silly vacuum-fs quitting because other entries in /Users/Duffis/Desktop/software.nosync/jams-journal-app/node_modules/.bin
5690 info install resolve@1.22.11
5691 info postinstall resolve@1.22.11
5692 verbose rebuild bundle /Users/Duffis/Desktop/software.nosync/jams-journal-app/node_modules/resolve-from
5693 info build /Users/Duffis/Desktop/software.nosync/jams-journal-app/node_modules/resolve-from
5694 info preinstall resolve-from@5.0.0
5695 info linkStuff resolve-from@5.0.0
5696 silly linkStuff resolve-from@5.0.0 has /Users/Duffis/Desktop/software.nosync/jams-journal-app/node_modules as its parent node_modules
5697 verbose linkBins resolve-from@5.0.0
5698 verbose linkMans resolve-from@5.0.0
5699 verbose rebuildBundles resolve-from@5.0.0
5700 info install resolve-from@5.0.0
5701 info postinstall resolve-from@5.0.0
5702 verbose rebuild bundle /Users/Duffis/Desktop/software.nosync/jams-journal-app/node_modules/resolve-global
5703 info build /Users/Duffis/Desktop/software.nosync/jams-journal-app/node_modules/resolve-global
5704 info preinstall resolve-global@1.0.0
5705 info linkStuff resolve-global@1.0.0
5706 silly linkStuff resolve-global@1.0.0 has /Users/Duffis/Desktop/software.nosync/jams-journal-app/node_modules as its parent node_modules
5707 verbose linkBins resolve-global@1.0.0
5708 verbose linkMans resolve-global@1.0.0
5709 verbose rebuildBundles resolve-global@1.0.0
5710 info install resolve-global@1.0.0
5711 info postinstall resolve-global@1.0.0
5712 verbose rebuild bundle /Users/Duffis/Desktop/software.nosync/jams-journal-app/node_modules/resolve-workspace-root
5713 info build /Users/Duffis/Desktop/software.nosync/jams-journal-app/node_modules/resolve-workspace-root
5714 info preinstall resolve-workspace-root@2.0.1
5715 info linkStuff resolve-workspace-root@2.0.1
5716 silly linkStuff resolve-workspace-root@2.0.1 has /Users/Duffis/Desktop/software.nosync/jams-journal-app/node_modules as its parent node_modules
5717 verbose linkBins resolve-workspace-root@2.0.1
5718 verbose linkMans resolve-workspace-root@2.0.1
5719 verbose rebuildBundles resolve-workspace-root@2.0.1
5720 info install resolve-workspace-root@2.0.1
5721 info postinstall resolve-workspace-root@2.0.1
5722 verbose rebuild bundle /Users/Duffis/Desktop/software.nosync/jams-journal-app/node_modules/resolve.exports
5723 info build /Users/Duffis/Desktop/software.nosync/jams-journal-app/node_modules/resolve.exports
5724 info preinstall resolve.exports@2.0.3
5725 info linkStuff resolve.exports@2.0.3
5726 silly linkStuff resolve.exports@2.0.3 has /Users/Duffis/Desktop/software.nosync/jams-journal-app/node_modules as its parent node_modules
5727 verbose linkBins resolve.exports@2.0.3
5728 verbose linkMans resolve.exports@2.0.3
5729 verbose rebuildBundles resolve.exports@2.0.3
5730 info install resolve.exports@2.0.3
5731 info postinstall resolve.exports@2.0.3
5732 verbose rebuild bundle /Users/Duffis/Desktop/software.nosync/jams-journal-app/node_modules/response-iterator
5733 info build /Users/Duffis/Desktop/software.nosync/jams-journal-app/node_modules/response-iterator
5734 info preinstall response-iterator@0.2.25
5735 info linkStuff response-iterator@0.2.25
5736 silly linkStuff response-iterator@0.2.25 has /Users/Duffis/Desktop/software.nosync/jams-journal-app/node_modules as its parent node_modules
5737 verbose linkBins response-iterator@0.2.25
5738 verbose linkMans response-iterator@0.2.25
5739 verbose rebuildBundles response-iterator@0.2.25
5740 info install response-iterator@0.2.25
5741 info postinstall response-iterator@0.2.25
5742 verbose rebuild bundle /Users/Duffis/Desktop/software.nosync/jams-journal-app/node_modules/restore-cursor
5743 info build /Users/Duffis/Desktop/software.nosync/jams-journal-app/node_modules/restore-cursor
5744 info preinstall restore-cursor@3.1.0
5745 info linkStuff restore-cursor@3.1.0
5746 silly linkStuff restore-cursor@3.1.0 has /Users/Duffis/Desktop/software.nosync/jams-journal-app/node_modules as its parent node_modules
5747 verbose linkBins restore-cursor@3.1.0
5748 verbose linkMans restore-cursor@3.1.0
5749 verbose rebuildBundles restore-cursor@3.1.0
5750 info install restore-cursor@3.1.0
5751 info postinstall restore-cursor@3.1.0
5752 verbose rebuild bundle /Users/Duffis/Desktop/software.nosync/jams-journal-app/node_modules/reusify
5753 info build /Users/Duffis/Desktop/software.nosync/jams-journal-app/node_modules/reusify
5754 info preinstall reusify@1.1.0
5755 info linkStuff reusify@1.1.0
5756 silly linkStuff reusify@1.1.0 has /Users/Duffis/Desktop/software.nosync/jams-journal-app/node_modules as its parent node_modules
5757 verbose linkBins reusify@1.1.0
5758 verbose linkMans reusify@1.1.0
5759 verbose rebuildBundles reusify@1.1.0
5760 info install reusify@1.1.0
5761 info postinstall reusify@1.1.0
5762 verbose rebuild bundle /Users/Duffis/Desktop/software.nosync/jams-journal-app/node_modules/rimraf
5763 info build /Users/Duffis/Desktop/software.nosync/jams-journal-app/node_modules/rimraf
5764 info preinstall rimraf@3.0.2
5765 info linkStuff rimraf@3.0.2
5766 silly linkStuff rimraf@3.0.2 has /Users/Duffis/Desktop/software.nosync/jams-journal-app/node_modules as its parent node_modules
5767 verbose linkBins rimraf@3.0.2
5768 verbose link bins [
5768 verbose link bins   { rimraf: './bin.js' },
5768 verbose link bins   '/Users/Duffis/Desktop/software.nosync/jams-journal-app/node_modules/.bin',
5768 verbose link bins   false
5768 verbose link bins ]
5769 verbose linkMans rimraf@3.0.2
5770 verbose rebuildBundles rimraf@3.0.2
5771 silly gentlyRm /Users/Duffis/Desktop/software.nosync/jams-journal-app/node_modules/.bin/rimraf is being purged
5772 verbose gentlyRm don't care about contents; nuking /Users/Duffis/Desktop/software.nosync/jams-journal-app/node_modules/.bin/rimraf
5773 verbose rebuildBundles [ 'brace-expansion', 'glob', 'minimatch' ]
5774 verbose rebuild bundle /Users/Duffis/Desktop/software.nosync/jams-journal-app/node_modules/rimraf/node_modules/brace-expansion
5775 silly vacuum-fs purging /Users/Duffis/Desktop/software.nosync/jams-journal-app/node_modules/.bin/rimraf
5776 info build /Users/Duffis/Desktop/software.nosync/jams-journal-app/node_modules/rimraf/node_modules/brace-expansion
5777 silly vacuum-fs quitting because other entries in /Users/Duffis/Desktop/software.nosync/jams-journal-app/node_modules/.bin
5778 info preinstall brace-expansion@1.1.12
5779 info linkStuff brace-expansion@1.1.12
5780 silly linkStuff brace-expansion@1.1.12 has /Users/Duffis/Desktop/software.nosync/jams-journal-app/node_modules/rimraf/node_modules as its parent node_modules
5781 verbose linkBins brace-expansion@1.1.12
5782 verbose linkMans brace-expansion@1.1.12
5783 verbose rebuildBundles brace-expansion@1.1.12
5784 info install brace-expansion@1.1.12
5785 info postinstall brace-expansion@1.1.12
5786 verbose rebuild bundle /Users/Duffis/Desktop/software.nosync/jams-journal-app/node_modules/rimraf/node_modules/minimatch
5787 info build /Users/Duffis/Desktop/software.nosync/jams-journal-app/node_modules/rimraf/node_modules/minimatch
5788 info preinstall minimatch@3.1.2
5789 info linkStuff minimatch@3.1.2
5790 silly linkStuff minimatch@3.1.2 has /Users/Duffis/Desktop/software.nosync/jams-journal-app/node_modules/rimraf/node_modules as its parent node_modules
5791 verbose linkBins minimatch@3.1.2
5792 verbose linkMans minimatch@3.1.2
5793 verbose rebuildBundles minimatch@3.1.2
5794 info install minimatch@3.1.2
5795 info postinstall minimatch@3.1.2
5796 info install rimraf@3.0.2
5797 info postinstall rimraf@3.0.2
5798 verbose rebuild bundle /Users/Duffis/Desktop/software.nosync/jams-journal-app/node_modules/run-parallel
5799 info build /Users/Duffis/Desktop/software.nosync/jams-journal-app/node_modules/run-parallel
5800 info preinstall run-parallel@1.2.0
5801 info linkStuff run-parallel@1.2.0
5802 silly linkStuff run-parallel@1.2.0 has /Users/Duffis/Desktop/software.nosync/jams-journal-app/node_modules as its parent node_modules
5803 verbose linkBins run-parallel@1.2.0
5804 verbose linkMans run-parallel@1.2.0
5805 verbose rebuildBundles run-parallel@1.2.0
5806 info install run-parallel@1.2.0
5807 info postinstall run-parallel@1.2.0
5808 verbose rebuild bundle /Users/Duffis/Desktop/software.nosync/jams-journal-app/node_modules/safe-buffer
5809 info build /Users/Duffis/Desktop/software.nosync/jams-journal-app/node_modules/safe-buffer
5810 info preinstall safe-buffer@5.2.1
5811 info linkStuff safe-buffer@5.2.1
5812 silly linkStuff safe-buffer@5.2.1 has /Users/Duffis/Desktop/software.nosync/jams-journal-app/node_modules as its parent node_modules
5813 verbose linkBins safe-buffer@5.2.1
5814 verbose linkMans safe-buffer@5.2.1
5815 verbose rebuildBundles safe-buffer@5.2.1
5816 info install safe-buffer@5.2.1
5817 info postinstall safe-buffer@5.2.1
5818 verbose rebuild bundle /Users/Duffis/Desktop/software.nosync/jams-journal-app/node_modules/safer-buffer
5819 info build /Users/Duffis/Desktop/software.nosync/jams-journal-app/node_modules/safer-buffer
5820 info preinstall safer-buffer@2.1.2
5821 info linkStuff safer-buffer@2.1.2
5822 silly linkStuff safer-buffer@2.1.2 has /Users/Duffis/Desktop/software.nosync/jams-journal-app/node_modules as its parent node_modules
5823 verbose linkBins safer-buffer@2.1.2
5824 verbose linkMans safer-buffer@2.1.2
5825 verbose rebuildBundles safer-buffer@2.1.2
5826 info install safer-buffer@2.1.2
5827 info postinstall safer-buffer@2.1.2
5828 verbose rebuild bundle /Users/Duffis/Desktop/software.nosync/jams-journal-app/node_modules/sax
5829 info build /Users/Duffis/Desktop/software.nosync/jams-journal-app/node_modules/sax
5830 info preinstall sax@1.4.4
5831 info linkStuff sax@1.4.4
5832 silly linkStuff sax@1.4.4 has /Users/Duffis/Desktop/software.nosync/jams-journal-app/node_modules as its parent node_modules
5833 verbose linkBins sax@1.4.4
5834 verbose linkMans sax@1.4.4
5835 verbose rebuildBundles sax@1.4.4
5836 info install sax@1.4.4
5837 info postinstall sax@1.4.4
5838 verbose rebuild bundle /Users/Duffis/Desktop/software.nosync/jams-journal-app/node_modules/scheduler
5839 info build /Users/Duffis/Desktop/software.nosync/jams-journal-app/node_modules/scheduler
5840 info preinstall scheduler@0.27.0
5841 info linkStuff scheduler@0.27.0
5842 silly linkStuff scheduler@0.27.0 has /Users/Duffis/Desktop/software.nosync/jams-journal-app/node_modules as its parent node_modules
5843 verbose linkBins scheduler@0.27.0
5844 verbose linkMans scheduler@0.27.0
5845 verbose rebuildBundles scheduler@0.27.0
5846 info install scheduler@0.27.0
5847 info postinstall scheduler@0.27.0
5848 verbose rebuild bundle /Users/Duffis/Desktop/software.nosync/jams-journal-app/node_modules/semver
5849 info build /Users/Duffis/Desktop/software.nosync/jams-journal-app/node_modules/semver
5850 info preinstall semver@6.3.1
5851 info linkStuff semver@6.3.1
5852 silly linkStuff semver@6.3.1 has /Users/Duffis/Desktop/software.nosync/jams-journal-app/node_modules as its parent node_modules
5853 verbose linkBins semver@6.3.1
5854 verbose link bins [
5854 verbose link bins   { semver: './bin/semver.js' },
5854 verbose link bins   '/Users/Duffis/Desktop/software.nosync/jams-journal-app/node_modules/.bin',
5854 verbose link bins   false
5854 verbose link bins ]
5855 verbose linkMans semver@6.3.1
5856 verbose rebuildBundles semver@6.3.1
5857 silly gentlyRm /Users/Duffis/Desktop/software.nosync/jams-journal-app/node_modules/.bin/semver is being purged
5858 verbose gentlyRm don't care about contents; nuking /Users/Duffis/Desktop/software.nosync/jams-journal-app/node_modules/.bin/semver
5859 silly vacuum-fs purging /Users/Duffis/Desktop/software.nosync/jams-journal-app/node_modules/.bin/semver
5860 silly vacuum-fs quitting because other entries in /Users/Duffis/Desktop/software.nosync/jams-journal-app/node_modules/.bin
5861 info install semver@6.3.1
5862 info postinstall semver@6.3.1
5863 verbose rebuild bundle /Users/Duffis/Desktop/software.nosync/jams-journal-app/node_modules/send
5864 info build /Users/Duffis/Desktop/software.nosync/jams-journal-app/node_modules/send
5865 info preinstall send@0.19.2
5866 info linkStuff send@0.19.2
5867 silly linkStuff send@0.19.2 has /Users/Duffis/Desktop/software.nosync/jams-journal-app/node_modules as its parent node_modules
5868 verbose linkBins send@0.19.2
5869 verbose linkMans send@0.19.2
5870 verbose rebuildBundles send@0.19.2
5871 verbose rebuildBundles [ '.bin', 'debug', 'encodeurl', 'mime', 'statuses' ]
5872 info install send@0.19.2
5873 info postinstall send@0.19.2
5874 verbose rebuild bundle /Users/Duffis/Desktop/software.nosync/jams-journal-app/node_modules/serialize-error
5875 info build /Users/Duffis/Desktop/software.nosync/jams-journal-app/node_modules/serialize-error
5876 info preinstall serialize-error@2.1.0
5877 info linkStuff serialize-error@2.1.0
5878 silly linkStuff serialize-error@2.1.0 has /Users/Duffis/Desktop/software.nosync/jams-journal-app/node_modules as its parent node_modules
5879 verbose linkBins serialize-error@2.1.0
5880 verbose linkMans serialize-error@2.1.0
5881 verbose rebuildBundles serialize-error@2.1.0
5882 info install serialize-error@2.1.0
5883 info postinstall serialize-error@2.1.0
5884 verbose rebuild bundle /Users/Duffis/Desktop/software.nosync/jams-journal-app/node_modules/serve-static
5885 info build /Users/Duffis/Desktop/software.nosync/jams-journal-app/node_modules/serve-static
5886 info preinstall serve-static@1.16.3
5887 info linkStuff serve-static@1.16.3
5888 silly linkStuff serve-static@1.16.3 has /Users/Duffis/Desktop/software.nosync/jams-journal-app/node_modules as its parent node_modules
5889 verbose linkBins serve-static@1.16.3
5890 verbose linkMans serve-static@1.16.3
5891 verbose rebuildBundles serve-static@1.16.3
5892 verbose rebuildBundles [ 'encodeurl' ]
5893 info install serve-static@1.16.3
5894 info postinstall serve-static@1.16.3
5895 verbose rebuild bundle /Users/Duffis/Desktop/software.nosync/jams-journal-app/node_modules/set-blocking
5896 info build /Users/Duffis/Desktop/software.nosync/jams-journal-app/node_modules/set-blocking
5897 info preinstall set-blocking@2.0.0
5898 info linkStuff set-blocking@2.0.0
5899 silly linkStuff set-blocking@2.0.0 has /Users/Duffis/Desktop/software.nosync/jams-journal-app/node_modules as its parent node_modules
5900 verbose linkBins set-blocking@2.0.0
5901 verbose linkMans set-blocking@2.0.0
5902 verbose rebuildBundles set-blocking@2.0.0
5903 info install set-blocking@2.0.0
5904 info postinstall set-blocking@2.0.0
5905 verbose rebuild bundle /Users/Duffis/Desktop/software.nosync/jams-journal-app/node_modules/setimmediate
5906 info build /Users/Duffis/Desktop/software.nosync/jams-journal-app/node_modules/setimmediate
5907 info preinstall setimmediate@1.0.5
5908 info linkStuff setimmediate@1.0.5
5909 silly linkStuff setimmediate@1.0.5 has /Users/Duffis/Desktop/software.nosync/jams-journal-app/node_modules as its parent node_modules
5910 verbose linkBins setimmediate@1.0.5
5911 verbose linkMans setimmediate@1.0.5
5912 verbose rebuildBundles setimmediate@1.0.5
5913 info install setimmediate@1.0.5
5914 info postinstall setimmediate@1.0.5
5915 verbose rebuild bundle /Users/Duffis/Desktop/software.nosync/jams-journal-app/node_modules/setprototypeof
5916 info build /Users/Duffis/Desktop/software.nosync/jams-journal-app/node_modules/setprototypeof
5917 info preinstall setprototypeof@1.2.0
5918 info linkStuff setprototypeof@1.2.0
5919 silly linkStuff setprototypeof@1.2.0 has /Users/Duffis/Desktop/software.nosync/jams-journal-app/node_modules as its parent node_modules
5920 verbose linkBins setprototypeof@1.2.0
5921 verbose linkMans setprototypeof@1.2.0
5922 verbose rebuildBundles setprototypeof@1.2.0
5923 info install setprototypeof@1.2.0
5924 info postinstall setprototypeof@1.2.0
5925 verbose rebuild bundle /Users/Duffis/Desktop/software.nosync/jams-journal-app/node_modules/shebang-command
5926 info build /Users/Duffis/Desktop/software.nosync/jams-journal-app/node_modules/shebang-command
5927 info preinstall shebang-command@2.0.0
5928 info linkStuff shebang-command@2.0.0
5929 silly linkStuff shebang-command@2.0.0 has /Users/Duffis/Desktop/software.nosync/jams-journal-app/node_modules as its parent node_modules
5930 verbose linkBins shebang-command@2.0.0
5931 verbose linkMans shebang-command@2.0.0
5932 verbose rebuildBundles shebang-command@2.0.0
5933 info install shebang-command@2.0.0
5934 info postinstall shebang-command@2.0.0
5935 verbose rebuild bundle /Users/Duffis/Desktop/software.nosync/jams-journal-app/node_modules/shebang-regex
5936 info build /Users/Duffis/Desktop/software.nosync/jams-journal-app/node_modules/shebang-regex
5937 info preinstall shebang-regex@3.0.0
5938 info linkStuff shebang-regex@3.0.0
5939 silly linkStuff shebang-regex@3.0.0 has /Users/Duffis/Desktop/software.nosync/jams-journal-app/node_modules as its parent node_modules
5940 verbose linkBins shebang-regex@3.0.0
5941 verbose linkMans shebang-regex@3.0.0
5942 verbose rebuildBundles shebang-regex@3.0.0
5943 info install shebang-regex@3.0.0
5944 info postinstall shebang-regex@3.0.0
5945 verbose rebuild bundle /Users/Duffis/Desktop/software.nosync/jams-journal-app/node_modules/shell-quote
5946 info build /Users/Duffis/Desktop/software.nosync/jams-journal-app/node_modules/shell-quote
5947 info preinstall shell-quote@1.8.3
5948 info linkStuff shell-quote@1.8.3
5949 silly linkStuff shell-quote@1.8.3 has /Users/Duffis/Desktop/software.nosync/jams-journal-app/node_modules as its parent node_modules
5950 verbose linkBins shell-quote@1.8.3
5951 verbose linkMans shell-quote@1.8.3
5952 verbose rebuildBundles shell-quote@1.8.3
5953 info install shell-quote@1.8.3
5954 info postinstall shell-quote@1.8.3
5955 verbose rebuild bundle /Users/Duffis/Desktop/software.nosync/jams-journal-app/node_modules/side-channel
5956 info build /Users/Duffis/Desktop/software.nosync/jams-journal-app/node_modules/side-channel
5957 info preinstall side-channel@1.1.0
5958 info linkStuff side-channel@1.1.0
5959 silly linkStuff side-channel@1.1.0 has /Users/Duffis/Desktop/software.nosync/jams-journal-app/node_modules as its parent node_modules
5960 verbose linkBins side-channel@1.1.0
5961 verbose linkMans side-channel@1.1.0
5962 verbose rebuildBundles side-channel@1.1.0
5963 info install side-channel@1.1.0
5964 info postinstall side-channel@1.1.0
5965 verbose rebuild bundle /Users/Duffis/Desktop/software.nosync/jams-journal-app/node_modules/side-channel-list
5966 info build /Users/Duffis/Desktop/software.nosync/jams-journal-app/node_modules/side-channel-list
5967 info preinstall side-channel-list@1.0.0
5968 info linkStuff side-channel-list@1.0.0
5969 silly linkStuff side-channel-list@1.0.0 has /Users/Duffis/Desktop/software.nosync/jams-journal-app/node_modules as its parent node_modules
5970 verbose linkBins side-channel-list@1.0.0
5971 verbose linkMans side-channel-list@1.0.0
5972 verbose rebuildBundles side-channel-list@1.0.0
5973 info install side-channel-list@1.0.0
5974 info postinstall side-channel-list@1.0.0
5975 verbose rebuild bundle /Users/Duffis/Desktop/software.nosync/jams-journal-app/node_modules/side-channel-map
5976 info build /Users/Duffis/Desktop/software.nosync/jams-journal-app/node_modules/side-channel-map
5977 info preinstall side-channel-map@1.0.1
5978 info linkStuff side-channel-map@1.0.1
5979 silly linkStuff side-channel-map@1.0.1 has /Users/Duffis/Desktop/software.nosync/jams-journal-app/node_modules as its parent node_modules
5980 verbose linkBins side-channel-map@1.0.1
5981 verbose linkMans side-channel-map@1.0.1
5982 verbose rebuildBundles side-channel-map@1.0.1
5983 info install side-channel-map@1.0.1
5984 info postinstall side-channel-map@1.0.1
5985 verbose rebuild bundle /Users/Duffis/Desktop/software.nosync/jams-journal-app/node_modules/side-channel-weakmap
5986 info build /Users/Duffis/Desktop/software.nosync/jams-journal-app/node_modules/side-channel-weakmap
5987 info preinstall side-channel-weakmap@1.0.2
5988 info linkStuff side-channel-weakmap@1.0.2
5989 silly linkStuff side-channel-weakmap@1.0.2 has /Users/Duffis/Desktop/software.nosync/jams-journal-app/node_modules as its parent node_modules
5990 verbose linkBins side-channel-weakmap@1.0.2
5991 verbose linkMans side-channel-weakmap@1.0.2
5992 verbose rebuildBundles side-channel-weakmap@1.0.2
5993 info install side-channel-weakmap@1.0.2
5994 info postinstall side-channel-weakmap@1.0.2
5995 verbose rebuild bundle /Users/Duffis/Desktop/software.nosync/jams-journal-app/node_modules/signal-exit
5996 info build /Users/Duffis/Desktop/software.nosync/jams-journal-app/node_modules/signal-exit
5997 info preinstall signal-exit@3.0.7
5998 info linkStuff signal-exit@3.0.7
5999 silly linkStuff signal-exit@3.0.7 has /Users/Duffis/Desktop/software.nosync/jams-journal-app/node_modules as its parent node_modules
6000 verbose linkBins signal-exit@3.0.7
6001 verbose linkMans signal-exit@3.0.7
6002 verbose rebuildBundles signal-exit@3.0.7
6003 info install signal-exit@3.0.7
6004 info postinstall signal-exit@3.0.7
6005 verbose rebuild bundle /Users/Duffis/Desktop/software.nosync/jams-journal-app/node_modules/simple-plist
6006 info build /Users/Duffis/Desktop/software.nosync/jams-journal-app/node_modules/simple-plist
6007 info preinstall simple-plist@1.3.1
6008 info linkStuff simple-plist@1.3.1
6009 silly linkStuff simple-plist@1.3.1 has /Users/Duffis/Desktop/software.nosync/jams-journal-app/node_modules as its parent node_modules
6010 verbose linkBins simple-plist@1.3.1
6011 verbose linkMans simple-plist@1.3.1
6012 verbose rebuildBundles simple-plist@1.3.1
6013 verbose rebuildBundles [ 'bplist-parser' ]
6014 info install simple-plist@1.3.1
6015 info postinstall simple-plist@1.3.1
6016 verbose rebuild bundle /Users/Duffis/Desktop/software.nosync/jams-journal-app/node_modules/simple-swizzle
6017 info build /Users/Duffis/Desktop/software.nosync/jams-journal-app/node_modules/simple-swizzle
6018 info preinstall simple-swizzle@0.2.4
6019 info linkStuff simple-swizzle@0.2.4
6020 silly linkStuff simple-swizzle@0.2.4 has /Users/Duffis/Desktop/software.nosync/jams-journal-app/node_modules as its parent node_modules
6021 verbose linkBins simple-swizzle@0.2.4
6022 verbose linkMans simple-swizzle@0.2.4
6023 verbose rebuildBundles simple-swizzle@0.2.4
6024 verbose rebuildBundles [ 'is-arrayish' ]
6025 info install simple-swizzle@0.2.4
6026 info postinstall simple-swizzle@0.2.4
6027 verbose rebuild bundle /Users/Duffis/Desktop/software.nosync/jams-journal-app/node_modules/sisteransi
6028 info build /Users/Duffis/Desktop/software.nosync/jams-journal-app/node_modules/sisteransi
6029 info preinstall sisteransi@1.0.5
6030 info linkStuff sisteransi@1.0.5
6031 silly linkStuff sisteransi@1.0.5 has /Users/Duffis/Desktop/software.nosync/jams-journal-app/node_modules as its parent node_modules
6032 verbose linkBins sisteransi@1.0.5
6033 verbose linkMans sisteransi@1.0.5
6034 verbose rebuildBundles sisteransi@1.0.5
6035 info install sisteransi@1.0.5
6036 info postinstall sisteransi@1.0.5
6037 verbose rebuild bundle /Users/Duffis/Desktop/software.nosync/jams-journal-app/node_modules/slash
6038 info build /Users/Duffis/Desktop/software.nosync/jams-journal-app/node_modules/slash
6039 info preinstall slash@3.0.0
6040 info linkStuff slash@3.0.0
6041 silly linkStuff slash@3.0.0 has /Users/Duffis/Desktop/software.nosync/jams-journal-app/node_modules as its parent node_modules
6042 verbose linkBins slash@3.0.0
6043 verbose linkMans slash@3.0.0
6044 verbose rebuildBundles slash@3.0.0
6045 info install slash@3.0.0
6046 info postinstall slash@3.0.0
6047 verbose rebuild bundle /Users/Duffis/Desktop/software.nosync/jams-journal-app/node_modules/slice-ansi
6048 info build /Users/Duffis/Desktop/software.nosync/jams-journal-app/node_modules/slice-ansi
6049 info preinstall slice-ansi@2.1.0
6050 info linkStuff slice-ansi@2.1.0
6051 silly linkStuff slice-ansi@2.1.0 has /Users/Duffis/Desktop/software.nosync/jams-journal-app/node_modules as its parent node_modules
6052 verbose linkBins slice-ansi@2.1.0
6053 verbose linkMans slice-ansi@2.1.0
6054 verbose rebuildBundles slice-ansi@2.1.0
6055 verbose rebuildBundles [ 'ansi-styles', 'color-convert', 'color-name' ]
6056 verbose rebuild bundle /Users/Duffis/Desktop/software.nosync/jams-journal-app/node_modules/slice-ansi/node_modules/color-convert
6057 info build /Users/Duffis/Desktop/software.nosync/jams-journal-app/node_modules/slice-ansi/node_modules/color-convert
6058 info preinstall color-convert@1.9.3
6059 info linkStuff color-convert@1.9.3
6060 silly linkStuff color-convert@1.9.3 has /Users/Duffis/Desktop/software.nosync/jams-journal-app/node_modules/slice-ansi/node_modules as its parent node_modules
6061 verbose linkBins color-convert@1.9.3
6062 verbose linkMans color-convert@1.9.3
6063 verbose rebuildBundles color-convert@1.9.3
6064 info install color-convert@1.9.3
6065 info postinstall color-convert@1.9.3
6066 verbose rebuild bundle /Users/Duffis/Desktop/software.nosync/jams-journal-app/node_modules/slice-ansi/node_modules/color-name
6067 info build /Users/Duffis/Desktop/software.nosync/jams-journal-app/node_modules/slice-ansi/node_modules/color-name
6068 info preinstall color-name@1.1.3
6069 info linkStuff color-name@1.1.3
6070 silly linkStuff color-name@1.1.3 has /Users/Duffis/Desktop/software.nosync/jams-journal-app/node_modules/slice-ansi/node_modules as its parent node_modules
6071 verbose linkBins color-name@1.1.3
6072 verbose linkMans color-name@1.1.3
6073 verbose rebuildBundles color-name@1.1.3
6074 info install color-name@1.1.3
6075 info postinstall color-name@1.1.3
6076 info install slice-ansi@2.1.0
6077 info postinstall slice-ansi@2.1.0
6078 verbose rebuild bundle /Users/Duffis/Desktop/software.nosync/jams-journal-app/node_modules/slugify
6079 info build /Users/Duffis/Desktop/software.nosync/jams-journal-app/node_modules/slugify
6080 info preinstall slugify@1.6.6
6081 info linkStuff slugify@1.6.6
6082 silly linkStuff slugify@1.6.6 has /Users/Duffis/Desktop/software.nosync/jams-journal-app/node_modules as its parent node_modules
6083 verbose linkBins slugify@1.6.6
6084 verbose linkMans slugify@1.6.6
6085 verbose rebuildBundles slugify@1.6.6
6086 info install slugify@1.6.6
6087 info postinstall slugify@1.6.6
6088 verbose rebuild bundle /Users/Duffis/Desktop/software.nosync/jams-journal-app/node_modules/source-map
6089 info build /Users/Duffis/Desktop/software.nosync/jams-journal-app/node_modules/source-map
6090 info preinstall source-map@0.5.7
6091 info linkStuff source-map@0.5.7
6092 silly linkStuff source-map@0.5.7 has /Users/Duffis/Desktop/software.nosync/jams-journal-app/node_modules as its parent node_modules
6093 verbose linkBins source-map@0.5.7
6094 verbose linkMans source-map@0.5.7
6095 verbose rebuildBundles source-map@0.5.7
6096 info install source-map@0.5.7
6097 info postinstall source-map@0.5.7
6098 verbose rebuild bundle /Users/Duffis/Desktop/software.nosync/jams-journal-app/node_modules/source-map-js
6099 info build /Users/Duffis/Desktop/software.nosync/jams-journal-app/node_modules/source-map-js
6100 info preinstall source-map-js@1.2.1
6101 info linkStuff source-map-js@1.2.1
6102 silly linkStuff source-map-js@1.2.1 has /Users/Duffis/Desktop/software.nosync/jams-journal-app/node_modules as its parent node_modules
6103 verbose linkBins source-map-js@1.2.1
6104 verbose linkMans source-map-js@1.2.1
6105 verbose rebuildBundles source-map-js@1.2.1
6106 info install source-map-js@1.2.1
6107 info postinstall source-map-js@1.2.1
6108 verbose rebuild bundle /Users/Duffis/Desktop/software.nosync/jams-journal-app/node_modules/source-map-support
6109 info build /Users/Duffis/Desktop/software.nosync/jams-journal-app/node_modules/source-map-support
6110 info preinstall source-map-support@0.5.21
6111 info linkStuff source-map-support@0.5.21
6112 silly linkStuff source-map-support@0.5.21 has /Users/Duffis/Desktop/software.nosync/jams-journal-app/node_modules as its parent node_modules
6113 verbose linkBins source-map-support@0.5.21
6114 verbose linkMans source-map-support@0.5.21
6115 verbose rebuildBundles source-map-support@0.5.21
6116 verbose rebuildBundles [ 'source-map' ]
6117 info install source-map-support@0.5.21
6118 info postinstall source-map-support@0.5.21
6119 verbose rebuild bundle /Users/Duffis/Desktop/software.nosync/jams-journal-app/node_modules/split-on-first
6120 info build /Users/Duffis/Desktop/software.nosync/jams-journal-app/node_modules/split-on-first
6121 info preinstall split-on-first@1.1.0
6122 info linkStuff split-on-first@1.1.0
6123 silly linkStuff split-on-first@1.1.0 has /Users/Duffis/Desktop/software.nosync/jams-journal-app/node_modules as its parent node_modules
6124 verbose linkBins split-on-first@1.1.0
6125 verbose linkMans split-on-first@1.1.0
6126 verbose rebuildBundles split-on-first@1.1.0
6127 info install split-on-first@1.1.0
6128 info postinstall split-on-first@1.1.0
6129 verbose rebuild bundle /Users/Duffis/Desktop/software.nosync/jams-journal-app/node_modules/sprintf-js
6130 info build /Users/Duffis/Desktop/software.nosync/jams-journal-app/node_modules/sprintf-js
6131 info preinstall sprintf-js@1.0.3
6132 info linkStuff sprintf-js@1.0.3
6133 silly linkStuff sprintf-js@1.0.3 has /Users/Duffis/Desktop/software.nosync/jams-journal-app/node_modules as its parent node_modules
6134 verbose linkBins sprintf-js@1.0.3
6135 verbose linkMans sprintf-js@1.0.3
6136 verbose rebuildBundles sprintf-js@1.0.3
6137 info install sprintf-js@1.0.3
6138 info postinstall sprintf-js@1.0.3
6139 verbose rebuild bundle /Users/Duffis/Desktop/software.nosync/jams-journal-app/node_modules/stack-utils
6140 info build /Users/Duffis/Desktop/software.nosync/jams-journal-app/node_modules/stack-utils
6141 info preinstall stack-utils@2.0.6
6142 info linkStuff stack-utils@2.0.6
6143 silly linkStuff stack-utils@2.0.6 has /Users/Duffis/Desktop/software.nosync/jams-journal-app/node_modules as its parent node_modules
6144 verbose linkBins stack-utils@2.0.6
6145 verbose linkMans stack-utils@2.0.6
6146 verbose rebuildBundles stack-utils@2.0.6
6147 verbose rebuildBundles [ 'escape-string-regexp' ]
6148 info install stack-utils@2.0.6
6149 info postinstall stack-utils@2.0.6
6150 verbose rebuild bundle /Users/Duffis/Desktop/software.nosync/jams-journal-app/node_modules/stackframe
6151 info build /Users/Duffis/Desktop/software.nosync/jams-journal-app/node_modules/stackframe
6152 info preinstall stackframe@1.3.4
6153 info linkStuff stackframe@1.3.4
6154 silly linkStuff stackframe@1.3.4 has /Users/Duffis/Desktop/software.nosync/jams-journal-app/node_modules as its parent node_modules
6155 verbose linkBins stackframe@1.3.4
6156 verbose linkMans stackframe@1.3.4
6157 verbose rebuildBundles stackframe@1.3.4
6158 info install stackframe@1.3.4
6159 info postinstall stackframe@1.3.4
6160 verbose rebuild bundle /Users/Duffis/Desktop/software.nosync/jams-journal-app/node_modules/stacktrace-parser
6161 info build /Users/Duffis/Desktop/software.nosync/jams-journal-app/node_modules/stacktrace-parser
6162 info preinstall stacktrace-parser@0.1.11
6163 info linkStuff stacktrace-parser@0.1.11
6164 silly linkStuff stacktrace-parser@0.1.11 has /Users/Duffis/Desktop/software.nosync/jams-journal-app/node_modules as its parent node_modules
6165 verbose linkBins stacktrace-parser@0.1.11
6166 verbose linkMans stacktrace-parser@0.1.11
6167 verbose rebuildBundles stacktrace-parser@0.1.11
6168 info install stacktrace-parser@0.1.11
6169 info postinstall stacktrace-parser@0.1.11
6170 verbose rebuild bundle /Users/Duffis/Desktop/software.nosync/jams-journal-app/node_modules/statuses
6171 info build /Users/Duffis/Desktop/software.nosync/jams-journal-app/node_modules/statuses
6172 info preinstall statuses@1.5.0
6173 info linkStuff statuses@1.5.0
6174 silly linkStuff statuses@1.5.0 has /Users/Duffis/Desktop/software.nosync/jams-journal-app/node_modules as its parent node_modules
6175 verbose linkBins statuses@1.5.0
6176 verbose linkMans statuses@1.5.0
6177 verbose rebuildBundles statuses@1.5.0
6178 info install statuses@1.5.0
6179 info postinstall statuses@1.5.0
6180 verbose rebuild bundle /Users/Duffis/Desktop/software.nosync/jams-journal-app/node_modules/stream-buffers
6181 info build /Users/Duffis/Desktop/software.nosync/jams-journal-app/node_modules/stream-buffers
6182 info preinstall stream-buffers@2.2.0
6183 info linkStuff stream-buffers@2.2.0
6184 silly linkStuff stream-buffers@2.2.0 has /Users/Duffis/Desktop/software.nosync/jams-journal-app/node_modules as its parent node_modules
6185 verbose linkBins stream-buffers@2.2.0
6186 verbose linkMans stream-buffers@2.2.0
6187 verbose rebuildBundles stream-buffers@2.2.0
6188 info install stream-buffers@2.2.0
6189 info postinstall stream-buffers@2.2.0
6190 verbose rebuild bundle /Users/Duffis/Desktop/software.nosync/jams-journal-app/node_modules/strict-uri-encode
6191 info build /Users/Duffis/Desktop/software.nosync/jams-journal-app/node_modules/strict-uri-encode
6192 info preinstall strict-uri-encode@2.0.0
6193 info linkStuff strict-uri-encode@2.0.0
6194 silly linkStuff strict-uri-encode@2.0.0 has /Users/Duffis/Desktop/software.nosync/jams-journal-app/node_modules as its parent node_modules
6195 verbose linkBins strict-uri-encode@2.0.0
6196 verbose linkMans strict-uri-encode@2.0.0
6197 verbose rebuildBundles strict-uri-encode@2.0.0
6198 info install strict-uri-encode@2.0.0
6199 info postinstall strict-uri-encode@2.0.0
6200 verbose rebuild bundle /Users/Duffis/Desktop/software.nosync/jams-journal-app/node_modules/strict-url-sanitise
6201 info build /Users/Duffis/Desktop/software.nosync/jams-journal-app/node_modules/strict-url-sanitise
6202 info preinstall strict-url-sanitise@0.0.1
6203 info linkStuff strict-url-sanitise@0.0.1
6204 silly linkStuff strict-url-sanitise@0.0.1 has /Users/Duffis/Desktop/software.nosync/jams-journal-app/node_modules as its parent node_modules
6205 verbose linkBins strict-url-sanitise@0.0.1
6206 verbose linkMans strict-url-sanitise@0.0.1
6207 verbose rebuildBundles strict-url-sanitise@0.0.1
6208 info install strict-url-sanitise@0.0.1
6209 info postinstall strict-url-sanitise@0.0.1
6210 verbose rebuild bundle /Users/Duffis/Desktop/software.nosync/jams-journal-app/node_modules/string_decoder
6211 info build /Users/Duffis/Desktop/software.nosync/jams-journal-app/node_modules/string_decoder
6212 info preinstall string_decoder@1.3.0
6213 info linkStuff string_decoder@1.3.0
6214 silly linkStuff string_decoder@1.3.0 has /Users/Duffis/Desktop/software.nosync/jams-journal-app/node_modules as its parent node_modules
6215 verbose linkBins string_decoder@1.3.0
6216 verbose linkMans string_decoder@1.3.0
6217 verbose rebuildBundles string_decoder@1.3.0
6218 info install string_decoder@1.3.0
6219 info postinstall string_decoder@1.3.0
6220 verbose rebuild bundle /Users/Duffis/Desktop/software.nosync/jams-journal-app/node_modules/stringify-entities
6221 info build /Users/Duffis/Desktop/software.nosync/jams-journal-app/node_modules/stringify-entities
6222 info preinstall stringify-entities@3.1.0
6223 info linkStuff stringify-entities@3.1.0
6224 silly linkStuff stringify-entities@3.1.0 has /Users/Duffis/Desktop/software.nosync/jams-journal-app/node_modules as its parent node_modules
6225 verbose linkBins stringify-entities@3.1.0
6226 verbose linkMans stringify-entities@3.1.0
6227 verbose rebuildBundles stringify-entities@3.1.0
6228 info install stringify-entities@3.1.0
6229 info postinstall stringify-entities@3.1.0
6230 verbose rebuild bundle /Users/Duffis/Desktop/software.nosync/jams-journal-app/node_modules/strip-ansi
6231 info build /Users/Duffis/Desktop/software.nosync/jams-journal-app/node_modules/strip-ansi
6232 info preinstall strip-ansi@5.2.0
6233 info linkStuff strip-ansi@5.2.0
6234 silly linkStuff strip-ansi@5.2.0 has /Users/Duffis/Desktop/software.nosync/jams-journal-app/node_modules as its parent node_modules
6235 verbose linkBins strip-ansi@5.2.0
6236 verbose linkMans strip-ansi@5.2.0
6237 verbose rebuildBundles strip-ansi@5.2.0
6238 verbose rebuildBundles [ 'ansi-regex' ]
6239 info install strip-ansi@5.2.0
6240 info postinstall strip-ansi@5.2.0
6241 verbose rebuild bundle /Users/Duffis/Desktop/software.nosync/jams-journal-app/node_modules/strip-final-newline
6242 info build /Users/Duffis/Desktop/software.nosync/jams-journal-app/node_modules/strip-final-newline
6243 info preinstall strip-final-newline@2.0.0
6244 info linkStuff strip-final-newline@2.0.0
6245 silly linkStuff strip-final-newline@2.0.0 has /Users/Duffis/Desktop/software.nosync/jams-journal-app/node_modules as its parent node_modules
6246 verbose linkBins strip-final-newline@2.0.0
6247 verbose linkMans strip-final-newline@2.0.0
6248 verbose rebuildBundles strip-final-newline@2.0.0
6249 info install strip-final-newline@2.0.0
6250 info postinstall strip-final-newline@2.0.0
6251 verbose rebuild bundle /Users/Duffis/Desktop/software.nosync/jams-journal-app/node_modules/strip-json-comments
6252 info build /Users/Duffis/Desktop/software.nosync/jams-journal-app/node_modules/strip-json-comments
6253 info preinstall strip-json-comments@2.0.1
6254 info linkStuff strip-json-comments@2.0.1
6255 silly linkStuff strip-json-comments@2.0.1 has /Users/Duffis/Desktop/software.nosync/jams-journal-app/node_modules as its parent node_modules
6256 verbose linkBins strip-json-comments@2.0.1
6257 verbose linkMans strip-json-comments@2.0.1
6258 verbose rebuildBundles strip-json-comments@2.0.1
6259 info install strip-json-comments@2.0.1
6260 info postinstall strip-json-comments@2.0.1
6261 verbose rebuild bundle /Users/Duffis/Desktop/software.nosync/jams-journal-app/node_modules/strnum
6262 info build /Users/Duffis/Desktop/software.nosync/jams-journal-app/node_modules/strnum
6263 info preinstall strnum@1.1.2
6264 info linkStuff strnum@1.1.2
6265 silly linkStuff strnum@1.1.2 has /Users/Duffis/Desktop/software.nosync/jams-journal-app/node_modules as its parent node_modules
6266 verbose linkBins strnum@1.1.2
6267 verbose linkMans strnum@1.1.2
6268 verbose rebuildBundles strnum@1.1.2
6269 info install strnum@1.1.2
6270 info postinstall strnum@1.1.2
6271 verbose rebuild bundle /Users/Duffis/Desktop/software.nosync/jams-journal-app/node_modules/structured-headers
6272 info build /Users/Duffis/Desktop/software.nosync/jams-journal-app/node_modules/structured-headers
6273 info preinstall structured-headers@0.4.1
6274 info linkStuff structured-headers@0.4.1
6275 silly linkStuff structured-headers@0.4.1 has /Users/Duffis/Desktop/software.nosync/jams-journal-app/node_modules as its parent node_modules
6276 verbose linkBins structured-headers@0.4.1
6277 verbose linkMans structured-headers@0.4.1
6278 verbose rebuildBundles structured-headers@0.4.1
6279 info install structured-headers@0.4.1
6280 info postinstall structured-headers@0.4.1
6281 verbose rebuild bundle /Users/Duffis/Desktop/software.nosync/jams-journal-app/node_modules/styleq
6282 info build /Users/Duffis/Desktop/software.nosync/jams-journal-app/node_modules/styleq
6283 info preinstall styleq@0.1.3
6284 info linkStuff styleq@0.1.3
6285 silly linkStuff styleq@0.1.3 has /Users/Duffis/Desktop/software.nosync/jams-journal-app/node_modules as its parent node_modules
6286 verbose linkBins styleq@0.1.3
6287 verbose linkMans styleq@0.1.3
6288 verbose rebuildBundles styleq@0.1.3
6289 info install styleq@0.1.3
6290 info postinstall styleq@0.1.3
6291 verbose rebuild bundle /Users/Duffis/Desktop/software.nosync/jams-journal-app/node_modules/sucrase
6292 info build /Users/Duffis/Desktop/software.nosync/jams-journal-app/node_modules/sucrase
6293 info preinstall sucrase@3.35.1
6294 info linkStuff sucrase@3.35.1
6295 silly linkStuff sucrase@3.35.1 has /Users/Duffis/Desktop/software.nosync/jams-journal-app/node_modules as its parent node_modules
6296 verbose linkBins sucrase@3.35.1
6297 verbose link bins [
6297 verbose link bins   { sucrase: './bin/sucrase', 'sucrase-node': './bin/sucrase-node' },
6297 verbose link bins   '/Users/Duffis/Desktop/software.nosync/jams-journal-app/node_modules/.bin',
6297 verbose link bins   false
6297 verbose link bins ]
6298 verbose linkMans sucrase@3.35.1
6299 verbose rebuildBundles sucrase@3.35.1
6300 silly gentlyRm /Users/Duffis/Desktop/software.nosync/jams-journal-app/node_modules/.bin/sucrase is being purged
6301 verbose gentlyRm don't care about contents; nuking /Users/Duffis/Desktop/software.nosync/jams-journal-app/node_modules/.bin/sucrase
6302 silly gentlyRm /Users/Duffis/Desktop/software.nosync/jams-journal-app/node_modules/.bin/sucrase-node is being purged
6303 verbose gentlyRm don't care about contents; nuking /Users/Duffis/Desktop/software.nosync/jams-journal-app/node_modules/.bin/sucrase-node
6304 verbose rebuildBundles [ 'commander' ]
6305 silly vacuum-fs purging /Users/Duffis/Desktop/software.nosync/jams-journal-app/node_modules/.bin/sucrase
6306 silly vacuum-fs purging /Users/Duffis/Desktop/software.nosync/jams-journal-app/node_modules/.bin/sucrase-node
6307 silly vacuum-fs quitting because other entries in /Users/Duffis/Desktop/software.nosync/jams-journal-app/node_modules/.bin
6308 silly vacuum-fs quitting because other entries in /Users/Duffis/Desktop/software.nosync/jams-journal-app/node_modules/.bin
6309 info install sucrase@3.35.1
6310 info postinstall sucrase@3.35.1
6311 verbose rebuild bundle /Users/Duffis/Desktop/software.nosync/jams-journal-app/node_modules/supports-color
6312 info build /Users/Duffis/Desktop/software.nosync/jams-journal-app/node_modules/supports-color
6313 info preinstall supports-color@7.2.0
6314 info linkStuff supports-color@7.2.0
6315 silly linkStuff supports-color@7.2.0 has /Users/Duffis/Desktop/software.nosync/jams-journal-app/node_modules as its parent node_modules
6316 verbose linkBins supports-color@7.2.0
6317 verbose linkMans supports-color@7.2.0
6318 verbose rebuildBundles supports-color@7.2.0
6319 info install supports-color@7.2.0
6320 info postinstall supports-color@7.2.0
6321 verbose rebuild bundle /Users/Duffis/Desktop/software.nosync/jams-journal-app/node_modules/supports-hyperlinks
6322 info build /Users/Duffis/Desktop/software.nosync/jams-journal-app/node_modules/supports-hyperlinks
6323 info preinstall supports-hyperlinks@2.3.0
6324 info linkStuff supports-hyperlinks@2.3.0
6325 silly linkStuff supports-hyperlinks@2.3.0 has /Users/Duffis/Desktop/software.nosync/jams-journal-app/node_modules as its parent node_modules
6326 verbose linkBins supports-hyperlinks@2.3.0
6327 verbose linkMans supports-hyperlinks@2.3.0
6328 verbose rebuildBundles supports-hyperlinks@2.3.0
6329 info install supports-hyperlinks@2.3.0
6330 info postinstall supports-hyperlinks@2.3.0
6331 verbose rebuild bundle /Users/Duffis/Desktop/software.nosync/jams-journal-app/node_modules/supports-preserve-symlinks-flag
6332 info build /Users/Duffis/Desktop/software.nosync/jams-journal-app/node_modules/supports-preserve-symlinks-flag
6333 info preinstall supports-preserve-symlinks-flag@1.0.0
6334 info linkStuff supports-preserve-symlinks-flag@1.0.0
6335 silly linkStuff supports-preserve-symlinks-flag@1.0.0 has /Users/Duffis/Desktop/software.nosync/jams-journal-app/node_modules as its parent node_modules
6336 verbose linkBins supports-preserve-symlinks-flag@1.0.0
6337 verbose linkMans supports-preserve-symlinks-flag@1.0.0
6338 verbose rebuildBundles supports-preserve-symlinks-flag@1.0.0
6339 info install supports-preserve-symlinks-flag@1.0.0
6340 info postinstall supports-preserve-symlinks-flag@1.0.0
6341 verbose rebuild bundle /Users/Duffis/Desktop/software.nosync/jams-journal-app/node_modules/symbol-observable
6342 info build /Users/Duffis/Desktop/software.nosync/jams-journal-app/node_modules/symbol-observable
6343 info preinstall symbol-observable@4.0.0
6344 info linkStuff symbol-observable@4.0.0
6345 silly linkStuff symbol-observable@4.0.0 has /Users/Duffis/Desktop/software.nosync/jams-journal-app/node_modules as its parent node_modules
6346 verbose linkBins symbol-observable@4.0.0
6347 verbose linkMans symbol-observable@4.0.0
6348 verbose rebuildBundles symbol-observable@4.0.0
6349 info install symbol-observable@4.0.0
6350 info postinstall symbol-observable@4.0.0
6351 verbose rebuild bundle /Users/Duffis/Desktop/software.nosync/jams-journal-app/node_modules/tar
6352 info build /Users/Duffis/Desktop/software.nosync/jams-journal-app/node_modules/tar
6353 info preinstall tar@7.5.9
6354 info linkStuff tar@7.5.9
6355 silly linkStuff tar@7.5.9 has /Users/Duffis/Desktop/software.nosync/jams-journal-app/node_modules as its parent node_modules
6356 verbose linkBins tar@7.5.9
6357 verbose linkMans tar@7.5.9
6358 verbose rebuildBundles tar@7.5.9
6359 verbose rebuildBundles [ 'yallist' ]
6360 info install tar@7.5.9
6361 info postinstall tar@7.5.9
6362 verbose rebuild bundle /Users/Duffis/Desktop/software.nosync/jams-journal-app/node_modules/temp-dir
6363 info build /Users/Duffis/Desktop/software.nosync/jams-journal-app/node_modules/temp-dir
6364 info preinstall temp-dir@2.0.0
6365 info linkStuff temp-dir@2.0.0
6366 silly linkStuff temp-dir@2.0.0 has /Users/Duffis/Desktop/software.nosync/jams-journal-app/node_modules as its parent node_modules
6367 verbose linkBins temp-dir@2.0.0
6368 verbose linkMans temp-dir@2.0.0
6369 verbose rebuildBundles temp-dir@2.0.0
6370 info install temp-dir@2.0.0
6371 info postinstall temp-dir@2.0.0
6372 verbose rebuild bundle /Users/Duffis/Desktop/software.nosync/jams-journal-app/node_modules/terminal-link
6373 info build /Users/Duffis/Desktop/software.nosync/jams-journal-app/node_modules/terminal-link
6374 info preinstall terminal-link@2.1.1
6375 info linkStuff terminal-link@2.1.1
6376 silly linkStuff terminal-link@2.1.1 has /Users/Duffis/Desktop/software.nosync/jams-journal-app/node_modules as its parent node_modules
6377 verbose linkBins terminal-link@2.1.1
6378 verbose linkMans terminal-link@2.1.1
6379 verbose rebuildBundles terminal-link@2.1.1
6380 info install terminal-link@2.1.1
6381 info postinstall terminal-link@2.1.1
6382 verbose rebuild bundle /Users/Duffis/Desktop/software.nosync/jams-journal-app/node_modules/terser
6383 info build /Users/Duffis/Desktop/software.nosync/jams-journal-app/node_modules/terser
6384 info preinstall terser@5.46.0
6385 info linkStuff terser@5.46.0
6386 silly linkStuff terser@5.46.0 has /Users/Duffis/Desktop/software.nosync/jams-journal-app/node_modules as its parent node_modules
6387 verbose linkBins terser@5.46.0
6388 verbose link bins [
6388 verbose link bins   { terser: 'bin/terser' },
6388 verbose link bins   '/Users/Duffis/Desktop/software.nosync/jams-journal-app/node_modules/.bin',
6388 verbose link bins   false
6388 verbose link bins ]
6389 verbose linkMans terser@5.46.0
6390 verbose rebuildBundles terser@5.46.0
6391 silly gentlyRm /Users/Duffis/Desktop/software.nosync/jams-journal-app/node_modules/.bin/terser is being purged
6392 verbose gentlyRm don't care about contents; nuking /Users/Duffis/Desktop/software.nosync/jams-journal-app/node_modules/.bin/terser
6393 verbose rebuildBundles [ 'commander' ]
6394 silly vacuum-fs purging /Users/Duffis/Desktop/software.nosync/jams-journal-app/node_modules/.bin/terser
6395 silly vacuum-fs quitting because other entries in /Users/Duffis/Desktop/software.nosync/jams-journal-app/node_modules/.bin
6396 info install terser@5.46.0
6397 info postinstall terser@5.46.0
6398 verbose rebuild bundle /Users/Duffis/Desktop/software.nosync/jams-journal-app/node_modules/test-exclude
6399 info build /Users/Duffis/Desktop/software.nosync/jams-journal-app/node_modules/test-exclude
6400 info preinstall test-exclude@6.0.0
6401 info linkStuff test-exclude@6.0.0
6402 silly linkStuff test-exclude@6.0.0 has /Users/Duffis/Desktop/software.nosync/jams-journal-app/node_modules as its parent node_modules
6403 verbose linkBins test-exclude@6.0.0
6404 verbose linkMans test-exclude@6.0.0
6405 verbose rebuildBundles test-exclude@6.0.0
6406 verbose rebuildBundles [ 'brace-expansion', 'glob', 'minimatch' ]
6407 verbose rebuild bundle /Users/Duffis/Desktop/software.nosync/jams-journal-app/node_modules/test-exclude/node_modules/brace-expansion
6408 info build /Users/Duffis/Desktop/software.nosync/jams-journal-app/node_modules/test-exclude/node_modules/brace-expansion
6409 info preinstall brace-expansion@1.1.12
6410 info linkStuff brace-expansion@1.1.12
6411 silly linkStuff brace-expansion@1.1.12 has /Users/Duffis/Desktop/software.nosync/jams-journal-app/node_modules/test-exclude/node_modules as its parent node_modules
6412 verbose linkBins brace-expansion@1.1.12
6413 verbose linkMans brace-expansion@1.1.12
6414 verbose rebuildBundles brace-expansion@1.1.12
6415 info install brace-expansion@1.1.12
6416 info postinstall brace-expansion@1.1.12
6417 info install test-exclude@6.0.0
6418 info postinstall test-exclude@6.0.0
6419 verbose rebuild bundle /Users/Duffis/Desktop/software.nosync/jams-journal-app/node_modules/thenify
6420 info build /Users/Duffis/Desktop/software.nosync/jams-journal-app/node_modules/thenify
6421 info preinstall thenify@3.3.1
6422 info linkStuff thenify@3.3.1
6423 silly linkStuff thenify@3.3.1 has /Users/Duffis/Desktop/software.nosync/jams-journal-app/node_modules as its parent node_modules
6424 verbose linkBins thenify@3.3.1
6425 verbose linkMans thenify@3.3.1
6426 verbose rebuildBundles thenify@3.3.1
6427 info install thenify@3.3.1
6428 info postinstall thenify@3.3.1
6429 verbose rebuild bundle /Users/Duffis/Desktop/software.nosync/jams-journal-app/node_modules/thenify-all
6430 info build /Users/Duffis/Desktop/software.nosync/jams-journal-app/node_modules/thenify-all
6431 info preinstall thenify-all@1.6.0
6432 info linkStuff thenify-all@1.6.0
6433 silly linkStuff thenify-all@1.6.0 has /Users/Duffis/Desktop/software.nosync/jams-journal-app/node_modules as its parent node_modules
6434 verbose linkBins thenify-all@1.6.0
6435 verbose linkMans thenify-all@1.6.0
6436 verbose rebuildBundles thenify-all@1.6.0
6437 info install thenify-all@1.6.0
6438 info postinstall thenify-all@1.6.0
6439 verbose rebuild bundle /Users/Duffis/Desktop/software.nosync/jams-journal-app/node_modules/throat
6440 info build /Users/Duffis/Desktop/software.nosync/jams-journal-app/node_modules/throat
6441 info preinstall throat@5.0.0
6442 info linkStuff throat@5.0.0
6443 silly linkStuff throat@5.0.0 has /Users/Duffis/Desktop/software.nosync/jams-journal-app/node_modules as its parent node_modules
6444 verbose linkBins throat@5.0.0
6445 verbose linkMans throat@5.0.0
6446 verbose rebuildBundles throat@5.0.0
6447 info install throat@5.0.0
6448 info postinstall throat@5.0.0
6449 verbose rebuild bundle /Users/Duffis/Desktop/software.nosync/jams-journal-app/node_modules/tinyglobby
6450 info build /Users/Duffis/Desktop/software.nosync/jams-journal-app/node_modules/tinyglobby
6451 info preinstall tinyglobby@0.2.15
6452 info linkStuff tinyglobby@0.2.15
6453 silly linkStuff tinyglobby@0.2.15 has /Users/Duffis/Desktop/software.nosync/jams-journal-app/node_modules as its parent node_modules
6454 verbose linkBins tinyglobby@0.2.15
6455 verbose linkMans tinyglobby@0.2.15
6456 verbose rebuildBundles tinyglobby@0.2.15
6457 verbose rebuildBundles [ 'picomatch' ]
6458 info install tinyglobby@0.2.15
6459 info postinstall tinyglobby@0.2.15
6460 verbose rebuild bundle /Users/Duffis/Desktop/software.nosync/jams-journal-app/node_modules/tmpl
6461 info build /Users/Duffis/Desktop/software.nosync/jams-journal-app/node_modules/tmpl
6462 info preinstall tmpl@1.0.5
6463 info linkStuff tmpl@1.0.5
6464 silly linkStuff tmpl@1.0.5 has /Users/Duffis/Desktop/software.nosync/jams-journal-app/node_modules as its parent node_modules
6465 verbose linkBins tmpl@1.0.5
6466 verbose linkMans tmpl@1.0.5
6467 verbose rebuildBundles tmpl@1.0.5
6468 info install tmpl@1.0.5
6469 info postinstall tmpl@1.0.5
6470 verbose rebuild bundle /Users/Duffis/Desktop/software.nosync/jams-journal-app/node_modules/to-regex-range
6471 info build /Users/Duffis/Desktop/software.nosync/jams-journal-app/node_modules/to-regex-range
6472 info preinstall to-regex-range@5.0.1
6473 info linkStuff to-regex-range@5.0.1
6474 silly linkStuff to-regex-range@5.0.1 has /Users/Duffis/Desktop/software.nosync/jams-journal-app/node_modules as its parent node_modules
6475 verbose linkBins to-regex-range@5.0.1
6476 verbose linkMans to-regex-range@5.0.1
6477 verbose rebuildBundles to-regex-range@5.0.1
6478 info install to-regex-range@5.0.1
6479 info postinstall to-regex-range@5.0.1
6480 verbose rebuild bundle /Users/Duffis/Desktop/software.nosync/jams-journal-app/node_modules/toidentifier
6481 info build /Users/Duffis/Desktop/software.nosync/jams-journal-app/node_modules/toidentifier
6482 info preinstall toidentifier@1.0.1
6483 info linkStuff toidentifier@1.0.1
6484 silly linkStuff toidentifier@1.0.1 has /Users/Duffis/Desktop/software.nosync/jams-journal-app/node_modules as its parent node_modules
6485 verbose linkBins toidentifier@1.0.1
6486 verbose linkMans toidentifier@1.0.1
6487 verbose rebuildBundles toidentifier@1.0.1
6488 info install toidentifier@1.0.1
6489 info postinstall toidentifier@1.0.1
6490 verbose rebuild bundle /Users/Duffis/Desktop/software.nosync/jams-journal-app/node_modules/tr46
6491 info build /Users/Duffis/Desktop/software.nosync/jams-journal-app/node_modules/tr46
6492 info preinstall tr46@0.0.3
6493 info linkStuff tr46@0.0.3
6494 silly linkStuff tr46@0.0.3 has /Users/Duffis/Desktop/software.nosync/jams-journal-app/node_modules as its parent node_modules
6495 verbose linkBins tr46@0.0.3
6496 verbose linkMans tr46@0.0.3
6497 verbose rebuildBundles tr46@0.0.3
6498 info install tr46@0.0.3
6499 info postinstall tr46@0.0.3
6500 verbose rebuild bundle /Users/Duffis/Desktop/software.nosync/jams-journal-app/node_modules/ts-interface-checker
6501 info build /Users/Duffis/Desktop/software.nosync/jams-journal-app/node_modules/ts-interface-checker
6502 info preinstall ts-interface-checker@0.1.13
6503 info linkStuff ts-interface-checker@0.1.13
6504 silly linkStuff ts-interface-checker@0.1.13 has /Users/Duffis/Desktop/software.nosync/jams-journal-app/node_modules as its parent node_modules
6505 verbose linkBins ts-interface-checker@0.1.13
6506 verbose linkMans ts-interface-checker@0.1.13
6507 verbose rebuildBundles ts-interface-checker@0.1.13
6508 info install ts-interface-checker@0.1.13
6509 info postinstall ts-interface-checker@0.1.13
6510 verbose rebuild bundle /Users/Duffis/Desktop/software.nosync/jams-journal-app/node_modules/ts-invariant
6511 info build /Users/Duffis/Desktop/software.nosync/jams-journal-app/node_modules/ts-invariant
6512 info preinstall ts-invariant@0.10.3
6513 info linkStuff ts-invariant@0.10.3
6514 silly linkStuff ts-invariant@0.10.3 has /Users/Duffis/Desktop/software.nosync/jams-journal-app/node_modules as its parent node_modules
6515 verbose linkBins ts-invariant@0.10.3
6516 verbose linkMans ts-invariant@0.10.3
6517 verbose rebuildBundles ts-invariant@0.10.3
6518 info install ts-invariant@0.10.3
6519 info postinstall ts-invariant@0.10.3
6520 verbose rebuild bundle /Users/Duffis/Desktop/software.nosync/jams-journal-app/node_modules/ts-toolbelt
6521 info build /Users/Duffis/Desktop/software.nosync/jams-journal-app/node_modules/ts-toolbelt
6522 info preinstall ts-toolbelt@6.15.5
6523 info linkStuff ts-toolbelt@6.15.5
6524 silly linkStuff ts-toolbelt@6.15.5 has /Users/Duffis/Desktop/software.nosync/jams-journal-app/node_modules as its parent node_modules
6525 verbose linkBins ts-toolbelt@6.15.5
6526 verbose linkMans ts-toolbelt@6.15.5
6527 verbose rebuildBundles ts-toolbelt@6.15.5
6528 info install ts-toolbelt@6.15.5
6529 info postinstall ts-toolbelt@6.15.5
6530 verbose rebuild bundle /Users/Duffis/Desktop/software.nosync/jams-journal-app/node_modules/tslib
6531 info build /Users/Duffis/Desktop/software.nosync/jams-journal-app/node_modules/tslib
6532 info preinstall tslib@2.8.1
6533 info linkStuff tslib@2.8.1
6534 silly linkStuff tslib@2.8.1 has /Users/Duffis/Desktop/software.nosync/jams-journal-app/node_modules as its parent node_modules
6535 verbose linkBins tslib@2.8.1
6536 verbose linkMans tslib@2.8.1
6537 verbose rebuildBundles tslib@2.8.1
6538 info install tslib@2.8.1
6539 info postinstall tslib@2.8.1
6540 verbose rebuild bundle /Users/Duffis/Desktop/software.nosync/jams-journal-app/node_modules/type-detect
6541 info build /Users/Duffis/Desktop/software.nosync/jams-journal-app/node_modules/type-detect
6542 info preinstall type-detect@4.0.8
6543 info linkStuff type-detect@4.0.8
6544 silly linkStuff type-detect@4.0.8 has /Users/Duffis/Desktop/software.nosync/jams-journal-app/node_modules as its parent node_modules
6545 verbose linkBins type-detect@4.0.8
6546 verbose linkMans type-detect@4.0.8
6547 verbose rebuildBundles type-detect@4.0.8
6548 info install type-detect@4.0.8
6549 info postinstall type-detect@4.0.8
6550 verbose rebuild bundle /Users/Duffis/Desktop/software.nosync/jams-journal-app/node_modules/type-fest
6551 info build /Users/Duffis/Desktop/software.nosync/jams-journal-app/node_modules/type-fest
6552 info preinstall type-fest@0.7.1
6553 info linkStuff type-fest@0.7.1
6554 silly linkStuff type-fest@0.7.1 has /Users/Duffis/Desktop/software.nosync/jams-journal-app/node_modules as its parent node_modules
6555 verbose linkBins type-fest@0.7.1
6556 verbose linkMans type-fest@0.7.1
6557 verbose rebuildBundles type-fest@0.7.1
6558 info install type-fest@0.7.1
6559 info postinstall type-fest@0.7.1
6560 verbose rebuild bundle /Users/Duffis/Desktop/software.nosync/jams-journal-app/node_modules/type-is
6561 info build /Users/Duffis/Desktop/software.nosync/jams-journal-app/node_modules/type-is
6562 info preinstall type-is@1.6.18
6563 info linkStuff type-is@1.6.18
6564 silly linkStuff type-is@1.6.18 has /Users/Duffis/Desktop/software.nosync/jams-journal-app/node_modules as its parent node_modules
6565 verbose linkBins type-is@1.6.18
6566 verbose linkMans type-is@1.6.18
6567 verbose rebuildBundles type-is@1.6.18
6568 info install type-is@1.6.18
6569 info postinstall type-is@1.6.18
6570 verbose rebuild bundle /Users/Duffis/Desktop/software.nosync/jams-journal-app/node_modules/ua-parser-js
6571 info build /Users/Duffis/Desktop/software.nosync/jams-journal-app/node_modules/ua-parser-js
6572 info preinstall ua-parser-js@1.0.41
6573 info linkStuff ua-parser-js@1.0.41
6574 silly linkStuff ua-parser-js@1.0.41 has /Users/Duffis/Desktop/software.nosync/jams-journal-app/node_modules as its parent node_modules
6575 verbose linkBins ua-parser-js@1.0.41
6576 verbose link bins [
6576 verbose link bins   { 'ua-parser-js': './script/cli.js' },
6576 verbose link bins   '/Users/Duffis/Desktop/software.nosync/jams-journal-app/node_modules/.bin',
6576 verbose link bins   false
6576 verbose link bins ]
6577 verbose linkMans ua-parser-js@1.0.41
6578 verbose rebuildBundles ua-parser-js@1.0.41
6579 silly gentlyRm /Users/Duffis/Desktop/software.nosync/jams-journal-app/node_modules/.bin/ua-parser-js is being purged
6580 verbose gentlyRm don't care about contents; nuking /Users/Duffis/Desktop/software.nosync/jams-journal-app/node_modules/.bin/ua-parser-js
6581 silly vacuum-fs purging /Users/Duffis/Desktop/software.nosync/jams-journal-app/node_modules/.bin/ua-parser-js
6582 silly vacuum-fs quitting because other entries in /Users/Duffis/Desktop/software.nosync/jams-journal-app/node_modules/.bin
6583 info install ua-parser-js@1.0.41
6584 info postinstall ua-parser-js@1.0.41
6585 verbose rebuild bundle /Users/Duffis/Desktop/software.nosync/jams-journal-app/node_modules/uc.micro
6586 info build /Users/Duffis/Desktop/software.nosync/jams-journal-app/node_modules/uc.micro
6587 info preinstall uc.micro@1.0.6
6588 info linkStuff uc.micro@1.0.6
6589 silly linkStuff uc.micro@1.0.6 has /Users/Duffis/Desktop/software.nosync/jams-journal-app/node_modules as its parent node_modules
6590 verbose linkBins uc.micro@1.0.6
6591 verbose linkMans uc.micro@1.0.6
6592 verbose rebuildBundles uc.micro@1.0.6
6593 info install uc.micro@1.0.6
6594 info postinstall uc.micro@1.0.6
6595 verbose rebuild bundle /Users/Duffis/Desktop/software.nosync/jams-journal-app/node_modules/undici
6596 info build /Users/Duffis/Desktop/software.nosync/jams-journal-app/node_modules/undici
6597 info preinstall undici@6.23.0
6598 info linkStuff undici@6.23.0
6599 silly linkStuff undici@6.23.0 has /Users/Duffis/Desktop/software.nosync/jams-journal-app/node_modules as its parent node_modules
6600 verbose linkBins undici@6.23.0
6601 verbose linkMans undici@6.23.0
6602 verbose rebuildBundles undici@6.23.0
6603 info install undici@6.23.0
6604 info postinstall undici@6.23.0
6605 verbose rebuild bundle /Users/Duffis/Desktop/software.nosync/jams-journal-app/node_modules/undici-types
6606 info build /Users/Duffis/Desktop/software.nosync/jams-journal-app/node_modules/undici-types
6607 info preinstall undici-types@7.18.2
6608 info linkStuff undici-types@7.18.2
6609 silly linkStuff undici-types@7.18.2 has /Users/Duffis/Desktop/software.nosync/jams-journal-app/node_modules as its parent node_modules
6610 verbose linkBins undici-types@7.18.2
6611 verbose linkMans undici-types@7.18.2
6612 verbose rebuildBundles undici-types@7.18.2
6613 info install undici-types@7.18.2
6614 info postinstall undici-types@7.18.2
6615 verbose rebuild bundle /Users/Duffis/Desktop/software.nosync/jams-journal-app/node_modules/unicode-canonical-property-names-ecmascript
6616 info build /Users/Duffis/Desktop/software.nosync/jams-journal-app/node_modules/unicode-canonical-property-names-ecmascript
6617 info preinstall unicode-canonical-property-names-ecmascript@2.0.1
6618 info linkStuff unicode-canonical-property-names-ecmascript@2.0.1
6619 silly linkStuff unicode-canonical-property-names-ecmascript@2.0.1 has /Users/Duffis/Desktop/software.nosync/jams-journal-app/node_modules as its parent node_modules
6620 verbose linkBins unicode-canonical-property-names-ecmascript@2.0.1
6621 verbose linkMans unicode-canonical-property-names-ecmascript@2.0.1
6622 verbose rebuildBundles unicode-canonical-property-names-ecmascript@2.0.1
6623 info install unicode-canonical-property-names-ecmascript@2.0.1
6624 info postinstall unicode-canonical-property-names-ecmascript@2.0.1
6625 verbose rebuild bundle /Users/Duffis/Desktop/software.nosync/jams-journal-app/node_modules/unicode-match-property-ecmascript
6626 info build /Users/Duffis/Desktop/software.nosync/jams-journal-app/node_modules/unicode-match-property-ecmascript
6627 info preinstall unicode-match-property-ecmascript@2.0.0
6628 info linkStuff unicode-match-property-ecmascript@2.0.0
6629 silly linkStuff unicode-match-property-ecmascript@2.0.0 has /Users/Duffis/Desktop/software.nosync/jams-journal-app/node_modules as its parent node_modules
6630 verbose linkBins unicode-match-property-ecmascript@2.0.0
6631 verbose linkMans unicode-match-property-ecmascript@2.0.0
6632 verbose rebuildBundles unicode-match-property-ecmascript@2.0.0
6633 info install unicode-match-property-ecmascript@2.0.0
6634 info postinstall unicode-match-property-ecmascript@2.0.0
6635 verbose rebuild bundle /Users/Duffis/Desktop/software.nosync/jams-journal-app/node_modules/unicode-match-property-value-ecmascript
6636 info build /Users/Duffis/Desktop/software.nosync/jams-journal-app/node_modules/unicode-match-property-value-ecmascript
6637 info preinstall unicode-match-property-value-ecmascript@2.2.1
6638 info linkStuff unicode-match-property-value-ecmascript@2.2.1
6639 silly linkStuff unicode-match-property-value-ecmascript@2.2.1 has /Users/Duffis/Desktop/software.nosync/jams-journal-app/node_modules as its parent node_modules
6640 verbose linkBins unicode-match-property-value-ecmascript@2.2.1
6641 verbose linkMans unicode-match-property-value-ecmascript@2.2.1
6642 verbose rebuildBundles unicode-match-property-value-ecmascript@2.2.1
6643 info install unicode-match-property-value-ecmascript@2.2.1
6644 info postinstall unicode-match-property-value-ecmascript@2.2.1
6645 verbose rebuild bundle /Users/Duffis/Desktop/software.nosync/jams-journal-app/node_modules/unicode-property-aliases-ecmascript
6646 info build /Users/Duffis/Desktop/software.nosync/jams-journal-app/node_modules/unicode-property-aliases-ecmascript
6647 info preinstall unicode-property-aliases-ecmascript@2.2.0
6648 info linkStuff unicode-property-aliases-ecmascript@2.2.0
6649 silly linkStuff unicode-property-aliases-ecmascript@2.2.0 has /Users/Duffis/Desktop/software.nosync/jams-journal-app/node_modules as its parent node_modules
6650 verbose linkBins unicode-property-aliases-ecmascript@2.2.0
6651 verbose linkMans unicode-property-aliases-ecmascript@2.2.0
6652 verbose rebuildBundles unicode-property-aliases-ecmascript@2.2.0
6653 info install unicode-property-aliases-ecmascript@2.2.0
6654 info postinstall unicode-property-aliases-ecmascript@2.2.0
6655 verbose rebuild bundle /Users/Duffis/Desktop/software.nosync/jams-journal-app/node_modules/unique-string
6656 info build /Users/Duffis/Desktop/software.nosync/jams-journal-app/node_modules/unique-string
6657 info preinstall unique-string@2.0.0
6658 info linkStuff unique-string@2.0.0
6659 silly linkStuff unique-string@2.0.0 has /Users/Duffis/Desktop/software.nosync/jams-journal-app/node_modules as its parent node_modules
6660 verbose linkBins unique-string@2.0.0
6661 verbose linkMans unique-string@2.0.0
6662 verbose rebuildBundles unique-string@2.0.0
6663 info install unique-string@2.0.0
6664 info postinstall unique-string@2.0.0
6665 verbose rebuild bundle /Users/Duffis/Desktop/software.nosync/jams-journal-app/node_modules/universalify
6666 info build /Users/Duffis/Desktop/software.nosync/jams-journal-app/node_modules/universalify
6667 info preinstall universalify@0.1.2
6668 info linkStuff universalify@0.1.2
6669 silly linkStuff universalify@0.1.2 has /Users/Duffis/Desktop/software.nosync/jams-journal-app/node_modules as its parent node_modules
6670 verbose linkBins universalify@0.1.2
6671 verbose linkMans universalify@0.1.2
6672 verbose rebuildBundles universalify@0.1.2
6673 info install universalify@0.1.2
6674 info postinstall universalify@0.1.2
6675 verbose rebuild bundle /Users/Duffis/Desktop/software.nosync/jams-journal-app/node_modules/unpipe
6676 info build /Users/Duffis/Desktop/software.nosync/jams-journal-app/node_modules/unpipe
6677 info preinstall unpipe@1.0.0
6678 info linkStuff unpipe@1.0.0
6679 silly linkStuff unpipe@1.0.0 has /Users/Duffis/Desktop/software.nosync/jams-journal-app/node_modules as its parent node_modules
6680 verbose linkBins unpipe@1.0.0
6681 verbose linkMans unpipe@1.0.0
6682 verbose rebuildBundles unpipe@1.0.0
6683 info install unpipe@1.0.0
6684 info postinstall unpipe@1.0.0
6685 verbose rebuild bundle /Users/Duffis/Desktop/software.nosync/jams-journal-app/node_modules/update-browserslist-db
6686 info build /Users/Duffis/Desktop/software.nosync/jams-journal-app/node_modules/update-browserslist-db
6687 info preinstall update-browserslist-db@1.2.3
6688 info linkStuff update-browserslist-db@1.2.3
6689 silly linkStuff update-browserslist-db@1.2.3 has /Users/Duffis/Desktop/software.nosync/jams-journal-app/node_modules as its parent node_modules
6690 verbose linkBins update-browserslist-db@1.2.3
6691 verbose link bins [
6691 verbose link bins   { 'update-browserslist-db': 'cli.js' },
6691 verbose link bins   '/Users/Duffis/Desktop/software.nosync/jams-journal-app/node_modules/.bin',
6691 verbose link bins   false
6691 verbose link bins ]
6692 verbose linkMans update-browserslist-db@1.2.3
6693 verbose rebuildBundles update-browserslist-db@1.2.3
6694 silly gentlyRm /Users/Duffis/Desktop/software.nosync/jams-journal-app/node_modules/.bin/update-browserslist-db is being purged
6695 verbose gentlyRm don't care about contents; nuking /Users/Duffis/Desktop/software.nosync/jams-journal-app/node_modules/.bin/update-browserslist-db
6696 silly vacuum-fs purging /Users/Duffis/Desktop/software.nosync/jams-journal-app/node_modules/.bin/update-browserslist-db
6697 silly vacuum-fs quitting because other entries in /Users/Duffis/Desktop/software.nosync/jams-journal-app/node_modules/.bin
6698 info install update-browserslist-db@1.2.3
6699 info postinstall update-browserslist-db@1.2.3
6700 verbose rebuild bundle /Users/Duffis/Desktop/software.nosync/jams-journal-app/node_modules/urijs
6701 info build /Users/Duffis/Desktop/software.nosync/jams-journal-app/node_modules/urijs
6702 info preinstall urijs@1.19.11
6703 info linkStuff urijs@1.19.11
6704 silly linkStuff urijs@1.19.11 has /Users/Duffis/Desktop/software.nosync/jams-journal-app/node_modules as its parent node_modules
6705 verbose linkBins urijs@1.19.11
6706 verbose linkMans urijs@1.19.11
6707 verbose rebuildBundles urijs@1.19.11
6708 info install urijs@1.19.11
6709 info postinstall urijs@1.19.11
6710 verbose rebuild bundle /Users/Duffis/Desktop/software.nosync/jams-journal-app/node_modules/use-latest-callback
6711 info build /Users/Duffis/Desktop/software.nosync/jams-journal-app/node_modules/use-latest-callback
6712 info preinstall use-latest-callback@0.2.6
6713 info linkStuff use-latest-callback@0.2.6
6714 silly linkStuff use-latest-callback@0.2.6 has /Users/Duffis/Desktop/software.nosync/jams-journal-app/node_modules as its parent node_modules
6715 verbose linkBins use-latest-callback@0.2.6
6716 verbose linkMans use-latest-callback@0.2.6
6717 verbose rebuildBundles use-latest-callback@0.2.6
6718 info install use-latest-callback@0.2.6
6719 info postinstall use-latest-callback@0.2.6
6720 verbose rebuild bundle /Users/Duffis/Desktop/software.nosync/jams-journal-app/node_modules/util-deprecate
6721 info build /Users/Duffis/Desktop/software.nosync/jams-journal-app/node_modules/util-deprecate
6722 info preinstall util-deprecate@1.0.2
6723 info linkStuff util-deprecate@1.0.2
6724 silly linkStuff util-deprecate@1.0.2 has /Users/Duffis/Desktop/software.nosync/jams-journal-app/node_modules as its parent node_modules
6725 verbose linkBins util-deprecate@1.0.2
6726 verbose linkMans util-deprecate@1.0.2
6727 verbose rebuildBundles util-deprecate@1.0.2
6728 info install util-deprecate@1.0.2
6729 info postinstall util-deprecate@1.0.2
6730 verbose rebuild bundle /Users/Duffis/Desktop/software.nosync/jams-journal-app/node_modules/utils-merge
6731 info build /Users/Duffis/Desktop/software.nosync/jams-journal-app/node_modules/utils-merge
6732 info preinstall utils-merge@1.0.1
6733 info linkStuff utils-merge@1.0.1
6734 silly linkStuff utils-merge@1.0.1 has /Users/Duffis/Desktop/software.nosync/jams-journal-app/node_modules as its parent node_modules
6735 verbose linkBins utils-merge@1.0.1
6736 verbose linkMans utils-merge@1.0.1
6737 verbose rebuildBundles utils-merge@1.0.1
6738 info install utils-merge@1.0.1
6739 info postinstall utils-merge@1.0.1
6740 verbose rebuild bundle /Users/Duffis/Desktop/software.nosync/jams-journal-app/node_modules/uuid
6741 info build /Users/Duffis/Desktop/software.nosync/jams-journal-app/node_modules/uuid
6742 info preinstall uuid@7.0.3
6743 info linkStuff uuid@7.0.3
6744 silly linkStuff uuid@7.0.3 has /Users/Duffis/Desktop/software.nosync/jams-journal-app/node_modules as its parent node_modules
6745 verbose linkBins uuid@7.0.3
6746 verbose link bins [
6746 verbose link bins   { uuid: 'dist/bin/uuid' },
6746 verbose link bins   '/Users/Duffis/Desktop/software.nosync/jams-journal-app/node_modules/.bin',
6746 verbose link bins   false
6746 verbose link bins ]
6747 verbose linkMans uuid@7.0.3
6748 verbose rebuildBundles uuid@7.0.3
6749 silly gentlyRm /Users/Duffis/Desktop/software.nosync/jams-journal-app/node_modules/.bin/uuid is being purged
6750 verbose gentlyRm don't care about contents; nuking /Users/Duffis/Desktop/software.nosync/jams-journal-app/node_modules/.bin/uuid
6751 silly vacuum-fs purging /Users/Duffis/Desktop/software.nosync/jams-journal-app/node_modules/.bin/uuid
6752 silly vacuum-fs quitting because other entries in /Users/Duffis/Desktop/software.nosync/jams-journal-app/node_modules/.bin
6753 info install uuid@7.0.3
6754 info postinstall uuid@7.0.3
6755 verbose rebuild bundle /Users/Duffis/Desktop/software.nosync/jams-journal-app/node_modules/validate-npm-package-name
6756 info build /Users/Duffis/Desktop/software.nosync/jams-journal-app/node_modules/validate-npm-package-name
6757 info preinstall validate-npm-package-name@5.0.1
6758 info linkStuff validate-npm-package-name@5.0.1
6759 silly linkStuff validate-npm-package-name@5.0.1 has /Users/Duffis/Desktop/software.nosync/jams-journal-app/node_modules as its parent node_modules
6760 verbose linkBins validate-npm-package-name@5.0.1
6761 verbose linkMans validate-npm-package-name@5.0.1
6762 verbose rebuildBundles validate-npm-package-name@5.0.1
6763 info install validate-npm-package-name@5.0.1
6764 info postinstall validate-npm-package-name@5.0.1
6765 verbose rebuild bundle /Users/Duffis/Desktop/software.nosync/jams-journal-app/node_modules/vary
6766 info build /Users/Duffis/Desktop/software.nosync/jams-journal-app/node_modules/vary
6767 info preinstall vary@1.1.2
6768 info linkStuff vary@1.1.2
6769 silly linkStuff vary@1.1.2 has /Users/Duffis/Desktop/software.nosync/jams-journal-app/node_modules as its parent node_modules
6770 verbose linkBins vary@1.1.2
6771 verbose linkMans vary@1.1.2
6772 verbose rebuildBundles vary@1.1.2
6773 info install vary@1.1.2
6774 info postinstall vary@1.1.2
6775 verbose rebuild bundle /Users/Duffis/Desktop/software.nosync/jams-journal-app/node_modules/vlq
6776 info build /Users/Duffis/Desktop/software.nosync/jams-journal-app/node_modules/vlq
6777 info preinstall vlq@1.0.1
6778 info linkStuff vlq@1.0.1
6779 silly linkStuff vlq@1.0.1 has /Users/Duffis/Desktop/software.nosync/jams-journal-app/node_modules as its parent node_modules
6780 verbose linkBins vlq@1.0.1
6781 verbose linkMans vlq@1.0.1
6782 verbose rebuildBundles vlq@1.0.1
6783 info install vlq@1.0.1
6784 info postinstall vlq@1.0.1
6785 verbose rebuild bundle /Users/Duffis/Desktop/software.nosync/jams-journal-app/node_modules/walker
6786 info build /Users/Duffis/Desktop/software.nosync/jams-journal-app/node_modules/walker
6787 info preinstall walker@1.0.8
6788 info linkStuff walker@1.0.8
6789 silly linkStuff walker@1.0.8 has /Users/Duffis/Desktop/software.nosync/jams-journal-app/node_modules as its parent node_modules
6790 verbose linkBins walker@1.0.8
6791 verbose linkMans walker@1.0.8
6792 verbose rebuildBundles walker@1.0.8
6793 info install walker@1.0.8
6794 info postinstall walker@1.0.8
6795 verbose rebuild bundle /Users/Duffis/Desktop/software.nosync/jams-journal-app/node_modules/warn-once
6796 info build /Users/Duffis/Desktop/software.nosync/jams-journal-app/node_modules/warn-once
6797 info preinstall warn-once@0.1.1
6798 info linkStuff warn-once@0.1.1
6799 silly linkStuff warn-once@0.1.1 has /Users/Duffis/Desktop/software.nosync/jams-journal-app/node_modules as its parent node_modules
6800 verbose linkBins warn-once@0.1.1
6801 verbose linkMans warn-once@0.1.1
6802 verbose rebuildBundles warn-once@0.1.1
6803 info install warn-once@0.1.1
6804 info postinstall warn-once@0.1.1
6805 verbose rebuild bundle /Users/Duffis/Desktop/software.nosync/jams-journal-app/node_modules/wcwidth
6806 info build /Users/Duffis/Desktop/software.nosync/jams-journal-app/node_modules/wcwidth
6807 info preinstall wcwidth@1.0.1
6808 info linkStuff wcwidth@1.0.1
6809 silly linkStuff wcwidth@1.0.1 has /Users/Duffis/Desktop/software.nosync/jams-journal-app/node_modules as its parent node_modules
6810 verbose linkBins wcwidth@1.0.1
6811 verbose linkMans wcwidth@1.0.1
6812 verbose rebuildBundles wcwidth@1.0.1
6813 info install wcwidth@1.0.1
6814 info postinstall wcwidth@1.0.1
6815 verbose rebuild bundle /Users/Duffis/Desktop/software.nosync/jams-journal-app/node_modules/webidl-conversions
6816 info build /Users/Duffis/Desktop/software.nosync/jams-journal-app/node_modules/webidl-conversions
6817 info preinstall webidl-conversions@3.0.1
6818 info linkStuff webidl-conversions@3.0.1
6819 silly linkStuff webidl-conversions@3.0.1 has /Users/Duffis/Desktop/software.nosync/jams-journal-app/node_modules as its parent node_modules
6820 verbose linkBins webidl-conversions@3.0.1
6821 verbose linkMans webidl-conversions@3.0.1
6822 verbose rebuildBundles webidl-conversions@3.0.1
6823 info install webidl-conversions@3.0.1
6824 info postinstall webidl-conversions@3.0.1
6825 verbose rebuild bundle /Users/Duffis/Desktop/software.nosync/jams-journal-app/node_modules/whatwg-fetch
6826 info build /Users/Duffis/Desktop/software.nosync/jams-journal-app/node_modules/whatwg-fetch
6827 info preinstall whatwg-fetch@3.6.20
6828 info linkStuff whatwg-fetch@3.6.20
6829 silly linkStuff whatwg-fetch@3.6.20 has /Users/Duffis/Desktop/software.nosync/jams-journal-app/node_modules as its parent node_modules
6830 verbose linkBins whatwg-fetch@3.6.20
6831 verbose linkMans whatwg-fetch@3.6.20
6832 verbose rebuildBundles whatwg-fetch@3.6.20
6833 info install whatwg-fetch@3.6.20
6834 info postinstall whatwg-fetch@3.6.20
6835 verbose rebuild bundle /Users/Duffis/Desktop/software.nosync/jams-journal-app/node_modules/whatwg-url
6836 info build /Users/Duffis/Desktop/software.nosync/jams-journal-app/node_modules/whatwg-url
6837 info preinstall whatwg-url@5.0.0
6838 info linkStuff whatwg-url@5.0.0
6839 silly linkStuff whatwg-url@5.0.0 has /Users/Duffis/Desktop/software.nosync/jams-journal-app/node_modules as its parent node_modules
6840 verbose linkBins whatwg-url@5.0.0
6841 verbose linkMans whatwg-url@5.0.0
6842 verbose rebuildBundles whatwg-url@5.0.0
6843 info install whatwg-url@5.0.0
6844 info postinstall whatwg-url@5.0.0
6845 verbose rebuild bundle /Users/Duffis/Desktop/software.nosync/jams-journal-app/node_modules/whatwg-url-without-unicode
6846 info build /Users/Duffis/Desktop/software.nosync/jams-journal-app/node_modules/whatwg-url-without-unicode
6847 info preinstall whatwg-url-without-unicode@8.0.0-3
6848 info linkStuff whatwg-url-without-unicode@8.0.0-3
6849 silly linkStuff whatwg-url-without-unicode@8.0.0-3 has /Users/Duffis/Desktop/software.nosync/jams-journal-app/node_modules as its parent node_modules
6850 verbose linkBins whatwg-url-without-unicode@8.0.0-3
6851 verbose linkMans whatwg-url-without-unicode@8.0.0-3
6852 verbose rebuildBundles whatwg-url-without-unicode@8.0.0-3
6853 verbose rebuildBundles [ 'webidl-conversions' ]
6854 info install whatwg-url-without-unicode@8.0.0-3
6855 info postinstall whatwg-url-without-unicode@8.0.0-3
6856 verbose rebuild bundle /Users/Duffis/Desktop/software.nosync/jams-journal-app/node_modules/which
6857 info build /Users/Duffis/Desktop/software.nosync/jams-journal-app/node_modules/which
6858 info preinstall which@2.0.2
6859 info linkStuff which@2.0.2
6860 silly linkStuff which@2.0.2 has /Users/Duffis/Desktop/software.nosync/jams-journal-app/node_modules as its parent node_modules
6861 verbose linkBins which@2.0.2
6862 verbose link bins [
6862 verbose link bins   { 'node-which': './bin/node-which' },
6862 verbose link bins   '/Users/Duffis/Desktop/software.nosync/jams-journal-app/node_modules/.bin',
6862 verbose link bins   false
6862 verbose link bins ]
6863 verbose linkMans which@2.0.2
6864 verbose rebuildBundles which@2.0.2
6865 silly gentlyRm /Users/Duffis/Desktop/software.nosync/jams-journal-app/node_modules/.bin/node-which is being purged
6866 verbose gentlyRm don't care about contents; nuking /Users/Duffis/Desktop/software.nosync/jams-journal-app/node_modules/.bin/node-which
6867 silly vacuum-fs purging /Users/Duffis/Desktop/software.nosync/jams-journal-app/node_modules/.bin/node-which
6868 silly vacuum-fs quitting because other entries in /Users/Duffis/Desktop/software.nosync/jams-journal-app/node_modules/.bin
6869 info install which@2.0.2
6870 info postinstall which@2.0.2
6871 verbose rebuild bundle /Users/Duffis/Desktop/software.nosync/jams-journal-app/node_modules/which-module
6872 info build /Users/Duffis/Desktop/software.nosync/jams-journal-app/node_modules/which-module
6873 info preinstall which-module@2.0.1
6874 info linkStuff which-module@2.0.1
6875 silly linkStuff which-module@2.0.1 has /Users/Duffis/Desktop/software.nosync/jams-journal-app/node_modules as its parent node_modules
6876 verbose linkBins which-module@2.0.1
6877 verbose linkMans which-module@2.0.1
6878 verbose rebuildBundles which-module@2.0.1
6879 info install which-module@2.0.1
6880 info postinstall which-module@2.0.1
6881 verbose rebuild bundle /Users/Duffis/Desktop/software.nosync/jams-journal-app/node_modules/wonka
6882 info build /Users/Duffis/Desktop/software.nosync/jams-journal-app/node_modules/wonka
6883 info preinstall wonka@6.3.5
6884 info linkStuff wonka@6.3.5
6885 silly linkStuff wonka@6.3.5 has /Users/Duffis/Desktop/software.nosync/jams-journal-app/node_modules as its parent node_modules
6886 verbose linkBins wonka@6.3.5
6887 verbose linkMans wonka@6.3.5
6888 verbose rebuildBundles wonka@6.3.5
6889 info install wonka@6.3.5
6890 info postinstall wonka@6.3.5
6891 verbose rebuild bundle /Users/Duffis/Desktop/software.nosync/jams-journal-app/node_modules/wrap-ansi
6892 info build /Users/Duffis/Desktop/software.nosync/jams-journal-app/node_modules/wrap-ansi
6893 info preinstall wrap-ansi@7.0.0
6894 info linkStuff wrap-ansi@7.0.0
6895 silly linkStuff wrap-ansi@7.0.0 has /Users/Duffis/Desktop/software.nosync/jams-journal-app/node_modules as its parent node_modules
6896 verbose linkBins wrap-ansi@7.0.0
6897 verbose linkMans wrap-ansi@7.0.0
6898 verbose rebuildBundles wrap-ansi@7.0.0
6899 verbose rebuildBundles [
6899 verbose rebuildBundles   'emoji-regex',
6899 verbose rebuildBundles   'is-fullwidth-code-point',
6899 verbose rebuildBundles   'string-width',
6899 verbose rebuildBundles   'strip-ansi'
6899 verbose rebuildBundles ]
6900 verbose rebuild bundle /Users/Duffis/Desktop/software.nosync/jams-journal-app/node_modules/wrap-ansi/node_modules/emoji-regex
6901 info build /Users/Duffis/Desktop/software.nosync/jams-journal-app/node_modules/wrap-ansi/node_modules/emoji-regex
6902 info preinstall emoji-regex@8.0.0
6903 info linkStuff emoji-regex@8.0.0
6904 silly linkStuff emoji-regex@8.0.0 has /Users/Duffis/Desktop/software.nosync/jams-journal-app/node_modules/wrap-ansi/node_modules as its parent node_modules
6905 verbose linkBins emoji-regex@8.0.0
6906 verbose linkMans emoji-regex@8.0.0
6907 verbose rebuildBundles emoji-regex@8.0.0
6908 info install emoji-regex@8.0.0
6909 info postinstall emoji-regex@8.0.0
6910 verbose rebuild bundle /Users/Duffis/Desktop/software.nosync/jams-journal-app/node_modules/wrap-ansi/node_modules/is-fullwidth-code-point
6911 info build /Users/Duffis/Desktop/software.nosync/jams-journal-app/node_modules/wrap-ansi/node_modules/is-fullwidth-code-point
6912 info preinstall is-fullwidth-code-point@3.0.0
6913 info linkStuff is-fullwidth-code-point@3.0.0
6914 silly linkStuff is-fullwidth-code-point@3.0.0 has /Users/Duffis/Desktop/software.nosync/jams-journal-app/node_modules/wrap-ansi/node_modules as its parent node_modules
6915 verbose linkBins is-fullwidth-code-point@3.0.0
6916 verbose linkMans is-fullwidth-code-point@3.0.0
6917 verbose rebuildBundles is-fullwidth-code-point@3.0.0
6918 info install is-fullwidth-code-point@3.0.0
6919 info postinstall is-fullwidth-code-point@3.0.0
6920 info install wrap-ansi@7.0.0
6921 info postinstall wrap-ansi@7.0.0
6922 verbose rebuild bundle /Users/Duffis/Desktop/software.nosync/jams-journal-app/node_modules/wrappy
6923 info build /Users/Duffis/Desktop/software.nosync/jams-journal-app/node_modules/wrappy
6924 info preinstall wrappy@1.0.2
6925 info linkStuff wrappy@1.0.2
6926 silly linkStuff wrappy@1.0.2 has /Users/Duffis/Desktop/software.nosync/jams-journal-app/node_modules as its parent node_modules
6927 verbose linkBins wrappy@1.0.2
6928 verbose linkMans wrappy@1.0.2
6929 verbose rebuildBundles wrappy@1.0.2
6930 info install wrappy@1.0.2
6931 info postinstall wrappy@1.0.2
6932 verbose rebuild bundle /Users/Duffis/Desktop/software.nosync/jams-journal-app/node_modules/write-file-atomic
6933 info build /Users/Duffis/Desktop/software.nosync/jams-journal-app/node_modules/write-file-atomic
6934 info preinstall write-file-atomic@4.0.2
6935 info linkStuff write-file-atomic@4.0.2
6936 silly linkStuff write-file-atomic@4.0.2 has /Users/Duffis/Desktop/software.nosync/jams-journal-app/node_modules as its parent node_modules
6937 verbose linkBins write-file-atomic@4.0.2
6938 verbose linkMans write-file-atomic@4.0.2
6939 verbose rebuildBundles write-file-atomic@4.0.2
6940 info install write-file-atomic@4.0.2
6941 info postinstall write-file-atomic@4.0.2
6942 verbose rebuild bundle /Users/Duffis/Desktop/software.nosync/jams-journal-app/node_modules/ws
6943 info build /Users/Duffis/Desktop/software.nosync/jams-journal-app/node_modules/ws
6944 info preinstall ws@6.2.3
6945 info linkStuff ws@6.2.3
6946 silly linkStuff ws@6.2.3 has /Users/Duffis/Desktop/software.nosync/jams-journal-app/node_modules as its parent node_modules
6947 verbose linkBins ws@6.2.3
6948 verbose linkMans ws@6.2.3
6949 verbose rebuildBundles ws@6.2.3
6950 info install ws@6.2.3
6951 info postinstall ws@6.2.3
6952 verbose rebuild bundle /Users/Duffis/Desktop/software.nosync/jams-journal-app/node_modules/xcode
6953 info build /Users/Duffis/Desktop/software.nosync/jams-journal-app/node_modules/xcode
6954 info preinstall xcode@3.0.1
6955 info linkStuff xcode@3.0.1
6956 silly linkStuff xcode@3.0.1 has /Users/Duffis/Desktop/software.nosync/jams-journal-app/node_modules as its parent node_modules
6957 verbose linkBins xcode@3.0.1
6958 verbose linkMans xcode@3.0.1
6959 verbose rebuildBundles xcode@3.0.1
6960 info install xcode@3.0.1
6961 info postinstall xcode@3.0.1
6962 verbose rebuild bundle /Users/Duffis/Desktop/software.nosync/jams-journal-app/node_modules/xml2js
6963 info build /Users/Duffis/Desktop/software.nosync/jams-journal-app/node_modules/xml2js
6964 info preinstall xml2js@0.6.0
6965 info linkStuff xml2js@0.6.0
6966 silly linkStuff xml2js@0.6.0 has /Users/Duffis/Desktop/software.nosync/jams-journal-app/node_modules as its parent node_modules
6967 verbose linkBins xml2js@0.6.0
6968 verbose linkMans xml2js@0.6.0
6969 verbose rebuildBundles xml2js@0.6.0
6970 verbose rebuildBundles [ 'xmlbuilder' ]
6971 info install xml2js@0.6.0
6972 info postinstall xml2js@0.6.0
6973 verbose rebuild bundle /Users/Duffis/Desktop/software.nosync/jams-journal-app/node_modules/xmlbuilder
6974 info build /Users/Duffis/Desktop/software.nosync/jams-journal-app/node_modules/xmlbuilder
6975 info preinstall xmlbuilder@15.1.1
6976 info linkStuff xmlbuilder@15.1.1
6977 silly linkStuff xmlbuilder@15.1.1 has /Users/Duffis/Desktop/software.nosync/jams-journal-app/node_modules as its parent node_modules
6978 verbose linkBins xmlbuilder@15.1.1
6979 verbose linkMans xmlbuilder@15.1.1
6980 verbose rebuildBundles xmlbuilder@15.1.1
6981 info install xmlbuilder@15.1.1
6982 info postinstall xmlbuilder@15.1.1
6983 verbose rebuild bundle /Users/Duffis/Desktop/software.nosync/jams-journal-app/node_modules/xtend
6984 info build /Users/Duffis/Desktop/software.nosync/jams-journal-app/node_modules/xtend
6985 info preinstall xtend@4.0.2
6986 info linkStuff xtend@4.0.2
6987 silly linkStuff xtend@4.0.2 has /Users/Duffis/Desktop/software.nosync/jams-journal-app/node_modules as its parent node_modules
6988 verbose linkBins xtend@4.0.2
6989 verbose linkMans xtend@4.0.2
6990 verbose rebuildBundles xtend@4.0.2
6991 info install xtend@4.0.2
6992 info postinstall xtend@4.0.2
6993 verbose rebuild bundle /Users/Duffis/Desktop/software.nosync/jams-journal-app/node_modules/y18n
6994 info build /Users/Duffis/Desktop/software.nosync/jams-journal-app/node_modules/y18n
6995 info preinstall y18n@5.0.8
6996 info linkStuff y18n@5.0.8
6997 silly linkStuff y18n@5.0.8 has /Users/Duffis/Desktop/software.nosync/jams-journal-app/node_modules as its parent node_modules
6998 verbose linkBins y18n@5.0.8
6999 verbose linkMans y18n@5.0.8
7000 verbose rebuildBundles y18n@5.0.8
7001 info install y18n@5.0.8
7002 info postinstall y18n@5.0.8
7003 verbose rebuild bundle /Users/Duffis/Desktop/software.nosync/jams-journal-app/node_modules/yallist
7004 info build /Users/Duffis/Desktop/software.nosync/jams-journal-app/node_modules/yallist
7005 info preinstall yallist@3.1.1
7006 info linkStuff yallist@3.1.1
7007 silly linkStuff yallist@3.1.1 has /Users/Duffis/Desktop/software.nosync/jams-journal-app/node_modules as its parent node_modules
7008 verbose linkBins yallist@3.1.1
7009 verbose linkMans yallist@3.1.1
7010 verbose rebuildBundles yallist@3.1.1
7011 info install yallist@3.1.1
7012 info postinstall yallist@3.1.1
7013 verbose rebuild bundle /Users/Duffis/Desktop/software.nosync/jams-journal-app/node_modules/yaml
7014 info build /Users/Duffis/Desktop/software.nosync/jams-journal-app/node_modules/yaml
7015 info preinstall yaml@2.8.2
7016 info linkStuff yaml@2.8.2
7017 silly linkStuff yaml@2.8.2 has /Users/Duffis/Desktop/software.nosync/jams-journal-app/node_modules as its parent node_modules
7018 verbose linkBins yaml@2.8.2
7019 verbose link bins [
7019 verbose link bins   { yaml: './bin.mjs' },
7019 verbose link bins   '/Users/Duffis/Desktop/software.nosync/jams-journal-app/node_modules/.bin',
7019 verbose link bins   false
7019 verbose link bins ]
7020 verbose linkMans yaml@2.8.2
7021 verbose rebuildBundles yaml@2.8.2
7022 silly gentlyRm /Users/Duffis/Desktop/software.nosync/jams-journal-app/node_modules/.bin/yaml is being purged
7023 verbose gentlyRm don't care about contents; nuking /Users/Duffis/Desktop/software.nosync/jams-journal-app/node_modules/.bin/yaml
7024 silly vacuum-fs purging /Users/Duffis/Desktop/software.nosync/jams-journal-app/node_modules/.bin/yaml
7025 silly vacuum-fs quitting because other entries in /Users/Duffis/Desktop/software.nosync/jams-journal-app/node_modules/.bin
7026 info install yaml@2.8.2
7027 info postinstall yaml@2.8.2
7028 verbose rebuild bundle /Users/Duffis/Desktop/software.nosync/jams-journal-app/node_modules/yargs
7029 info build /Users/Duffis/Desktop/software.nosync/jams-journal-app/node_modules/yargs
7030 info preinstall yargs@17.7.2
7031 info linkStuff yargs@17.7.2
7032 silly linkStuff yargs@17.7.2 has /Users/Duffis/Desktop/software.nosync/jams-journal-app/node_modules as its parent node_modules
7033 verbose linkBins yargs@17.7.2
7034 verbose linkMans yargs@17.7.2
7035 verbose rebuildBundles yargs@17.7.2
7036 verbose rebuildBundles [
7036 verbose rebuildBundles   'emoji-regex',
7036 verbose rebuildBundles   'is-fullwidth-code-point',
7036 verbose rebuildBundles   'string-width',
7036 verbose rebuildBundles   'strip-ansi'
7036 verbose rebuildBundles ]
7037 verbose rebuild bundle /Users/Duffis/Desktop/software.nosync/jams-journal-app/node_modules/yargs/node_modules/emoji-regex
7038 info build /Users/Duffis/Desktop/software.nosync/jams-journal-app/node_modules/yargs/node_modules/emoji-regex
7039 info preinstall emoji-regex@8.0.0
7040 info linkStuff emoji-regex@8.0.0
7041 silly linkStuff emoji-regex@8.0.0 has /Users/Duffis/Desktop/software.nosync/jams-journal-app/node_modules/yargs/node_modules as its parent node_modules
7042 verbose linkBins emoji-regex@8.0.0
7043 verbose linkMans emoji-regex@8.0.0
7044 verbose rebuildBundles emoji-regex@8.0.0
7045 info install emoji-regex@8.0.0
7046 info postinstall emoji-regex@8.0.0
7047 verbose rebuild bundle /Users/Duffis/Desktop/software.nosync/jams-journal-app/node_modules/yargs/node_modules/is-fullwidth-code-point
7048 info build /Users/Duffis/Desktop/software.nosync/jams-journal-app/node_modules/yargs/node_modules/is-fullwidth-code-point
7049 info preinstall is-fullwidth-code-point@3.0.0
7050 info linkStuff is-fullwidth-code-point@3.0.0
7051 silly linkStuff is-fullwidth-code-point@3.0.0 has /Users/Duffis/Desktop/software.nosync/jams-journal-app/node_modules/yargs/node_modules as its parent node_modules
7052 verbose linkBins is-fullwidth-code-point@3.0.0
7053 verbose linkMans is-fullwidth-code-point@3.0.0
7054 verbose rebuildBundles is-fullwidth-code-point@3.0.0
7055 info install is-fullwidth-code-point@3.0.0
7056 info postinstall is-fullwidth-code-point@3.0.0
7057 verbose rebuild bundle /Users/Duffis/Desktop/software.nosync/jams-journal-app/node_modules/yargs/node_modules/strip-ansi
7058 info build /Users/Duffis/Desktop/software.nosync/jams-journal-app/node_modules/yargs/node_modules/strip-ansi
7059 info preinstall strip-ansi@6.0.1
7060 info linkStuff strip-ansi@6.0.1
7061 silly linkStuff strip-ansi@6.0.1 has /Users/Duffis/Desktop/software.nosync/jams-journal-app/node_modules/yargs/node_modules as its parent node_modules
7062 verbose linkBins strip-ansi@6.0.1
7063 verbose linkMans strip-ansi@6.0.1
7064 verbose rebuildBundles strip-ansi@6.0.1
7065 info install strip-ansi@6.0.1
7066 info postinstall strip-ansi@6.0.1
7067 info install yargs@17.7.2
7068 info postinstall yargs@17.7.2
7069 verbose rebuild bundle /Users/Duffis/Desktop/software.nosync/jams-journal-app/node_modules/yargs-parser
7070 info build /Users/Duffis/Desktop/software.nosync/jams-journal-app/node_modules/yargs-parser
7071 info preinstall yargs-parser@21.1.1
7072 info linkStuff yargs-parser@21.1.1
7073 silly linkStuff yargs-parser@21.1.1 has /Users/Duffis/Desktop/software.nosync/jams-journal-app/node_modules as its parent node_modules
7074 verbose linkBins yargs-parser@21.1.1
7075 verbose linkMans yargs-parser@21.1.1
7076 verbose rebuildBundles yargs-parser@21.1.1
7077 info install yargs-parser@21.1.1
7078 info postinstall yargs-parser@21.1.1
7079 verbose rebuild bundle /Users/Duffis/Desktop/software.nosync/jams-journal-app/node_modules/yocto-queue
7080 info build /Users/Duffis/Desktop/software.nosync/jams-journal-app/node_modules/yocto-queue
7081 info preinstall yocto-queue@0.1.0
7082 info linkStuff yocto-queue@0.1.0
7083 silly linkStuff yocto-queue@0.1.0 has /Users/Duffis/Desktop/software.nosync/jams-journal-app/node_modules as its parent node_modules
7084 verbose linkBins yocto-queue@0.1.0
7085 verbose linkMans yocto-queue@0.1.0
7086 verbose rebuildBundles yocto-queue@0.1.0
7087 info install yocto-queue@0.1.0
7088 info postinstall yocto-queue@0.1.0
7089 verbose rebuild bundle /Users/Duffis/Desktop/software.nosync/jams-journal-app/node_modules/zen-observable
7090 info build /Users/Duffis/Desktop/software.nosync/jams-journal-app/node_modules/zen-observable
7091 info preinstall zen-observable@0.8.15
7092 info linkStuff zen-observable@0.8.15
7093 silly linkStuff zen-observable@0.8.15 has /Users/Duffis/Desktop/software.nosync/jams-journal-app/node_modules as its parent node_modules
7094 verbose linkBins zen-observable@0.8.15
7095 verbose linkMans zen-observable@0.8.15
7096 verbose rebuildBundles zen-observable@0.8.15
7097 info install zen-observable@0.8.15
7098 info postinstall zen-observable@0.8.15
7099 verbose rebuild bundle /Users/Duffis/Desktop/software.nosync/jams-journal-app/node_modules/zen-observable-ts
7100 info build /Users/Duffis/Desktop/software.nosync/jams-journal-app/node_modules/zen-observable-ts
7101 info preinstall zen-observable-ts@1.2.5
7102 info linkStuff zen-observable-ts@1.2.5
7103 silly linkStuff zen-observable-ts@1.2.5 has /Users/Duffis/Desktop/software.nosync/jams-journal-app/node_modules as its parent node_modules
7104 verbose linkBins zen-observable-ts@1.2.5
7105 verbose linkMans zen-observable-ts@1.2.5
7106 verbose rebuildBundles zen-observable-ts@1.2.5
7107 info install zen-observable-ts@1.2.5
7108 info postinstall zen-observable-ts@1.2.5
7109 info install jams-journal-app@1.0.0
7110 info postinstall jams-journal-app@1.0.0
7111 info prepublish jams-journal-app@1.0.0
7112 verbose validateInstall loading /Users/Duffis/Desktop/software.nosync/jams-journal-app/package.json for validation
7113 verbose stack Error: The package @rneui/base@4.0.0-rc.8 does not satisfy its siblings' peerDependencies requirements!
7113 verbose stack     at /Users/Duffis/node_modules/npm/lib/install.js:125:32
7113 verbose stack     at /Users/Duffis/node_modules/npm/lib/install.js:268:7
7113 verbose stack     at /Users/Duffis/node_modules/npm/node_modules/read-installed/read-installed.js:142:5
7113 verbose stack     at /Users/Duffis/node_modules/npm/node_modules/read-installed/read-installed.js:263:14
7113 verbose stack     at cb (/Users/Duffis/node_modules/npm/node_modules/slide/lib/async-map.js:47:24)
7113 verbose stack     at /Users/Duffis/node_modules/npm/node_modules/read-installed/read-installed.js:263:14
7113 verbose stack     at cb (/Users/Duffis/node_modules/npm/node_modules/slide/lib/async-map.js:47:24)
7113 verbose stack     at /Users/Duffis/node_modules/npm/node_modules/read-installed/read-installed.js:263:14
7113 verbose stack     at cb (/Users/Duffis/node_modules/npm/node_modules/slide/lib/async-map.js:47:24)
7113 verbose stack     at /Users/Duffis/node_modules/npm/node_modules/read-installed/read-installed.js:263:14
7114 verbose cwd /Users/Duffis/Desktop/software.nosync/jams-journal-app
7115 error Darwin 25.4.0
7116 error argv "/opt/homebrew/Cellar/node/25.2.1/bin/node" "/Users/Duffis/node_modules/.bin/npm" "install"
7117 error node v25.2.1
7118 error npm  v2.15.12
7119 error code EPEERINVALID
7120 error peerinvalid The package @rneui/base@4.0.0-rc.8 does not satisfy its siblings' peerDependencies requirements!
7120 error peerinvalid Peer @rneui/themed@4.0.0-rc.8 wants @rneui/base@4.0.0-rc.7
7121 verbose exit [ 1, true ]
